Div,Date,HomeTeam,AwayTeam,FTHG,FTAG,FTR,HTHG,HTAG,HTR,HS,AS,HST,AST,HC,AC,HF,AF,HY,AY,HR,AR,B365H,B365D,B365A,shot_diff,on_target_diff,corner_diff,foul_diff,yellow_diff,red_diff
SP1,2018-08-17,Betis,Levante,0,3,A,0,1,A,22,6,8,4,5,3,10,10,0,2,0,0,1.66,4.0,5.0,16,4,2,0,-2,0
SP1,2018-08-17,Girona,Valladolid,0,0,D,0,0,D,13,2,1,1,3,2,21,20,1,1,0,0,1.75,3.6,5.0,11,0,1,1,0,0
SP1,2018-08-18,Celta,Espanol,1,1,D,0,1,A,12,14,2,5,8,7,13,14,3,2,0,0,1.85,3.5,4.5,-2,-3,1,-1,1,0
SP1,2018-08-18,Barcelona,Alaves,3,0,H,0,0,D,25,3,9,0,7,1,6,13,0,2,0,0,1.11,10.0,21.0,22,9,6,-7,-2,0
SP1,2018-08-18,Villarreal,Sociedad,1,2,A,1,1,D,16,8,7,4,4,6,16,10,2,3,0,0,2.04,3.4,3.8,8,3,-2,6,-1,0
SP1,2018-08-19,Vallecano,Sevilla,1,4,A,0,3,A,13,17,2,8,2,6,6,15,1,0,0,0,3.25,3.6,2.14,-4,-6,-4,-9,1,0
SP1,2018-08-19,Eibar,Huesca,1,2,A,0,2,A,18,8,6,6,7,0,12,13,1,1,0,0,1.66,3.75,5.5,10,0,7,-1,0,0
SP1,2018-08-19,Real Madrid,Getafe,2,0,H,1,0,H,10,4,3,1,3,0,11,27,1,7,0,0,1.2,7.0,13.0,6,2,3,-16,-6,0
SP1,2018-08-20,Ath Bilbao,Leganes,2,1,H,1,1,D,17,12,5,2,6,2,12,13,4,5,0,0,1.75,3.3,5.5,5,3,4,-1,-1,0
SP1,2018-08-20,Valencia,Ath Madrid,1,1,D,0,1,A,13,9,4,3,4,10,10,15,2,3,0,0,3.0,3.2,2.5,4,1,-6,-5,-1,0
SP1,2018-08-24,Getafe,Eibar,2,0,H,1,0,H,7,9,4,0,5,5,14,11,2,1,0,0,1.95,3.2,4.33,-2,4,0,3,1,0
SP1,2018-08-24,Leganes,Sociedad,2,2,D,0,2,A,18,7,5,6,5,0,12,9,1,2,0,0,3.5,3.3,2.1,11,-1,5,3,-1,0
SP1,2018-08-25,Alaves,Betis,0,0,D,0,0,D,16,13,4,5,5,6,17,15,3,1,0,0,2.8,3.25,2.6,3,-1,-1,2,2,0
SP1,2018-08-25,Ath Madrid,Vallecano,1,0,H,0,0,D,9,13,2,3,8,5,7,8,1,1,0,0,1.16,7.0,21.0,-4,-1,3,-1,0,0
SP1,2018-08-25,Valladolid,Barcelona,0,1,A,0,0,D,7,10,4,5,6,10,13,11,1,1,0,0,17.0,7.5,1.16,-3,-1,-4,2,0,0
SP1,2018-08-26,Espanol,Valencia,2,0,H,0,0,D,19,16,9,4,6,10,16,12,1,1,0,0,3.25,3.2,2.37,3,5,-4,4,0,0
SP1,2018-08-26,Girona,Real Madrid,1,4,A,1,1,D,10,20,5,8,4,7,13,11,2,3,0,0,8.0,5.5,1.36,-10,-3,-3,2,-1,0
SP1,2018-08-26,Sevilla,Villarreal,0,0,D,0,0,D,19,14,2,6,4,5,13,14,3,2,0,0,1.72,4.2,4.33,5,-4,-1,-1,1,0
SP1,2018-08-27,Ath Bilbao,Huesca,2,2,D,0,0,D,14,9,4,4,3,2,17,17,2,2,0,0,1.61,3.6,6.5,5,0,1,0,0,0
SP1,2018-08-27,Levante,Celta,1,2,A,0,2,A,15,21,6,9,7,7,14,8,2,3,0,0,2.4,3.25,3.0,-6,-3,0,6,-1,0
SP1,2018-08-31,Villarreal,Girona,0,1,A,0,0,D,13,14,3,6,7,2,15,11,3,2,0,0,1.57,4.0,6.0,-1,-3,5,4,1,0
SP1,2018-08-31,Eibar,Sociedad,2,1,H,1,1,D,8,7,2,2,4,2,18,15,3,2,0,0,2.75,3.25,2.62,1,0,2,3,1,0
SP1,2018-08-31,Getafe,Valladolid,0,0,D,0,0,D,12,7,3,4,6,7,22,14,3,1,0,0,1.9,3.2,4.75,5,-1,-1,8,2,0
SP1,2018-09-01,Real Madrid,Leganes,4,1,H,1,1,D,17,8,8,3,8,1,11,11,1,1,0,0,1.12,9.0,21.0,9,5,7,0,0,0
SP1,2018-09-01,Celta,Ath Madrid,2,0,H,0,0,D,10,9,4,0,2,8,12,14,4,5,0,1,5.5,3.4,1.75,1,4,-6,-2,-1,-1
SP1,2018-09-02,Levante,Valencia,2,2,D,2,1,H,13,18,4,5,3,5,14,10,4,2,1,0,3.75,3.4,2.0,-5,-1,-2,4,2,1
SP1,2018-09-02,Alaves,Espanol,2,1,H,0,1,A,8,11,5,7,0,12,19,13,4,3,0,0,2.9,3.1,2.54,-3,-2,-12,6,1,0
SP1,2018-09-02,Barcelona,Huesca,8,2,H,3,2,H,31,7,15,3,9,4,6,12,1,2,0,0,1.08,11.0,29.0,24,12,5,-6,-1,0
SP1,2018-09-02,Betis,Sevilla,1,0,H,0,0,D,11,8,3,2,5,8,15,17,3,6,0,1,2.8,3.5,2.45,3,1,-3,-2,-3,-1
SP1,2018-09-14,Huesca,Vallecano,0,1,A,0,1,A,14,14,4,2,6,3,16,18,2,1,0,0,2.14,3.5,3.4,0,2,3,-2,1,0
SP1,2018-09-15,Ath Bilbao,Real Madrid,1,1,D,1,0,H,11,16,3,6,1,2,18,6,6,2,0,0,6.0,4.33,1.53,-5,-3,-1,12,4,0
SP1,2018-09-15,Ath Madrid,Eibar,1,1,D,0,0,D,18,12,9,3,14,3,5,21,2,2,0,0,1.36,4.33,12.0,6,6,11,-16,0,0
SP1,2018-09-15,Sociedad,Barcelona,1,2,A,1,0,H,8,12,5,6,1,6,18,8,1,1,0,0,7.0,5.25,1.4,-4,-1,-5,10,0,0
SP1,2018-09-15,Valencia,Betis,0,0,D,0,0,D,12,11,2,6,5,4,22,9,6,3,0,0,1.75,3.75,4.75,1,-4,1,13,3,0
SP1,2018-09-16,Sevilla,Getafe,0,2,A,0,2,A,15,10,1,5,7,1,10,22,3,6,0,0,1.55,4.0,7.0,5,-4,6,-12,-3,0
SP1,2018-09-16,Valladolid,Alaves,0,1,A,0,0,D,15,10,5,4,7,2,9,12,3,2,0,0,2.2,3.1,3.6,5,1,5,-3,1,0
SP1,2018-09-16,Espanol,Levante,1,0,H,0,0,D,22,16,9,4,5,4,17,13,1,2,0,0,1.72,3.6,5.25,6,5,1,4,-1,0
SP1,2018-09-16,Leganes,Villarreal,0,1,A,0,0,D,16,9,3,3,6,1,16,9,4,3,0,0,3.0,3.1,2.54,7,0,5,7,1,0
SP1,2018-09-17,Girona,Celta,3,2,H,2,1,H,11,20,6,7,3,1,15,11,1,3,0,1,2.4,3.3,3.0,-9,-1,2,4,-2,-1
SP1,2018-09-21,Huesca,Sociedad,0,1,A,0,0,D,13,7,3,1,7,5,16,12,5,3,0,2,3.6,3.4,2.1,6,2,2,4,2,-2
SP1,2018-09-22,Celta,Valladolid,3,3,D,2,1,H,12,14,5,4,7,8,9,11,2,2,0,0,1.75,3.5,5.25,-2,1,-1,-2,0,0
SP1,2018-09-22,Eibar,Leganes,1,0,H,0,0,D,14,4,3,2,5,2,16,17,1,1,0,0,2.04,3.2,4.0,10,1,3,-1,0,0
SP1,2018-09-22,Getafe,Ath Madrid,0,2,A,0,1,A,11,7,2,4,1,5,12,15,1,2,1,0,5.0,3.3,1.8,4,-2,-4,-3,-1,1
SP1,2018-09-22,Real Madrid,Espanol,1,0,H,1,0,H,19,10,5,3,8,3,5,16,2,2,0,0,1.18,7.0,15.0,9,2,5,-11,0,0
SP1,2018-09-22,Vallecano,Alaves,1,5,A,1,2,A,13,11,4,7,8,4,14,12,1,2,1,0,2.04,3.4,3.6,2,-3,4,2,-1,1
SP1,2018-09-23,Villarreal,Valencia,0,0,D,0,0,D,11,12,1,2,8,6,12,12,4,1,0,1,2.25,3.25,3.3,-1,-1,2,0,3,-1
SP1,2018-09-23,Levante,Sevilla,2,6,A,1,4,A,19,20,10,9,8,4,5,18,1,1,0,0,3.5,3.6,2.04,-1,1,4,-13,0,0
SP1,2018-09-23,Barcelona,Girona,2,2,D,1,1,D,22,7,11,6,8,2,9,16,3,5,1,0,1.08,11.0,21.0,15,5,6,-7,-2,1
SP1,2018-09-23,Betis,Ath Bilbao,2,2,D,0,2,A,15,7,3,4,6,1,13,20,2,7,0,1,2.14,3.3,3.6,8,-1,5,-7,-5,-1
SP1,2018-09-25,Ath Madrid,Huesca,3,0,H,3,0,H,17,8,5,1,4,3,1,14,0,2,0,0,1.22,6.0,15.0,9,4,1,-13,-2,0
SP1,2018-09-25,Espanol,Eibar,1,0,H,0,0,D,9,8,5,1,4,3,8,8,2,2,0,0,1.9,3.3,4.5,1,4,1,0,0,0
SP1,2018-09-25,Sociedad,Vallecano,2,2,D,1,2,A,16,11,6,6,8,5,12,18,4,3,0,0,1.61,4.0,5.5,5,0,3,-6,1,0
SP1,2018-09-26,Ath Bilbao,Villarreal,0,3,A,0,0,D,12,19,2,6,6,4,3,14,1,1,0,0,2.25,3.3,3.3,-7,-4,2,-11,0,0
SP1,2018-09-26,Leganes,Barcelona,2,1,H,0,1,A,10,9,6,5,4,5,15,11,4,2,0,0,12.0,6.0,1.25,1,1,-1,4,2,0
SP1,2018-09-26,Sevilla,Real Madrid,3,0,H,3,0,H,16,21,7,3,5,6,16,12,3,4,0,0,4.33,4.2,1.72,-5,4,-1,4,-1,0
SP1,2018-09-26,Valencia,Celta,1,1,D,1,0,H,14,9,5,3,0,2,18,7,1,3,0,0,1.66,4.0,4.75,5,2,-2,11,-2,0
SP1,2018-09-27,Alaves,Getafe,1,1,D,0,0,D,15,13,2,5,5,7,8,22,4,2,0,0,2.8,3.0,2.75,2,-3,-2,-14,2,0
SP1,2018-09-27,Girona,Betis,0,1,A,0,0,D,8,14,2,6,5,1,17,14,1,3,0,0,2.5,3.3,2.87,-6,-4,4,3,-2,0
SP1,2018-09-27,Valladolid,Levante,2,1,H,0,0,D,20,9,6,4,8,6,17,10,1,4,0,1,2.04,3.5,3.6,11,2,2,7,-3,-1
SP1,2018-09-28,Vallecano,Espanol,2,2,D,1,2,A,11,12,5,5,5,3,13,16,3,3,0,0,2.8,3.3,2.6,-1,0,2,-3,0,0
SP1,2018-09-29,Eibar,Sevilla,1,3,A,0,0,D,15,7,2,5,6,3,16,9,2,3,0,0,3.3,3.4,2.2,8,-3,3,7,-1,0
SP1,2018-09-29,Real Madrid,Ath Madrid,0,0,D,0,0,D,15,8,6,3,8,6,7,17,3,4,0,0,2.0,3.5,3.75,7,3,2,-10,-1,0
SP1,2018-09-29,Sociedad,Valencia,0,1,A,0,1,A,10,9,5,2,3,0,13,18,3,5,0,0,2.2,3.4,3.2,1,3,3,-5,-2,0
SP1,2018-09-29,Barcelona,Ath Bilbao,1,1,D,0,1,A,20,8,8,2,4,3,9,18,3,3,0,0,1.16,7.5,17.0,12,6,1,-9,0,0
SP1,2018-09-30,Betis,Leganes,1,0,H,0,0,D,17,11,4,5,7,1,7,10,0,4,0,0,1.64,3.8,5.5,6,-1,6,-3,-4,0
SP1,2018-09-30,Huesca,Girona,1,1,D,0,1,A,13,14,6,4,5,5,14,14,4,2,0,0,2.5,3.3,2.9,-1,2,0,0,2,0
SP1,2018-09-30,Levante,Alaves,2,1,H,2,1,H,14,14,4,2,9,4,22,19,7,1,0,0,2.14,3.5,3.3,0,2,5,3,6,0
SP1,2018-09-30,Villarreal,Valladolid,0,1,A,0,0,D,27,9,7,3,7,2,17,12,3,3,0,0,1.53,4.0,6.5,18,4,5,5,0,0
SP1,2018-10-01,Celta,Getafe,1,1,D,1,0,H,8,12,2,4,3,9,13,15,2,2,0,0,2.0,3.5,3.8,-4,-2,-6,-2,0,0
SP1,2018-10-05,Ath Bilbao,Sociedad,1,3,A,1,1,D,13,6,5,3,11,0,15,19,6,5,0,0,2.04,3.4,3.8,7,2,11,-4,1,0
SP1,2018-10-06,Leganes,Vallecano,1,0,H,1,0,H,13,6,4,2,6,4,12,12,1,4,0,1,2.0,3.3,4.0,7,2,2,0,-3,-1
SP1,2018-10-06,Alaves,Real Madrid,1,0,H,0,0,D,8,13,4,6,4,3,20,10,1,0,0,0,9.0,4.75,1.36,-5,-2,1,10,1,0
SP1,2018-10-06,Getafe,Levante,0,1,A,0,0,D,15,12,4,3,10,2,17,18,4,5,1,0,1.72,3.6,5.25,3,1,8,-1,-1,1
SP1,2018-10-06,Girona,Eibar,2,3,A,2,2,D,10,12,3,4,4,9,9,17,3,6,0,0,2.1,3.2,3.8,-2,-1,-5,-8,-3,0
SP1,2018-10-07,Ath Madrid,Betis,1,0,H,0,0,D,13,5,5,0,6,4,16,10,5,3,0,0,1.44,4.0,9.0,8,5,2,6,2,0
SP1,2018-10-07,Espanol,Villarreal,3,1,H,1,1,D,28,13,12,6,10,3,13,8,3,2,0,0,2.25,3.2,3.4,15,6,7,5,1,0
SP1,2018-10-07,Sevilla,Celta,2,1,H,1,0,H,12,13,3,5,8,8,14,9,3,4,0,1,1.53,4.33,6.0,-1,-2,0,5,-1,-1
SP1,2018-10-07,Valencia,Barcelona,1,1,D,1,1,D,10,10,3,5,5,2,11,6,2,2,0,0,4.75,4.2,1.64,0,-2,3,5,0,0
SP1,2018-10-07,Valladolid,Huesca,1,0,H,1,0,H,9,11,3,1,6,2,9,13,1,2,0,0,1.9,3.5,4.2,-2,2,4,-4,-1,0
SP1,2018-10-19,Celta,Alaves,0,1,A,0,0,D,19,9,9,2,6,2,9,12,2,3,0,0,1.66,4.0,5.0,10,7,4,-3,-1,0
SP1,2018-10-20,Villarreal,Ath Madrid,1,1,D,0,0,D,18,15,6,4,8,7,16,9,3,1,0,0,3.8,3.1,2.14,3,2,1,7,2,0
SP1,2018-10-20,Valencia,Leganes,1,1,D,0,0,D,18,7,4,5,10,1,9,13,1,2,0,0,1.5,4.0,7.5,11,-1,9,-4,-1,0
SP1,2018-10-20,Barcelona,Sevilla,4,2,H,2,0,H,23,19,9,7,5,7,10,16,0,1,0,0,1.33,6.0,7.5,4,2,-2,-6,-1,0
SP1,2018-10-20,Real Madrid,Levante,1,2,A,0,2,A,34,6,12,2,15,1,10,19,1,2,0,0,1.14,8.5,19.0,28,10,14,-9,-1,0
SP1,2018-10-21,Betis,Valladolid,0,1,A,0,1,A,20,6,4,2,9,6,7,10,0,4,0,0,1.61,3.8,6.0,14,2,3,-3,-4,0
SP1,2018-10-21,Eibar,Ath Bilbao,1,1,D,1,1,D,18,6,6,3,8,2,7,13,2,3,0,0,2.7,3.2,2.75,12,3,6,-6,-1,0
SP1,2018-10-21,Huesca,Espanol,0,2,A,0,1,A,10,6,2,2,6,4,21,14,3,3,0,0,3.5,3.3,2.14,4,0,2,7,0,0
SP1,2018-10-21,Vallecano,Getafe,1,2,A,0,0,D,10,5,3,2,6,2,14,25,5,5,1,0,2.9,3.3,2.5,5,1,4,-11,0,1
SP1,2018-10-22,Sociedad,Girona,0,0,D,0,0,D,14,12,8,2,7,6,14,15,3,1,0,0,1.72,3.75,5.0,2,6,1,-1,2,0
SP1,2018-10-24,Vallecano,Ath Bilbao,1,1,D,1,0,H,11,12,3,4,5,4,14,9,1,1,0,0,3.3,3.3,2.25,-1,-1,1,5,0,0
SP1,2018-10-26,Valladolid,Espanol,1,1,D,0,1,A,15,11,2,4,5,2,16,16,4,2,0,0,3.4,3.1,2.25,4,-2,3,0,2,0
SP1,2018-10-27,Girona,Vallecano,2,1,H,2,0,H,14,14,6,5,4,7,11,16,1,3,1,0,1.85,3.5,4.5,0,1,-3,-5,-2,1
SP1,2018-10-27,Levante,Leganes,2,0,H,1,0,H,9,21,4,6,3,2,12,14,2,2,0,0,2.1,3.25,3.75,-12,-2,1,-2,0,0
SP1,2018-10-27,Ath Madrid,Sociedad,2,0,H,1,0,H,14,7,4,0,10,1,10,7,2,1,0,0,1.53,3.8,7.5,7,4,9,3,1,0
SP1,2018-10-27,Celta,Eibar,4,0,H,2,0,H,10,17,6,5,2,8,9,8,0,0,0,0,2.14,3.3,3.6,-7,1,-6,1,0,0
SP1,2018-10-27,Ath Bilbao,Valencia,0,0,D,0,0,D,13,11,2,3,5,2,25,22,2,5,0,0,2.5,3.3,2.87,2,-1,3,3,-3,0
SP1,2018-10-28,Sevilla,Huesca,2,1,H,0,0,D,15,11,4,2,4,2,9,14,2,3,0,0,1.22,6.5,13.0,4,2,2,-5,-1,0
SP1,2018-10-28,Alaves,Villarreal,2,1,H,0,1,A,19,9,6,2,8,4,9,11,1,1,0,0,3.0,3.2,2.5,10,4,4,-2,0,0
SP1,2018-10-28,Barcelona,Real Madrid,5,1,H,2,0,H,13,15,8,4,4,2,17,14,2,2,0,0,1.95,3.8,3.6,-2,4,2,3,0,0
SP1,2018-10-28,Getafe,Betis,2,0,H,0,0,D,16,7,7,3,5,4,9,14,1,2,0,0,2.4,3.1,3.25,9,4,1,-5,-1,0
SP1,2018-11-03,Real Madrid,Valladolid,2,0,H,0,0,D,16,12,7,2,8,6,14,7,1,0,0,0,1.16,8.0,15.0,4,5,2,7,1,0
SP1,2018-11-03,Valencia,Girona,0,1,A,0,0,D,27,5,9,3,11,2,14,13,4,4,0,0,1.5,4.0,7.5,22,6,9,1,0,0
SP1,2018-11-03,Vallecano,Barcelona,2,3,A,1,1,D,11,9,5,5,3,1,23,11,4,2,0,0,9.5,6.0,1.28,2,0,2,12,2,0
SP1,2018-11-03,Leganes,Ath Madrid,1,1,D,0,0,D,8,9,3,4,4,7,18,12,4,2,0,0,5.75,3.4,1.72,-1,-1,-3,6,2,0
SP1,2018-11-04,Betis,Celta,3,3,D,1,0,H,14,14,6,7,4,4,12,11,4,2,0,0,1.8,3.8,4.5,0,-1,0,1,2,0
SP1,2018-11-04,Eibar,Alaves,2,1,H,0,1,A,23,9,8,3,13,1,11,7,4,0,1,1,2.04,3.3,3.9,14,5,12,4,4,0
SP1,2018-11-04,Huesca,Getafe,1,1,D,0,0,D,18,8,7,2,10,2,18,13,5,3,0,0,3.6,3.3,2.1,10,5,8,5,2,0
SP1,2018-11-04,Sociedad,Sevilla,0,0,D,0,0,D,10,8,1,1,7,7,8,17,1,3,0,0,2.75,3.5,2.45,2,0,0,-9,-2,0
SP1,2018-11-04,Villarreal,Levante,1,1,D,0,0,D,23,13,4,2,5,4,14,10,3,3,0,0,1.55,4.0,6.0,10,2,1,4,0,0
SP1,2018-11-05,Espanol,Ath Bilbao,1,0,H,1,0,H,8,10,3,2,2,1,15,13,1,3,0,0,2.0,3.3,4.0,-2,1,1,2,-2,0
SP1,2018-11-09,Levante,Sociedad,1,3,A,1,0,H,17,15,2,4,6,4,17,12,6,1,0,0,2.62,3.4,2.62,2,-2,2,5,5,0
SP1,2018-11-10,Ath Madrid,Ath Bilbao,3,2,H,0,1,A,9,6,3,5,12,2,8,15,5,4,0,1,1.44,4.0,9.0,3,-2,10,-7,1,-1
SP1,2018-11-10,Getafe,Valencia,0,1,A,0,0,D,17,7,3,3,6,4,23,8,3,3,1,0,2.75,3.1,2.75,10,0,2,15,0,1
SP1,2018-11-10,Girona,Leganes,0,0,D,0,0,D,5,10,0,1,0,6,13,13,1,4,0,0,2.04,3.2,3.75,-5,-1,-6,0,-3,0
SP1,2018-11-10,Valladolid,Eibar,0,0,D,0,0,D,9,16,1,6,4,4,16,15,2,4,0,1,2.3,3.3,3.25,-7,-5,0,1,-2,-1
SP1,2018-11-11,Alaves,Huesca,2,1,H,1,1,D,13,9,5,2,5,4,20,13,3,4,0,0,1.8,3.6,4.33,4,3,1,7,-1,0
SP1,2018-11-11,Barcelona,Betis,3,4,A,0,2,A,20,15,5,8,10,5,13,11,4,2,1,0,1.18,7.0,13.0,5,-3,5,2,2,1
SP1,2018-11-11,Celta,Real Madrid,2,4,A,0,1,A,15,14,4,5,5,1,19,13,4,2,1,0,5.0,4.5,1.55,1,-1,4,6,2,1
SP1,2018-11-11,Sevilla,Espanol,2,1,H,0,1,A,23,15,10,7,6,3,18,10,4,2,0,0,1.75,3.6,4.5,8,3,3,8,2,0
SP1,2018-11-11,Vallecano,Villarreal,2,2,D,1,1,D,15,11,7,5,8,4,7,12,1,3,0,1,3.1,3.4,2.25,4,2,4,-5,-2,-1
SP1,2018-11-23,Leganes,Alaves,1,0,H,1,0,H,13,7,6,2,5,3,10,13,2,4,0,0,2.2,3.1,3.6,6,4,2,-3,-2,0
SP1,2018-11-24,Eibar,Real Madrid,3,0,H,1,0,H,14,9,8,3,5,4,17,8,2,1,0,0,6.0,4.33,1.53,5,5,1,9,1,0
SP1,2018-11-24,Huesca,Levante,2,2,D,1,1,D,32,5,12,3,7,2,11,8,4,3,1,0,2.25,3.4,3.25,27,9,5,3,1,1
SP1,2018-11-24,Valencia,Vallecano,3,0,H,1,0,H,13,13,10,3,6,5,15,14,2,4,0,1,1.44,4.5,7.5,0,7,1,1,-2,-1
SP1,2018-11-24,Ath Madrid,Barcelona,1,1,D,0,0,D,3,8,1,2,2,8,19,12,5,3,0,0,3.0,3.3,2.37,-5,-1,-6,7,2,0
SP1,2018-11-25,Ath Bilbao,Getafe,1,1,D,0,0,D,8,15,4,2,2,2,10,12,5,4,0,0,2.04,3.3,3.9,-7,2,0,-2,1,0
SP1,2018-11-25,Espanol,Girona,1,3,A,0,2,A,18,16,10,11,8,3,16,14,3,4,0,0,1.66,3.6,5.75,2,-1,5,2,-1,0
SP1,2018-11-25,Sevilla,Valladolid,1,0,H,1,0,H,17,13,9,5,8,6,15,15,3,3,0,0,1.4,4.75,8.0,4,4,2,0,0,0
SP1,2018-11-25,Villarreal,Betis,2,1,H,0,0,D,13,13,8,6,5,4,15,13,2,1,0,0,2.14,3.4,3.4,0,2,1,2,1,0
SP1,2018-11-26,Sociedad,Celta,2,1,H,1,0,H,15,6,8,2,6,2,12,14,2,2,0,0,1.85,3.75,4.2,9,6,4,-2,0,0
SP1,2018-11-30,Vallecano,Eibar,1,0,H,0,0,D,5,13,2,5,1,4,15,12,5,3,0,0,3.1,3.3,2.3,-8,-3,-3,3,2,0
SP1,2018-12-01,Valladolid,Leganes,2,4,A,0,2,A,20,14,6,5,6,5,5,13,0,3,0,0,2.37,3.1,3.3,6,1,1,-8,-3,0
SP1,2018-12-01,Getafe,Espanol,3,0,H,0,0,D,14,8,5,2,7,4,17,16,3,2,0,0,2.4,2.87,3.4,6,3,3,1,1,0
SP1,2018-12-01,Celta,Huesca,2,0,H,1,0,H,12,8,5,3,4,4,14,14,2,3,0,0,1.64,4.0,5.0,4,2,0,0,-1,0
SP1,2018-12-01,Real Madrid,Valencia,2,0,H,1,0,H,13,7,3,2,2,2,11,10,1,3,0,0,1.44,4.75,7.0,6,1,0,1,-2,0
SP1,2018-12-02,Alaves,Sevilla,1,1,D,1,0,H,11,14,3,3,2,5,21,14,3,3,0,0,3.6,3.6,2.0,-3,0,-3,7,0,0
SP1,2018-12-02,Barcelona,Villarreal,2,0,H,1,0,H,16,12,7,2,11,1,9,17,2,4,0,0,1.25,6.5,11.0,4,5,10,-8,-2,0
SP1,2018-12-02,Betis,Sociedad,1,0,H,1,0,H,6,6,4,4,6,4,18,18,4,2,0,0,2.2,3.3,3.4,0,0,2,0,2,0
SP1,2018-12-02,Girona,Ath Madrid,1,1,D,1,0,H,13,17,3,3,2,9,8,16,0,5,0,0,5.5,3.4,1.75,-4,0,-7,-8,-5,0
SP1,2018-12-03,Levante,Ath Bilbao,3,0,H,1,0,H,17,12,7,3,2,6,11,15,3,5,0,1,2.75,3.4,2.54,5,4,-4,-4,-2,-1
SP1,2018-12-07,Leganes,Getafe,1,1,D,0,1,A,17,6,5,2,7,2,12,13,1,2,1,0,2.62,2.9,3.0,11,3,5,-1,-1,1
SP1,2018-12-08,Valencia,Sevilla,1,1,D,0,0,D,16,11,6,3,6,4,13,17,0,4,0,0,2.2,3.5,3.2,5,3,2,-4,-4,0
SP1,2018-12-08,Villarreal,Celta,2,3,A,0,1,A,13,14,3,7,6,1,12,10,3,3,0,0,1.72,3.8,4.75,-1,-4,5,2,0,0
SP1,2018-12-08,Ath Madrid,Alaves,3,0,H,1,0,H,12,13,5,3,5,5,20,15,5,4,0,0,1.36,4.5,10.0,-1,2,0,5,1,0
SP1,2018-12-08,Espanol,Barcelona,0,4,A,0,3,A,15,17,3,9,11,4,16,10,1,0,0,0,6.5,4.33,1.5,-2,-6,7,6,1,0
SP1,2018-12-09,Eibar,Levante,4,4,D,1,2,A,32,14,7,5,12,3,11,7,2,2,0,0,1.75,3.8,4.5,18,2,9,4,0,0
SP1,2018-12-09,Sociedad,Valladolid,1,2,A,0,1,A,23,10,5,6,11,6,9,16,2,2,0,0,1.61,3.6,6.5,13,-1,5,-7,0,0
SP1,2018-12-09,Betis,Vallecano,2,0,H,0,0,D,8,12,3,3,2,9,13,20,2,3,0,0,1.53,4.33,6.0,-4,0,-7,-7,-1,0
SP1,2018-12-09,Huesca,Real Madrid,0,1,A,0,1,A,11,5,4,4,11,6,12,10,2,2,0,0,10.0,5.5,1.3,6,0,5,2,0,0
SP1,2018-12-10,Ath Bilbao,Girona,1,0,H,0,0,D,25,3,10,1,11,0,17,15,3,1,0,0,1.95,3.4,4.0,22,9,11,2,2,0
SP1,2018-12-14,Celta,Leganes,0,0,D,0,0,D,15,5,2,2,10,0,11,11,3,3,0,0,1.85,3.5,4.33,10,0,10,0,0,0
SP1,2018-12-15,Eibar,Valencia,1,1,D,0,1,A,18,11,6,4,4,2,11,15,0,1,0,0,2.7,3.2,2.7,7,2,2,-4,-1,0
SP1,2018-12-15,Getafe,Sociedad,1,0,H,1,0,H,9,9,2,4,2,3,24,14,3,4,0,0,2.25,3.1,3.5,0,-2,-1,10,-1,0
SP1,2018-12-15,Real Madrid,Vallecano,1,0,H,1,0,H,9,11,4,3,4,4,15,18,0,3,0,0,1.14,9.0,15.0,-2,1,0,-3,-3,0
SP1,2018-12-15,Valladolid,Ath Madrid,2,3,A,0,2,A,8,14,2,5,9,3,16,13,4,1,0,0,5.75,3.4,1.72,-6,-3,6,3,3,0
SP1,2018-12-16,Sevilla,Girona,2,0,H,0,0,D,17,8,5,2,5,3,18,12,2,1,0,0,1.44,4.5,7.0,9,3,2,6,1,0
SP1,2018-12-16,Levante,Barcelona,0,5,A,0,2,A,20,16,6,9,15,3,12,9,2,3,1,0,9.0,6.5,1.25,4,-3,12,3,-1,1
SP1,2018-12-16,Espanol,Betis,1,3,A,1,1,D,10,12,3,5,0,4,23,10,3,4,0,0,2.4,3.3,3.0,-2,-2,-4,13,-1,0
SP1,2018-12-16,Huesca,Villarreal,2,2,D,1,0,H,30,10,13,5,13,2,12,11,4,5,0,1,3.5,3.2,2.14,20,8,11,1,-1,-1
SP1,2018-12-17,Alaves,Ath Bilbao,0,0,D,0,0,D,11,6,2,3,5,3,16,13,2,2,0,0,3.0,3.2,2.5,5,-1,2,3,0,0
SP1,2018-12-21,Girona,Getafe,1,1,D,0,0,D,12,5,4,2,4,1,9,13,1,2,0,0,2.62,3.0,2.9,7,2,3,-4,-1,0
SP1,2018-12-21,Sociedad,Alaves,0,1,A,0,1,A,18,9,4,3,10,1,14,11,2,4,0,0,1.75,3.5,5.0,9,1,9,3,-2,0
SP1,2018-12-22,Ath Bilbao,Valladolid,1,1,D,1,0,H,8,5,3,2,3,1,25,12,3,2,0,0,1.75,3.4,5.0,3,1,2,13,1,0
SP1,2018-12-22,Ath Madrid,Espanol,1,0,H,0,0,D,8,18,5,4,5,9,16,13,1,1,0,0,1.4,4.0,10.0,-10,1,-4,3,0,0
SP1,2018-12-22,Barcelona,Celta,2,0,H,2,0,H,9,11,5,1,4,6,14,15,0,1,0,0,1.12,9.0,21.0,-2,4,-2,-1,-1,0
SP1,2018-12-22,Betis,Eibar,1,1,D,1,0,H,4,15,2,4,4,11,11,13,2,4,0,0,1.8,3.75,4.5,-11,-2,-7,-2,-2,0
SP1,2018-12-23,Vallecano,Levante,2,1,H,1,0,H,18,12,8,7,3,5,13,10,2,2,0,0,2.1,3.6,3.4,6,1,-2,3,0,0
SP1,2018-12-23,Leganes,Sevilla,1,1,D,1,0,H,13,8,4,2,3,6,14,9,3,3,0,1,3.4,3.2,2.25,5,2,-3,5,0,-1
SP1,2018-12-23,Valencia,Huesca,2,1,H,1,0,H,19,11,8,4,12,5,14,15,7,4,0,0,1.4,4.75,8.0,8,4,7,-1,3,0
SP1,2019-01-03,Villarreal,Real Madrid,2,2,D,1,2,A,12,14,4,7,6,4,12,13,2,2,0,0,3.8,3.8,1.85,-2,-3,2,-1,0,0
SP1,2019-01-04,Espanol,Leganes,1,0,H,1,0,H,12,10,1,2,3,6,10,17,2,5,0,1,2.0,3.3,4.2,2,-1,-3,-7,-3,-1
SP1,2019-01-04,Levante,Girona,2,2,D,0,1,A,19,9,8,2,8,2,18,16,3,1,1,0,2.15,3.5,3.3,10,6,6,2,2,1
SP1,2019-01-05,Alaves,Valencia,2,1,H,2,1,H,14,14,5,2,2,6,10,13,3,3,0,0,3.1,3.1,2.4,0,3,-4,-3,0,0
SP1,2019-01-05,Huesca,Betis,2,1,H,0,0,D,11,7,6,1,4,6,21,7,3,2,0,0,3.2,3.5,2.2,4,5,-2,14,1,0
SP1,2019-01-05,Valladolid,Vallecano,0,1,A,0,1,A,12,9,5,5,9,5,16,23,0,3,0,0,2.1,3.4,3.6,3,0,4,-7,-3,0
SP1,2019-01-06,Eibar,Villarreal,0,0,D,0,0,D,24,7,6,4,13,1,12,17,0,2,0,0,2.1,3.25,3.5,17,2,12,-5,-2,0
SP1,2019-01-06,Getafe,Barcelona,1,2,A,1,2,A,10,12,2,8,4,4,23,12,4,3,0,0,8.0,5.25,1.36,-2,-6,0,11,1,0
SP1,2019-01-06,Real Madrid,Sociedad,0,2,A,0,1,A,28,12,8,4,10,4,13,13,5,1,1,0,1.33,6.0,7.5,16,4,6,0,4,1
SP1,2019-01-06,Sevilla,Ath Madrid,1,1,D,1,1,D,15,12,5,7,4,5,15,11,5,7,0,0,2.8,3.1,2.7,3,-2,-1,4,-2,0
SP1,2019-01-07,Celta,Ath Bilbao,1,2,A,1,1,D,17,8,3,4,3,2,16,21,2,5,0,0,2.4,3.3,3.0,9,-1,1,-5,-3,0
SP1,2019-01-11,Vallecano,Celta,4,2,H,2,2,D,11,13,8,4,7,5,12,8,4,1,0,0,2.5,3.4,2.8,-2,4,2,4,3,0
SP1,2019-01-12,Girona,Alaves,1,1,D,1,0,H,9,15,4,4,6,3,21,14,4,2,0,0,2.1,3.1,4.0,-6,0,3,7,2,0
SP1,2019-01-12,Leganes,Huesca,1,0,H,0,0,D,14,9,7,3,4,4,11,9,3,3,0,0,1.95,3.25,4.33,5,4,0,2,0,0
SP1,2019-01-12,Valencia,Valladolid,1,1,D,0,0,D,17,6,5,1,7,0,15,18,2,5,0,0,1.53,4.0,7.0,11,4,7,-3,-3,0
SP1,2019-01-12,Villarreal,Getafe,1,2,A,0,0,D,17,9,6,4,6,1,14,13,5,3,0,0,2.15,3.1,3.8,8,2,5,1,2,0
SP1,2019-01-13,Ath Bilbao,Sevilla,2,0,H,1,0,H,10,10,3,4,7,6,14,14,4,3,0,0,2.75,3.2,2.7,0,-1,1,0,1,0
SP1,2019-01-13,Ath Madrid,Levante,1,0,H,0,0,D,19,7,5,2,5,2,9,17,0,3,0,0,1.25,6.0,12.0,12,3,3,-8,-3,0
SP1,2019-01-13,Barcelona,Eibar,3,0,H,1,0,H,7,15,6,2,2,3,10,12,2,1,0,0,1.12,9.0,21.0,-8,4,-1,-2,1,0
SP1,2019-01-13,Betis,Real Madrid,1,2,A,0,1,A,9,14,2,5,6,5,9,13,2,3,0,0,3.25,3.75,2.1,-5,-3,1,-4,-1,0
SP1,2019-01-14,Sociedad,Espanol,3,2,H,2,2,D,9,21,4,2,7,3,15,12,7,4,1,0,2.0,3.3,4.0,-12,2,4,3,3,1
SP1,2019-01-18,Getafe,Alaves,4,0,H,1,0,H,12,6,5,0,4,2,17,18,0,4,0,0,2.0,3.1,4.5,6,5,2,-1,-4,0
SP1,2019-01-19,Huesca,Ath Madrid,0,3,A,0,1,A,14,15,3,8,6,5,15,13,2,2,0,0,5.75,3.6,1.66,-1,-5,1,2,0,0
SP1,2019-01-19,Celta,Valencia,1,2,A,1,0,H,12,13,4,8,4,6,18,12,4,3,0,0,3.1,3.2,2.4,-1,-4,-2,6,1,0
SP1,2019-01-19,Real Madrid,Sevilla,2,0,H,0,0,D,23,4,6,1,7,4,9,14,2,3,0,0,1.7,4.2,4.5,19,5,3,-5,-1,0
SP1,2019-01-20,Villarreal,Ath Bilbao,1,1,D,0,1,A,3,9,1,2,1,3,17,13,4,1,0,0,2.2,3.3,3.4,-6,-1,-2,4,3,0
SP1,2019-01-20,Vallecano,Sociedad,2,2,D,2,1,H,11,10,4,4,2,9,14,10,2,1,0,0,2.87,3.3,2.5,1,0,-7,4,1,0
SP1,2019-01-20,Barcelona,Leganes,3,1,H,1,0,H,15,5,7,2,5,1,12,18,3,3,0,0,1.12,9.0,21.0,10,5,4,-6,0,0
SP1,2019-01-20,Betis,Girona,3,2,H,1,2,A,12,8,5,5,7,2,9,12,2,4,0,0,1.61,3.75,6.0,4,0,5,-3,-2,0
SP1,2019-01-20,Levante,Valladolid,2,0,H,1,0,H,13,13,4,3,3,2,12,18,6,5,0,0,2.1,3.5,3.5,0,1,1,-6,1,0
SP1,2019-01-21,Eibar,Espanol,3,0,H,1,0,H,16,6,9,0,6,2,16,10,2,5,0,0,2.1,3.1,4.0,10,9,4,6,-3,0
SP1,2019-01-26,Ath Madrid,Getafe,2,0,H,2,0,H,10,6,6,2,3,6,11,26,2,7,0,2,1.53,3.6,8.0,4,4,-3,-15,-5,-2
SP1,2019-01-26,Leganes,Eibar,2,2,D,0,2,A,9,5,3,2,4,5,15,14,2,3,0,0,2.62,3.0,3.0,4,1,-1,1,-1,0
SP1,2019-01-26,Sevilla,Levante,5,0,H,0,0,D,23,7,9,0,5,8,15,13,2,1,0,0,1.53,4.33,6.0,16,9,-3,2,1,0
SP1,2019-01-26,Valencia,Villarreal,3,0,H,1,0,H,18,14,9,5,7,4,13,8,1,3,0,0,1.83,3.6,4.5,4,4,3,5,-2,0
SP1,2019-01-27,Valladolid,Celta,2,1,H,0,1,A,19,8,7,3,7,5,15,19,2,5,0,1,2.4,3.2,3.1,11,4,2,-4,-3,-1
SP1,2019-01-27,Sociedad,Huesca,0,0,D,0,0,D,8,8,1,1,5,2,9,22,0,3,0,0,1.61,3.75,6.0,0,0,3,-13,-3,0
SP1,2019-01-27,Ath Bilbao,Betis,1,0,H,1,0,H,11,8,2,2,6,4,20,6,4,2,1,0,2.1,3.3,3.5,3,0,2,14,2,1
SP1,2019-01-27,Girona,Barcelona,0,2,A,0,1,A,13,15,5,7,3,8,18,12,5,3,1,0,10.0,5.25,1.33,-2,-2,-5,6,2,1
SP1,2019-01-27,Espanol,Real Madrid,2,4,A,1,3,A,13,16,6,9,1,6,15,17,3,4,0,1,4.2,4.0,1.8,-3,-3,-5,-2,-1,-1
SP1,2019-01-28,Alaves,Vallecano,0,1,A,0,0,D,16,14,1,3,7,4,14,19,2,5,0,0,2.15,3.3,3.5,2,-2,3,-5,-3,0
SP1,2019-02-01,Huesca,Valladolid,4,0,H,1,0,H,11,9,7,4,7,7,17,11,6,2,0,0,2.25,3.25,3.4,2,3,0,6,4,0
SP1,2019-02-02,Barcelona,Valencia,2,2,D,1,2,A,20,14,8,7,9,1,8,5,3,0,0,0,1.28,5.75,11.0,6,1,8,3,3,0
SP1,2019-02-02,Celta,Sevilla,1,0,H,0,0,D,10,13,4,2,4,9,13,12,4,4,0,0,3.75,3.6,2.0,-3,2,-5,1,0,0
SP1,2019-02-02,Levante,Getafe,0,0,D,0,0,D,8,9,4,2,5,5,7,15,4,3,0,0,2.37,3.25,3.1,-1,2,0,-8,1,0
SP1,2019-02-02,Sociedad,Ath Bilbao,2,1,H,2,0,H,6,8,2,5,3,3,17,13,1,1,0,0,2.35,3.3,3.2,-2,-3,0,4,0,0
SP1,2019-02-03,Villarreal,Espanol,2,2,D,1,0,H,14,17,5,2,3,2,22,16,4,5,0,0,1.8,3.75,4.5,-3,3,1,6,-1,0
SP1,2019-02-03,Eibar,Girona,3,0,H,1,0,H,17,6,5,2,8,5,12,9,2,1,0,0,1.66,4.0,5.0,11,3,3,3,1,0
SP1,2019-02-03,Betis,Ath Madrid,1,0,H,0,0,D,7,13,3,1,1,7,7,21,4,3,0,0,4.0,3.2,2.05,-6,2,-6,-14,1,0
SP1,2019-02-03,Real Madrid,Alaves,3,0,H,1,0,H,22,8,8,1,7,2,10,12,0,3,0,0,1.2,6.5,15.0,14,7,5,-2,-3,0
SP1,2019-02-04,Vallecano,Leganes,1,2,A,0,1,A,15,13,6,4,5,6,19,10,6,4,0,1,2.37,3.25,3.1,2,2,-1,9,2,-1
SP1,2019-02-08,Valladolid,Villarreal,0,0,D,0,0,D,9,7,3,3,8,3,13,18,3,2,0,0,2.9,3.3,2.4,2,0,5,-5,1,0
SP1,2019-02-09,Ath Madrid,Real Madrid,1,3,A,1,2,A,11,11,2,4,3,4,21,16,7,3,1,0,2.37,3.25,3.1,0,-2,-1,5,4,1
SP1,2019-02-09,Espanol,Vallecano,2,1,H,0,1,A,15,9,5,3,6,2,11,19,0,2,0,0,1.8,3.6,4.5,6,2,4,-8,-2,0
SP1,2019-02-09,Getafe,Celta,3,1,H,1,1,D,12,13,6,3,4,3,16,13,3,3,0,1,1.9,3.4,4.33,-1,3,1,3,0,-1
SP1,2019-02-09,Girona,Huesca,0,2,A,0,2,A,13,6,7,6,13,2,9,18,3,1,1,0,2.0,3.3,4.0,7,1,11,-9,2,1
SP1,2019-02-10,Sevilla,Eibar,2,2,D,0,1,A,13,8,4,4,9,7,11,7,4,2,1,0,1.66,4.0,5.0,5,0,2,4,2,1
SP1,2019-02-10,Valencia,Sociedad,0,0,D,0,0,D,10,8,4,1,7,5,11,18,2,4,0,0,1.83,3.5,4.5,2,3,2,-7,-2,0
SP1,2019-02-10,Ath Bilbao,Barcelona,0,0,D,0,0,D,13,10,5,2,6,4,23,10,4,2,1,0,4.75,4.0,1.7,3,3,2,13,2,1
SP1,2019-02-10,Leganes,Betis,3,0,H,2,0,H,16,3,4,1,4,4,22,11,4,2,0,1,2.25,3.0,3.6,13,3,0,11,2,-1
SP1,2019-02-11,Alaves,Levante,2,0,H,1,0,H,16,8,4,0,3,10,14,18,3,2,0,0,2.0,3.4,3.8,8,4,-7,-4,1,0
SP1,2019-02-15,Eibar,Getafe,2,2,D,0,1,A,11,7,6,4,3,3,12,12,2,2,0,0,2.05,3.3,4.0,4,2,0,0,0,0
SP1,2019-02-16,Barcelona,Valladolid,1,0,H,1,0,H,20,10,8,0,3,5,12,18,1,3,0,0,1.14,9.0,15.0,10,8,-2,-6,-2,0
SP1,2019-02-16,Celta,Levante,1,4,A,0,2,A,14,14,7,8,5,7,12,17,1,1,1,0,1.8,3.8,4.5,0,-1,-2,-5,0,1
SP1,2019-02-16,Sociedad,Leganes,3,0,H,0,0,D,15,8,6,3,4,1,10,16,4,2,0,0,2.05,3.1,4.2,7,3,3,-6,2,0
SP1,2019-02-16,Vallecano,Ath Madrid,0,1,A,0,0,D,12,4,6,3,4,6,10,14,0,1,0,0,6.0,3.5,1.65,8,3,-2,-4,-1,0
SP1,2019-02-17,Betis,Alaves,1,1,D,1,1,D,19,6,10,3,6,3,10,12,4,1,0,0,1.72,3.5,5.25,13,7,3,-2,3,0
SP1,2019-02-17,Real Madrid,Girona,1,2,A,1,0,H,19,14,7,6,7,0,13,18,3,2,1,0,1.16,8.0,15.0,5,1,7,-5,1,1
SP1,2019-02-17,Valencia,Espanol,0,0,D,0,0,D,21,6,1,1,10,2,12,10,2,4,0,1,1.72,3.7,4.8,15,0,8,2,-2,-1
SP1,2019-02-17,Villarreal,Sevilla,3,0,H,2,0,H,12,21,6,5,6,4,7,12,4,1,0,0,2.5,3.4,2.8,-9,1,2,-5,3,0
SP1,2019-02-18,Huesca,Ath Bilbao,0,1,A,0,1,A,12,9,2,4,3,5,16,11,5,1,0,0,3.1,3.1,2.5,3,-2,-2,5,4,0
SP1,2019-02-22,Espanol,Huesca,1,1,D,1,0,H,13,13,2,4,7,4,9,16,2,4,0,0,1.72,3.6,5.0,0,-2,3,-7,-2,0
SP1,2019-02-23,Alaves,Celta,0,0,D,0,0,D,17,8,4,2,3,4,15,9,2,2,0,0,2.3,3.3,3.2,9,2,-1,6,0,0
SP1,2019-02-23,Ath Bilbao,Eibar,1,0,H,1,0,H,9,7,4,2,10,2,10,17,3,4,0,0,2.1,3.25,3.8,2,2,8,-7,-1,0
SP1,2019-02-23,Getafe,Vallecano,2,1,H,1,0,H,11,7,2,2,2,2,12,13,2,1,0,0,1.7,3.6,5.5,4,0,0,-1,1,0
SP1,2019-02-23,Sevilla,Barcelona,2,4,A,2,1,H,13,17,4,8,3,8,15,11,6,1,0,0,3.5,4.0,1.95,-4,-4,-5,4,5,0
SP1,2019-02-24,Ath Madrid,Villarreal,2,0,H,1,0,H,15,14,7,3,6,7,9,10,0,3,0,0,1.57,3.75,7.0,1,4,-1,-1,-3,0
SP1,2019-02-24,Leganes,Valencia,1,1,D,0,1,A,17,6,6,1,4,2,14,10,5,3,0,0,2.8,3.1,2.7,11,5,2,4,2,0
SP1,2019-02-24,Levante,Real Madrid,1,2,A,0,1,A,11,19,2,5,4,6,17,11,5,3,1,1,5.25,4.75,1.53,-8,-3,-2,6,2,0
SP1,2019-02-24,Valladolid,Betis,0,2,A,0,1,A,10,6,2,3,13,4,10,9,1,2,0,0,2.7,3.2,2.75,4,-1,9,1,-1,0
SP1,2019-02-25,Girona,Sociedad,0,0,D,0,0,D,10,7,3,1,3,5,26,15,4,1,0,0,2.37,3.2,3.0,3,2,-2,11,3,0
SP1,2019-03-01,Vallecano,Girona,0,2,A,0,1,A,9,12,3,4,7,1,17,23,3,4,1,0,2.25,3.4,3.2,-3,-1,6,-6,-1,1
SP1,2019-03-02,Villarreal,Alaves,1,2,A,0,0,D,9,10,2,2,8,2,15,12,2,3,0,0,1.66,3.75,5.5,-1,0,6,3,-1,0
SP1,2019-03-02,Espanol,Valladolid,3,1,H,1,1,D,15,14,6,3,5,3,17,8,2,2,0,0,1.8,3.6,4.75,1,3,2,9,0,0
SP1,2019-03-02,Huesca,Sevilla,2,1,H,1,0,H,7,12,3,5,3,12,15,16,5,4,0,0,3.8,3.6,1.95,-5,-2,-9,-1,1,0
SP1,2019-03-02,Real Madrid,Barcelona,0,1,A,0,1,A,17,10,3,4,8,6,16,13,3,2,0,0,2.75,3.7,2.45,7,-1,2,3,1,0
SP1,2019-03-03,Betis,Getafe,1,2,A,0,2,A,6,11,2,5,4,4,14,14,2,2,0,0,2.3,3.0,3.4,-5,-3,0,0,0,0
SP1,2019-03-03,Eibar,Celta,1,0,H,0,0,D,15,3,4,1,7,0,14,16,1,1,0,0,1.72,3.8,4.75,12,3,7,-2,0,0
SP1,2019-03-03,Sociedad,Ath Madrid,0,2,A,0,2,A,19,8,3,3,7,3,12,17,1,4,0,1,4.0,3.25,2.05,11,0,4,-5,-3,-1
SP1,2019-03-03,Valencia,Ath Bilbao,2,0,H,0,0,D,11,4,3,1,6,2,12,13,0,3,0,0,2.0,3.3,4.0,7,2,4,-1,-3,0
SP1,2019-03-04,Leganes,Levante,1,0,H,1,0,H,14,15,3,4,2,2,15,10,6,4,0,0,1.95,3.4,4.2,-1,-1,0,5,2,0
SP1,2019-03-08,Ath Bilbao,Espanol,1,1,D,0,1,A,15,5,6,2,7,0,13,20,3,5,0,0,1.66,3.6,6.0,10,4,7,-7,-2,0
SP1,2019-03-09,Barcelona,Vallecano,3,1,H,1,1,D,12,8,6,1,10,4,12,17,1,2,0,0,1.16,8.0,15.0,4,5,6,-5,-1,0
SP1,2019-03-09,Getafe,Huesca,2,1,H,0,1,A,14,8,6,1,13,1,14,17,0,4,0,0,1.61,3.6,6.5,6,5,12,-3,-4,0
SP1,2019-03-09,Alaves,Eibar,1,1,D,0,0,D,16,20,3,3,3,5,10,18,1,1,0,0,2.9,3.2,2.55,-4,0,-2,-8,0,0
SP1,2019-03-09,Ath Madrid,Leganes,1,0,H,0,0,D,13,3,4,2,4,4,9,7,2,2,0,0,1.45,4.2,10.0,10,2,0,2,0,0
SP1,2019-03-10,Celta,Betis,0,1,A,0,0,D,7,14,1,4,4,4,17,16,3,0,0,0,2.5,3.3,2.9,-7,-3,0,1,3,0
SP1,2019-03-10,Girona,Valencia,2,3,A,1,1,D,18,11,8,6,6,1,13,10,1,4,0,1,3.3,3.2,2.35,7,2,5,3,-3,-1
SP1,2019-03-10,Levante,Villarreal,0,2,A,0,0,D,11,13,3,5,8,2,8,21,3,5,0,0,2.9,3.3,2.5,-2,-2,6,-13,-2,0
SP1,2019-03-10,Sevilla,Sociedad,5,2,H,1,1,D,22,9,11,2,7,2,12,13,2,2,0,0,1.66,4.2,4.75,13,9,5,-1,0,0
SP1,2019-03-10,Valladolid,Real Madrid,1,4,A,1,1,D,10,15,2,6,5,12,14,12,1,6,0,1,5.0,4.33,1.61,-5,-4,-7,2,-5,-1
SP1,2019-03-15,Sociedad,Levante,1,1,D,1,0,H,22,8,7,3,5,3,10,12,2,2,0,0,1.8,3.75,4.5,14,4,2,-2,0,0
SP1,2019-03-16,Ath Bilbao,Ath Madrid,2,0,H,0,0,D,9,9,5,2,1,7,12,4,3,1,0,0,3.9,3.0,2.2,0,3,-6,8,2,0
SP1,2019-03-16,Huesca,Alaves,1,3,A,1,1,D,7,12,2,5,2,2,21,23,1,3,0,0,2.45,3.2,3.0,-5,-3,0,-2,-2,0
SP1,2019-03-16,Leganes,Girona,0,2,A,0,2,A,12,8,3,4,6,2,20,6,8,1,0,0,2.15,3.2,3.7,4,-1,4,14,7,0
SP1,2019-03-16,Real Madrid,Celta,2,0,H,0,0,D,22,6,7,1,9,2,15,8,1,0,0,0,1.18,7.5,13.0,16,6,7,7,1,0
SP1,2019-03-17,Villarreal,Vallecano,3,1,H,0,1,A,12,7,4,3,5,5,16,7,3,3,0,0,1.6,4.2,5.5,5,1,0,9,0,0
SP1,2019-03-17,Valencia,Getafe,0,0,D,0,0,D,8,9,2,1,3,5,13,22,3,4,0,0,2.0,3.3,4.0,-1,1,-2,-9,-1,0
SP1,2019-03-17,Betis,Barcelona,1,4,A,0,2,A,13,16,3,9,3,7,10,11,1,2,0,0,7.0,5.0,1.4,-3,-6,-4,-1,-1,0
SP1,2019-03-17,Eibar,Valladolid,1,2,A,0,0,D,15,8,3,3,5,0,16,14,4,2,0,0,1.66,3.8,5.5,7,0,5,2,2,0
SP1,2019-03-17,Espanol,Sevilla,0,1,A,0,0,D,13,12,3,3,6,5,11,14,3,4,1,1,2.4,3.5,2.9,1,0,1,-3,-1,0
SP1,2019-03-29,Girona,Ath Bilbao,1,2,A,1,0,H,6,8,2,5,3,3,18,18,2,4,0,0,2.87,2.9,2.7,-2,-3,0,0,-2,0
SP1,2019-03-30,Alaves,Ath Madrid,0,4,A,0,2,A,14,11,4,7,9,2,10,8,2,2,0,0,5.5,3.4,1.75,3,-3,7,2,0,0
SP1,2019-03-30,Barcelona,Espanol,2,0,H,0,0,D,13,4,3,2,5,2,15,14,0,4,0,0,1.14,9.0,15.0,9,1,3,1,-4,0
SP1,2019-03-30,Celta,Villarreal,3,2,H,0,2,A,15,14,6,5,10,7,7,8,1,3,0,0,2.5,3.3,2.75,1,1,3,-1,-2,0
SP1,2019-03-30,Getafe,Leganes,0,2,A,0,0,D,9,7,2,3,3,4,15,25,5,2,0,0,1.95,3.2,4.5,2,-1,-1,-10,3,0
SP1,2019-03-31,Vallecano,Betis,1,1,D,1,0,H,20,7,5,2,6,3,22,9,5,3,1,0,2.75,3.5,2.45,13,3,3,13,2,1
SP1,2019-03-31,Valladolid,Sociedad,1,1,D,1,0,H,10,10,4,1,7,5,18,8,4,1,0,0,2.6,3.0,3.0,0,3,2,10,3,0
SP1,2019-03-31,Real Madrid,Huesca,3,2,H,1,1,D,16,16,8,3,4,6,9,18,1,3,0,0,1.11,10.0,19.0,0,5,-2,-9,-2,0
SP1,2019-03-31,Levante,Eibar,2,2,D,2,1,H,7,17,2,3,6,7,9,12,2,1,0,0,2.8,3.5,2.45,-10,-1,-1,-3,1,0
SP1,2019-03-31,Sevilla,Valencia,0,1,A,0,1,A,17,4,5,2,5,3,18,9,3,1,0,0,2.05,3.5,3.6,13,3,2,9,2,0
SP1,2019-04-02,Espanol,Getafe,1,1,D,0,0,D,9,13,3,3,5,4,14,14,4,3,0,0,2.4,3.1,3.2,-4,0,1,0,1,0
SP1,2019-04-02,Ath Madrid,Girona,2,0,H,0,0,D,17,12,7,4,4,3,10,9,1,0,0,0,1.36,4.5,10.0,5,3,1,1,1,0
SP1,2019-04-02,Villarreal,Barcelona,4,4,D,1,2,A,16,15,9,9,5,3,10,10,4,7,1,0,5.25,4.2,1.61,1,0,2,0,-3,1
SP1,2019-04-03,Ath Bilbao,Levante,3,2,H,2,0,H,14,11,7,6,2,9,13,14,3,7,0,1,1.61,4.0,5.5,3,1,-7,-1,-4,-1
SP1,2019-04-03,Eibar,Vallecano,2,1,H,0,1,A,12,13,6,2,2,6,14,9,2,2,0,0,1.61,4.0,5.5,-1,4,-4,5,0,0
SP1,2019-04-03,Huesca,Celta,3,3,D,0,1,A,23,11,7,5,5,0,9,12,2,3,0,0,2.62,3.5,2.62,12,2,5,-3,-1,0
SP1,2019-04-03,Valencia,Real Madrid,2,1,H,1,0,H,11,15,4,5,6,6,9,13,2,2,0,0,3.3,3.6,2.15,-4,-1,0,-4,0,0
SP1,2019-04-04,Leganes,Valladolid,1,0,H,0,0,D,18,8,2,1,3,4,13,11,2,2,0,0,1.9,3.3,4.5,10,1,-1,2,0,0
SP1,2019-04-04,Sevilla,Alaves,2,0,H,1,0,H,18,5,5,2,11,1,13,19,3,4,0,0,1.5,4.33,6.5,13,3,10,-6,-1,0
SP1,2019-04-04,Sociedad,Betis,2,1,H,1,0,H,15,11,7,6,3,6,12,13,2,3,0,0,2.25,3.3,3.3,4,1,-3,-1,-1,0
SP1,2019-04-06,Vallecano,Valencia,2,0,H,1,0,H,15,12,5,3,4,7,17,10,2,3,0,0,4.2,3.5,1.9,3,2,-3,7,-1,0
SP1,2019-04-06,Real Madrid,Eibar,2,1,H,0,1,A,13,3,7,1,5,4,9,15,0,1,0,0,1.3,5.5,9.5,10,6,1,-6,-1,0
SP1,2019-04-06,Barcelona,Ath Madrid,2,0,H,0,0,D,21,9,10,2,5,1,14,12,3,4,0,1,1.75,3.6,5.0,12,8,4,2,-1,-1
SP1,2019-04-06,Girona,Espanol,1,2,A,0,0,D,14,9,5,2,1,4,23,20,5,2,0,0,2.5,3.2,3.0,5,3,-3,3,3,0
SP1,2019-04-07,Alaves,Leganes,1,1,D,1,0,H,6,9,1,5,3,3,17,15,6,4,0,0,2.5,3.0,3.1,-3,-4,0,2,2,0
SP1,2019-04-07,Betis,Villarreal,2,1,H,1,1,D,17,10,7,4,4,3,15,14,4,4,0,0,2.2,3.4,3.3,7,3,1,1,0,0
SP1,2019-04-07,Celta,Sociedad,3,1,H,0,1,A,11,14,4,7,2,7,16,11,2,1,0,1,2.4,3.3,3.0,-3,-3,-5,5,1,-1
SP1,2019-04-07,Getafe,Ath Bilbao,1,0,H,0,0,D,6,9,2,1,1,2,16,18,2,1,0,0,2.3,3.0,3.5,-3,1,-1,-2,1,0
SP1,2019-04-07,Levante,Huesca,2,2,D,1,0,H,14,17,8,4,9,1,22,12,2,4,0,0,1.95,3.6,3.8,-3,4,8,10,-2,0
SP1,2019-04-07,Valladolid,Sevilla,0,2,A,0,0,D,10,16,5,4,6,7,17,12,3,3,0,0,3.5,3.4,2.05,-6,1,-1,5,0,0
SP1,2019-04-13,Sevilla,Betis,3,2,H,1,0,H,11,12,5,7,5,4,18,8,6,3,0,0,1.66,4.0,5.0,-1,-2,1,10,3,0
SP1,2019-04-13,Huesca,Barcelona,0,0,D,0,0,D,6,10,1,2,6,5,18,13,1,2,0,0,4.75,4.2,1.65,-4,-1,1,5,-1,0
SP1,2019-04-13,Ath Madrid,Celta,2,0,H,1,0,H,11,10,5,3,1,2,9,15,2,2,0,0,1.36,4.75,9.0,1,2,-1,-6,0,0
SP1,2019-04-13,Espanol,Alaves,2,1,H,1,0,H,6,14,2,3,4,8,12,17,3,2,0,0,1.8,3.5,4.75,-8,-1,-4,-5,1,0
SP1,2019-04-14,Girona,Villarreal,0,1,A,0,1,A,14,17,5,6,9,5,12,11,2,5,0,0,2.5,3.25,2.8,-3,-1,4,1,-3,0
SP1,2019-04-14,Sociedad,Eibar,1,1,D,1,0,H,3,17,2,2,0,3,15,18,2,2,0,0,2.2,3.5,3.25,-14,0,-3,-3,0,0
SP1,2019-04-14,Valencia,Levante,3,1,H,1,0,H,23,6,6,3,8,3,12,19,2,2,0,0,1.5,4.75,5.5,17,3,5,-7,0,0
SP1,2019-04-14,Valladolid,Getafe,2,2,D,1,1,D,8,8,4,3,5,3,22,18,4,4,0,1,3.2,2.9,2.55,0,1,2,4,0,-1
SP1,2019-04-14,Ath Bilbao,Vallecano,3,2,H,1,1,D,15,8,9,4,3,6,10,16,1,3,0,1,1.6,4.0,5.5,7,5,-3,-6,-2,-1
SP1,2019-04-15,Leganes,Real Madrid,1,1,D,1,0,H,5,13,2,6,1,5,11,12,0,3,0,0,5.25,4.2,1.6,-8,-4,-4,-1,-3,0
SP1,2019-04-19,Alaves,Valladolid,2,2,D,2,1,H,10,12,4,7,5,7,17,16,3,5,0,0,2.1,3.2,3.75,-2,-3,-2,1,-2,0
SP1,2019-04-20,Vallecano,Huesca,0,0,D,0,0,D,16,10,3,3,8,3,12,10,4,2,0,0,2.05,3.75,3.4,6,0,5,2,2,0
SP1,2019-04-20,Barcelona,Sociedad,2,1,H,1,0,H,11,9,4,2,4,2,10,12,0,1,0,0,1.22,6.5,13.0,2,2,2,-2,-1,0
SP1,2019-04-20,Celta,Girona,2,1,H,1,0,H,13,9,8,1,5,1,7,10,2,1,0,0,2.0,3.75,3.5,4,7,4,-3,1,0
SP1,2019-04-20,Eibar,Ath Madrid,0,1,A,0,0,D,10,8,2,4,5,8,11,12,3,1,0,0,3.2,3.1,2.4,2,-2,-3,-1,2,0
SP1,2019-04-21,Betis,Valencia,1,2,A,0,1,A,23,4,7,3,8,2,19,13,4,2,0,1,3.0,3.3,2.4,19,4,6,6,2,-1
SP1,2019-04-21,Getafe,Sevilla,3,0,H,2,0,H,10,12,3,2,2,7,19,15,3,6,1,1,3.1,3.4,2.3,-2,1,-5,4,-3,0
SP1,2019-04-21,Levante,Espanol,2,2,D,0,1,A,19,14,5,7,12,7,13,15,4,1,1,0,2.3,3.5,3.0,5,-2,5,-2,3,1
SP1,2019-04-21,Real Madrid,Ath Bilbao,3,0,H,0,0,D,11,5,4,3,8,2,12,16,2,4,0,0,1.45,4.33,7.0,6,1,6,-4,-2,0
SP1,2019-04-21,Villarreal,Leganes,2,1,H,0,0,D,11,6,5,2,7,4,12,15,2,1,0,0,1.72,3.5,5.0,5,3,3,-3,1,0
SP1,2019-04-23,Alaves,Barcelona,0,2,A,0,0,D,6,17,1,6,1,4,19,9,3,1,0,0,7.0,5.25,1.4,-11,-5,-3,10,2,0
SP1,2019-04-23,Huesca,Eibar,2,0,H,0,0,D,12,7,3,4,5,3,16,16,4,1,0,0,2.25,3.5,3.0,5,-1,2,0,3,0
SP1,2019-04-23,Valladolid,Girona,1,0,H,0,0,D,13,6,4,0,4,5,17,17,4,3,0,0,2.3,3.3,3.25,7,4,-1,0,1,0
SP1,2019-04-24,Levante,Betis,4,0,H,2,0,H,6,7,4,2,3,4,9,15,2,3,0,0,2.5,3.3,2.9,-1,2,-1,-6,-1,0
SP1,2019-04-24,Espanol,Celta,1,1,D,1,0,H,9,18,2,6,2,4,15,8,2,1,0,0,2.3,3.2,3.3,-9,-4,-2,7,1,0
SP1,2019-04-24,Ath Madrid,Valencia,3,2,H,1,1,D,14,12,6,4,4,3,17,13,3,3,0,0,1.8,3.4,5.0,2,2,1,4,0,0
SP1,2019-04-24,Leganes,Ath Bilbao,0,1,A,0,1,A,14,3,1,2,2,2,11,14,1,2,0,0,2.6,3.0,3.0,11,-1,0,-3,-1,0
SP1,2019-04-25,Getafe,Real Madrid,0,0,D,0,0,D,9,12,5,4,9,4,17,15,1,3,0,0,4.0,3.6,1.9,-3,1,5,2,-2,0
SP1,2019-04-25,Sevilla,Vallecano,5,0,H,0,0,D,20,12,11,3,5,4,10,12,1,2,0,0,1.33,5.25,9.0,8,8,1,-2,-1,0
SP1,2019-04-25,Sociedad,Villarreal,0,1,A,0,0,D,13,8,2,3,6,3,11,14,2,3,0,0,2.5,3.3,2.9,5,-1,3,-3,-1,0
SP1,2019-04-27,Ath Bilbao,Alaves,1,1,D,1,1,D,14,14,1,3,8,6,14,17,2,2,0,0,1.45,4.2,7.5,0,-2,2,-3,0,0
SP1,2019-04-27,Ath Madrid,Valladolid,1,0,H,0,0,D,13,13,1,4,7,3,19,12,4,2,0,0,1.33,4.5,11.0,0,-3,4,7,2,0
SP1,2019-04-27,Barcelona,Levante,1,0,H,0,0,D,23,7,12,2,6,3,17,12,4,3,0,0,1.2,6.5,11.0,16,10,3,5,1,0
SP1,2019-04-27,Leganes,Celta,0,0,D,0,0,D,10,8,1,2,4,6,16,5,1,0,0,0,2.37,3.25,3.0,2,-1,-2,11,1,0
SP1,2019-04-28,Villarreal,Huesca,1,1,D,1,0,H,18,13,5,3,0,1,15,22,5,2,0,1,1.55,4.0,6.5,5,2,-1,-7,3,-1
SP1,2019-04-28,Vallecano,Real Madrid,1,0,H,1,0,H,11,9,5,3,6,6,21,6,2,5,0,0,7.5,4.5,1.4,2,2,0,15,-3,0
SP1,2019-04-28,Valencia,Eibar,0,1,A,0,0,D,7,13,2,3,7,6,10,15,2,3,0,0,1.45,4.5,6.5,-6,-1,1,-5,-1,0
SP1,2019-04-28,Girona,Sevilla,1,0,H,0,0,D,15,7,4,3,3,6,12,18,1,2,0,1,4.75,3.4,1.75,8,1,-3,-6,-1,-1
SP1,2019-04-28,Sociedad,Getafe,2,1,H,1,0,H,11,12,7,3,5,7,17,14,2,3,0,0,2.6,3.2,2.75,-1,4,-2,3,-1,0
SP1,2019-04-29,Betis,Espanol,1,1,D,0,1,A,18,10,5,4,6,5,16,14,4,1,0,0,2.3,3.3,3.1,8,1,1,2,3,0
SP1,2019-05-03,Sevilla,Leganes,0,3,A,0,2,A,7,9,3,5,3,4,11,23,1,1,0,0,1.36,5.0,8.5,-2,-2,-1,-12,0,0
SP1,2019-05-04,Alaves,Sociedad,0,1,A,0,1,A,17,9,6,2,13,6,7,22,1,3,0,0,2.5,3.25,2.9,8,4,7,-15,-2,0
SP1,2019-05-04,Celta,Barcelona,2,0,H,0,0,D,14,8,6,1,11,1,11,13,1,5,0,0,2.15,3.6,3.25,6,5,10,-2,-4,0
SP1,2019-05-04,Espanol,Ath Madrid,3,0,H,1,0,H,11,11,5,3,5,6,11,14,1,2,0,0,3.8,3.3,2.05,0,2,-1,-3,-1,0
SP1,2019-05-04,Levante,Vallecano,4,1,H,2,0,H,12,20,7,3,6,7,17,12,1,4,0,1,1.95,3.8,3.6,-8,4,-1,5,-3,-1
SP1,2019-05-05,Real Madrid,Villarreal,3,2,H,2,1,H,24,15,11,7,8,3,9,14,0,3,0,0,1.7,4.0,4.75,9,4,5,-5,-3,0
SP1,2019-05-05,Valladolid,Ath Bilbao,1,0,H,1,0,H,10,9,3,1,1,3,14,22,5,5,0,0,2.9,3.1,2.6,1,2,-2,-8,0,0
SP1,2019-05-05,Getafe,Girona,2,0,H,1,0,H,13,4,8,2,1,3,15,13,3,3,0,1,1.8,3.6,4.75,9,6,-2,2,0,-1
SP1,2019-05-05,Huesca,Valencia,2,6,A,0,5,A,24,10,4,7,7,5,10,9,2,1,0,0,3.5,3.4,2.1,14,-3,2,1,1,0
SP1,2019-05-05,Eibar,Betis,1,0,H,1,0,H,14,12,6,6,11,8,15,7,3,2,0,0,2.05,3.6,3.5,2,0,3,8,1,0
SP1,2019-05-12,Barcelona,Getafe,2,0,H,1,0,H,13,11,8,0,4,3,9,13,1,3,0,0,1.53,4.33,6.0,2,8,1,-4,-2,0
SP1,2019-05-12,Betis,Huesca,2,1,H,1,0,H,17,9,8,2,9,2,13,15,3,5,0,1,1.55,4.33,5.75,8,6,7,-2,-2,-1
SP1,2019-05-12,Girona,Levante,1,2,A,0,0,D,14,6,6,2,9,2,15,16,2,3,0,0,2.15,3.6,3.2,8,4,7,-1,-1,0
SP1,2019-05-12,Leganes,Espanol,0,2,A,0,1,A,11,19,4,7,6,7,11,9,4,1,1,0,2.4,3.5,2.87,-8,-3,-1,2,3,1
SP1,2019-05-12,Sociedad,Real Madrid,3,1,H,1,1,D,19,6,7,2,5,2,12,16,1,2,0,1,3.0,3.6,2.3,13,5,3,-4,-1,-1
SP1,2019-05-12,Valencia,Alaves,3,1,H,2,1,H,10,10,4,3,7,4,9,14,2,5,0,0,1.4,5.0,7.5,0,1,3,-5,-3,0
SP1,2019-05-12,Vallecano,Valladolid,1,2,A,0,1,A,16,9,5,6,4,2,13,9,2,2,0,0,4.2,3.8,1.8,7,-1,2,4,0,0
SP1,2019-05-12,Villarreal,Eibar,1,0,H,0,0,D,11,4,3,0,5,3,11,14,3,2,0,0,1.6,4.33,5.0,7,3,2,-3,1,0
SP1,2019-05-12,Ath Bilbao,Celta,3,1,H,3,0,H,8,3,4,2,3,3,16,18,4,3,0,0,2.0,3.5,3.8,5,2,0,-2,1,0
SP1,2019-05-12,Ath Madrid,Sevilla,1,1,D,1,0,H,11,11,4,5,5,7,16,12,5,4,0,0,2.1,3.6,3.4,0,-1,-2,4,1,0
SP1,2019-05-18,Valladolid,Valencia,0,2,A,0,1,A,19,9,4,6,8,2,12,10,1,3,0,0,8.0,5.25,1.36,10,-2,6,2,-2,0
SP1,2019-05-18,Sevilla,Ath Bilbao,2,0,H,1,0,H,9,9,3,1,2,3,14,19,4,2,0,0,1.85,3.4,4.33,0,2,-1,-5,2,0
SP1,2019-05-18,Levante,Ath Madrid,2,2,D,2,0,H,17,17,7,8,6,4,9,7,0,1,0,1,3.75,3.75,1.95,0,-1,2,2,-1,-1
SP1,2019-05-18,Celta,Vallecano,2,2,D,0,1,A,14,11,5,4,3,5,16,20,0,4,0,0,1.45,4.75,7.0,3,1,-2,-4,-4,0
SP1,2019-05-18,Getafe,Villarreal,2,2,D,1,1,D,17,8,5,4,6,4,16,20,2,3,0,0,1.61,4.2,5.25,9,1,2,-4,-1,0
SP1,2019-05-18,Espanol,Sociedad,2,0,H,0,0,D,9,11,4,2,4,5,13,13,3,2,0,0,2.3,3.6,3.0,-2,2,-1,0,1,0
SP1,2019-05-18,Huesca,Leganes,2,1,H,0,1,A,15,9,6,1,4,6,18,12,0,1,0,0,2.5,3.75,2.62,6,5,-2,6,-1,0
SP1,2019-05-18,Alaves,Girona,2,1,H,1,0,H,14,13,7,4,6,4,13,10,3,3,0,0,2.25,3.5,3.1,1,3,2,3,0,0
SP1,2019-05-19,Eibar,Barcelona,2,2,D,2,2,D,15,6,8,3,5,2,11,3,4,2,0,0,3.6,4.0,1.9,9,5,3,8,2,0
SP1,2019-05-19,Real Madrid,Betis,0,2,A,0,0,D,9,9,2,7,1,5,17,11,4,1,0,0,1.57,4.75,4.75,0,-5,-4,6,3,0
SP1,2019-08-16,Ath Bilbao,Barcelona,1,0,H,0,0,D,11,11,5,2,3,8,14,9,1,1,0,0,5.25,3.8,1.65,0,3,-5,5,0,0
SP1,2019-08-17,Celta,Real Madrid,1,3,A,0,1,A,7,17,4,11,6,4,17,12,5,2,0,1,4.75,4.2,1.65,-10,-7,2,5,3,-1
SP1,2019-08-17,Valencia,Sociedad,1,1,D,0,0,D,14,12,6,3,3,3,13,14,4,4,1,0,1.66,3.75,5.5,2,3,0,-1,0,1
SP1,2019-08-17,Mallorca,Eibar,2,1,H,1,0,H,16,11,4,5,9,3,13,14,2,3,0,0,2.8,3.2,2.6,5,-1,6,-1,-1,0
SP1,2019-08-17,Leganes,Osasuna,0,1,A,0,0,D,13,4,2,2,8,0,17,11,1,4,1,0,2.0,3.2,4.2,9,0,8,6,-3,1
SP1,2019-08-17,Villarreal,Granada,4,4,D,1,1,D,12,14,7,7,2,7,10,16,3,1,0,0,1.6,3.8,6.5,-2,0,-5,-6,2,0
SP1,2019-08-18,Alaves,Levante,1,0,H,0,0,D,9,16,2,4,2,9,18,15,2,1,0,0,2.15,3.2,3.6,-7,-2,-7,3,1,0
SP1,2019-08-18,Espanol,Sevilla,0,2,A,0,1,A,7,12,2,4,8,4,11,17,2,2,0,0,3.2,3.3,2.3,-5,-2,4,-6,0,0
SP1,2019-08-18,Betis,Valladolid,1,2,A,0,0,D,13,14,4,3,6,1,11,19,2,6,1,0,1.66,3.75,5.5,-1,1,5,-8,-4,1
SP1,2019-08-18,Ath Madrid,Getafe,1,0,H,1,0,H,5,6,5,0,3,4,19,22,3,4,1,1,1.44,4.33,8.0,-1,5,-1,-3,-1,0
SP1,2019-08-23,Levante,Villarreal,2,1,H,0,1,A,16,23,4,6,7,3,5,9,1,2,0,0,2.55,3.4,2.62,-7,-2,4,-4,-1,0
SP1,2019-08-23,Granada,Sevilla,0,1,A,0,0,D,12,11,0,6,6,6,13,14,1,1,0,0,3.6,3.6,1.95,1,-6,0,-1,0,0
SP1,2019-08-24,Osasuna,Eibar,0,0,D,0,0,D,6,12,2,0,6,6,15,12,4,4,0,0,2.5,3.2,2.9,-6,2,0,3,0,0
SP1,2019-08-24,Getafe,Ath Bilbao,1,1,D,1,1,D,6,4,2,2,4,6,15,11,2,1,0,0,2.6,3.0,2.9,2,0,-2,4,1,0
SP1,2019-08-24,Real Madrid,Valladolid,1,1,D,0,0,D,22,9,4,2,4,3,12,11,2,2,0,0,1.2,6.5,13.0,13,2,1,1,0,0
SP1,2019-08-24,Celta,Valencia,1,0,H,1,0,H,11,9,6,1,6,4,8,12,1,2,0,0,3.1,3.4,2.25,2,5,2,-4,-1,0
SP1,2019-08-25,Alaves,Espanol,0,0,D,0,0,D,10,5,2,1,3,5,13,10,3,1,0,0,2.45,3.2,3.0,5,1,-2,3,2,0
SP1,2019-08-25,Leganes,Ath Madrid,0,1,A,0,0,D,10,6,4,4,9,4,12,13,4,5,0,0,4.75,3.4,1.8,4,0,5,-1,-1,0
SP1,2019-08-25,Barcelona,Betis,5,2,H,1,1,D,20,4,7,3,11,0,14,12,1,1,0,0,1.25,6.0,10.0,16,4,11,2,0,0
SP1,2019-08-25,Mallorca,Sociedad,0,1,A,0,0,D,12,12,4,4,5,5,16,12,1,2,0,0,3.1,3.1,2.4,0,0,0,4,-1,0
SP1,2019-08-30,Sevilla,Celta,1,1,D,0,0,D,19,2,5,1,9,1,16,9,4,2,0,0,1.53,4.2,6.0,17,4,8,7,2,0
SP1,2019-08-30,Ath Bilbao,Sociedad,2,0,H,2,0,H,15,2,5,2,3,0,17,17,2,3,0,0,2.3,3.1,3.4,13,3,3,0,-1,0
SP1,2019-08-31,Osasuna,Barcelona,2,2,D,1,0,H,15,8,5,4,3,2,16,9,3,4,0,0,10.0,5.0,1.33,7,1,1,7,-1,0
SP1,2019-08-31,Getafe,Alaves,1,1,D,1,1,D,15,5,1,1,4,2,11,17,3,1,0,0,1.72,3.4,5.75,10,0,2,-6,2,0
SP1,2019-08-31,Levante,Valladolid,2,0,H,0,0,D,16,15,3,4,6,6,9,10,2,2,0,0,2.0,3.5,3.75,1,-1,0,-1,0,0
SP1,2019-08-31,Betis,Leganes,2,1,H,0,0,D,17,19,5,7,11,8,14,15,4,2,0,0,1.95,3.3,4.33,-2,-2,3,-1,2,0
SP1,2019-09-01,Valencia,Mallorca,2,0,H,1,0,H,9,12,4,1,7,4,6,19,0,1,0,0,1.4,4.75,8.0,-3,3,3,-13,-1,0
SP1,2019-09-01,Ath Madrid,Eibar,3,2,H,1,2,A,7,6,3,2,1,1,9,15,0,3,0,0,1.4,4.0,10.0,1,1,0,-6,-3,0
SP1,2019-09-01,Espanol,Granada,0,3,A,0,1,A,15,14,3,6,8,6,6,13,2,3,0,0,2.05,3.3,4.0,1,-3,2,-7,-1,0
SP1,2019-09-01,Villarreal,Real Madrid,2,2,D,1,1,D,10,17,5,5,1,8,8,14,1,4,0,1,3.6,4.0,1.9,-7,0,-7,-6,-3,-1
SP1,2019-09-13,Mallorca,Ath Bilbao,0,0,D,0,0,D,10,11,1,5,4,6,15,18,4,3,0,0,3.4,3.1,2.3,-1,-4,-2,-3,1,0
SP1,2019-09-14,Barcelona,Valencia,5,2,H,2,1,H,17,9,10,3,2,5,11,11,1,4,0,0,1.44,4.75,7.0,8,7,-3,0,-3,0
SP1,2019-09-14,Leganes,Villarreal,0,3,A,0,2,A,10,8,4,4,8,6,14,11,2,0,0,0,2.45,3.1,3.2,2,0,2,3,2,0
SP1,2019-09-14,Sociedad,Ath Madrid,2,0,H,0,0,D,14,12,5,2,5,5,13,10,1,3,0,0,3.8,3.2,2.1,2,3,0,3,-2,0
SP1,2019-09-14,Real Madrid,Levante,3,2,H,3,0,H,25,8,11,3,9,6,13,10,2,2,0,0,1.22,6.5,12.0,17,8,3,3,0,0
SP1,2019-09-15,Betis,Getafe,1,1,D,0,1,A,7,12,2,4,5,6,11,28,3,6,2,0,2.2,3.1,3.6,-5,-2,-1,-17,-3,2
SP1,2019-09-15,Alaves,Sevilla,0,1,A,0,1,A,7,19,0,7,2,6,13,7,5,5,0,0,4.2,3.2,2.0,-12,-7,-4,6,0,0
SP1,2019-09-15,Celta,Granada,0,2,A,0,1,A,4,13,0,3,3,5,11,13,4,2,2,0,1.83,3.6,4.33,-9,-3,-2,-2,2,2
SP1,2019-09-15,Eibar,Espanol,1,2,A,0,0,D,11,7,1,2,7,2,14,16,2,4,0,1,2.0,3.3,4.0,4,-1,5,-2,-2,-1
SP1,2019-09-15,Valladolid,Osasuna,1,1,D,0,0,D,11,17,1,5,10,6,9,10,0,1,0,0,2.15,3.1,3.75,-6,-4,4,-1,-1,0
SP1,2019-09-20,Osasuna,Betis,0,0,D,0,0,D,12,7,6,2,9,4,15,9,1,2,0,0,2.25,3.3,3.25,5,4,5,6,-1,0
SP1,2019-09-21,Villarreal,Valladolid,2,0,H,0,0,D,18,7,6,3,4,8,12,8,2,1,0,0,1.61,4.0,5.5,11,3,-4,4,1,0
SP1,2019-09-21,Levante,Eibar,0,0,D,0,0,D,13,18,4,4,6,7,9,11,0,2,0,0,2.3,3.4,3.1,-5,0,-1,-2,-2,0
SP1,2019-09-21,Ath Madrid,Celta,0,0,D,0,0,D,20,6,5,3,13,3,14,12,3,5,0,0,1.4,4.33,9.5,14,2,10,2,-2,0
SP1,2019-09-21,Granada,Barcelona,2,0,H,1,0,H,9,8,4,1,4,5,22,12,3,2,0,0,10.0,5.5,1.3,1,3,-1,10,1,0
SP1,2019-09-22,Getafe,Mallorca,4,2,H,2,0,H,14,7,5,3,7,2,15,17,4,5,0,0,1.85,3.25,5.0,7,2,5,-2,-1,0
SP1,2019-09-22,Espanol,Sociedad,1,3,A,0,2,A,17,10,3,5,5,7,7,12,1,0,0,0,3.0,3.25,2.45,7,-2,-2,-5,1,0
SP1,2019-09-22,Valencia,Leganes,1,1,D,1,1,D,13,13,4,4,6,6,14,23,3,4,0,0,1.61,4.0,5.5,0,0,0,-9,-1,0
SP1,2019-09-22,Ath Bilbao,Alaves,2,0,H,1,0,H,13,5,4,1,3,2,11,19,1,4,0,0,1.61,3.75,6.0,8,3,1,-8,-3,0
SP1,2019-09-22,Sevilla,Real Madrid,0,1,A,0,0,D,9,7,0,4,9,6,16,15,3,2,0,0,2.62,3.8,2.45,2,-4,3,1,1,0
SP1,2019-09-24,Valladolid,Granada,1,1,D,1,1,D,9,6,5,4,6,3,21,18,3,2,0,0,2.25,3.3,3.3,3,1,3,3,1,0
SP1,2019-09-24,Betis,Levante,3,1,H,1,1,D,17,17,5,3,5,2,11,11,2,2,0,0,1.95,3.6,3.8,0,2,3,0,0,0
SP1,2019-09-24,Barcelona,Villarreal,2,1,H,2,1,H,8,11,4,3,6,5,4,13,4,2,0,0,1.3,5.75,9.0,-3,1,1,-9,2,0
SP1,2019-09-25,Real Madrid,Osasuna,2,0,H,1,0,H,15,4,4,0,7,5,13,13,2,2,0,0,1.2,7.0,13.0,11,4,2,0,0,0
SP1,2019-09-25,Mallorca,Ath Madrid,0,2,A,0,1,A,9,13,3,3,8,5,8,15,3,5,0,1,6.5,3.6,1.61,-4,0,3,-7,-2,-1
SP1,2019-09-25,Leganes,Ath Bilbao,1,1,D,0,0,D,7,9,3,2,4,5,11,12,0,1,0,0,2.87,3.0,2.7,-2,1,-1,-1,-1,0
SP1,2019-09-25,Valencia,Getafe,3,3,D,3,1,H,8,18,4,5,4,5,14,26,1,4,0,0,1.9,3.3,4.5,-10,-1,-1,-12,-3,0
SP1,2019-09-26,Eibar,Sevilla,3,2,H,0,2,A,11,7,4,4,3,1,11,19,3,4,0,0,3.5,3.3,2.15,4,0,2,-8,-1,0
SP1,2019-09-26,Celta,Espanol,1,1,D,0,0,D,14,10,3,4,6,4,5,17,2,5,0,0,1.85,3.5,4.2,4,-1,2,-12,-3,0
SP1,2019-09-26,Sociedad,Alaves,3,0,H,3,0,H,21,5,7,0,5,3,7,20,1,4,0,1,1.6,4.0,5.5,16,7,2,-13,-3,-1
SP1,2019-09-27,Villarreal,Betis,5,1,H,1,0,H,17,11,10,6,3,7,13,8,2,2,0,0,1.83,3.8,4.1,6,4,-4,5,0,0
SP1,2019-09-28,Getafe,Barcelona,0,2,A,0,1,A,8,10,1,6,4,1,23,17,4,4,0,1,4.33,3.4,1.85,-2,-5,3,6,0,-1
SP1,2019-09-28,Ath Bilbao,Valencia,0,1,A,0,1,A,14,10,3,6,7,7,14,12,2,5,0,0,2.2,3.2,3.5,4,-3,0,2,-3,0
SP1,2019-09-28,Granada,Leganes,1,0,H,1,0,H,11,15,4,6,8,3,19,12,3,4,0,0,2.4,3.1,3.2,-4,-2,5,7,-1,0
SP1,2019-09-28,Ath Madrid,Real Madrid,0,0,D,0,0,D,7,14,1,3,5,7,14,14,1,2,0,0,2.4,3.3,3.0,-7,-2,-2,0,-1,0
SP1,2019-09-29,Levante,Osasuna,1,1,D,1,0,H,10,18,5,3,7,11,12,12,6,0,1,0,2.15,3.5,3.4,-8,2,-4,0,6,1
SP1,2019-09-29,Sevilla,Sociedad,3,2,H,1,1,D,21,5,8,2,7,0,9,8,1,1,0,0,1.85,3.5,4.5,16,6,7,1,0,0
SP1,2019-09-29,Eibar,Celta,2,0,H,0,0,D,7,3,3,2,6,5,17,15,3,1,0,0,2.25,3.3,3.25,4,1,1,2,2,0
SP1,2019-09-29,Espanol,Valladolid,0,2,A,0,1,A,16,9,2,6,4,3,16,13,2,0,1,0,1.95,3.3,4.2,7,-4,1,3,2,1
SP1,2019-09-29,Alaves,Mallorca,2,0,H,0,0,D,11,5,6,1,4,1,16,14,2,3,0,0,2.2,3.2,3.5,6,5,3,2,-1,0
SP1,2019-10-04,Betis,Eibar,1,1,D,0,1,A,12,8,3,2,4,9,7,20,3,6,0,1,2.0,3.6,3.7,4,1,-5,-13,-3,-1
SP1,2019-10-05,Leganes,Levante,1,2,A,0,1,A,25,9,10,2,9,4,10,7,3,5,0,0,2.0,3.5,3.8,16,8,5,3,-2,0
SP1,2019-10-05,Real Madrid,Granada,4,2,H,2,0,H,17,8,10,5,6,2,12,18,4,5,0,0,1.28,5.75,10.0,9,5,4,-6,-1,0
SP1,2019-10-05,Valencia,Alaves,2,1,H,1,0,H,11,10,3,4,4,7,7,16,1,3,0,0,1.5,4.33,6.5,1,-1,-3,-9,-2,0
SP1,2019-10-05,Osasuna,Villarreal,2,1,H,0,1,A,16,16,4,5,8,9,9,15,2,2,0,0,3.0,3.3,2.4,0,-1,-1,-6,0,0
SP1,2019-10-06,Mallorca,Espanol,2,0,H,1,0,H,9,11,3,3,2,4,11,11,1,3,0,0,2.45,3.25,3.0,-2,0,-2,0,-2,0
SP1,2019-10-06,Celta,Ath Bilbao,1,0,H,0,0,D,13,6,2,2,6,4,8,20,0,5,0,0,2.7,3.0,2.87,7,0,2,-12,-5,0
SP1,2019-10-06,Valladolid,Ath Madrid,0,0,D,0,0,D,5,9,1,1,3,4,15,14,6,4,0,0,5.5,3.5,1.72,-4,0,-1,1,2,0
SP1,2019-10-06,Sociedad,Getafe,1,2,A,1,0,H,6,13,3,4,3,8,20,15,2,4,1,0,1.9,3.4,4.33,-7,-1,-5,5,-2,1
SP1,2019-10-06,Barcelona,Sevilla,4,0,H,3,0,H,15,16,8,4,7,10,10,12,5,3,2,0,1.5,4.2,7.0,-1,4,-3,-2,2,2
SP1,2019-10-18,Granada,Osasuna,1,0,H,1,0,H,6,9,2,4,2,7,12,17,2,8,0,1,2.4,3.0,3.3,-3,-2,-5,-5,-6,-1
SP1,2019-10-19,Mallorca,Real Madrid,1,0,H,1,0,H,5,13,1,4,4,4,20,14,2,2,0,1,6.5,4.0,1.53,-8,-3,0,6,0,-1
SP1,2019-10-19,Ath Madrid,Valencia,1,1,D,1,0,H,15,11,4,3,2,4,18,12,2,1,0,1,1.57,3.75,6.0,4,1,-2,6,1,-1
SP1,2019-10-19,Eibar,Barcelona,0,3,A,0,1,A,5,9,0,4,2,2,16,14,5,0,0,0,6.0,4.5,1.5,-4,-4,0,2,5,0
SP1,2019-10-19,Getafe,Leganes,2,0,H,0,0,D,5,7,2,3,2,3,17,19,1,4,0,0,1.85,3.1,5.25,-2,-1,-1,-2,-3,0
SP1,2019-10-20,Alaves,Celta,2,0,H,0,0,D,12,14,5,2,4,6,20,5,5,1,0,0,2.9,3.0,2.62,-2,3,-2,15,4,0
SP1,2019-10-20,Sociedad,Betis,3,1,H,2,1,H,18,12,6,5,11,2,23,12,4,2,0,0,1.75,3.9,4.33,6,1,9,11,2,0
SP1,2019-10-20,Espanol,Villarreal,0,1,A,0,1,A,18,11,3,5,7,3,11,14,2,1,0,0,3.0,3.3,2.37,7,-2,4,-3,1,0
SP1,2019-10-20,Ath Bilbao,Valladolid,1,1,D,1,0,H,19,9,7,3,3,4,12,9,2,3,0,0,1.66,3.4,6.5,10,4,-1,3,-1,0
SP1,2019-10-20,Sevilla,Levante,1,0,H,0,0,D,19,12,5,5,9,1,10,11,2,2,0,0,1.33,5.5,9.0,7,0,8,-1,0,0
SP1,2019-10-25,Villarreal,Alaves,4,1,H,1,0,H,19,12,8,3,5,4,12,13,2,2,0,0,1.5,4.2,6.5,7,5,1,-1,0,0
SP1,2019-10-26,Leganes,Mallorca,1,0,H,1,0,H,9,9,3,1,4,5,19,13,4,1,0,0,1.8,3.4,4.75,0,2,-1,6,3,0
SP1,2019-10-26,Valladolid,Eibar,2,0,H,2,0,H,8,13,4,3,4,3,13,13,1,2,0,0,2.4,3.1,3.2,-5,1,1,0,-1,0
SP1,2019-10-26,Ath Madrid,Ath Bilbao,2,0,H,1,0,H,9,9,2,2,7,7,14,9,2,2,0,0,1.7,3.5,5.75,0,0,0,5,0,0
SP1,2019-10-27,Osasuna,Valencia,3,1,H,1,1,D,21,2,13,1,6,1,8,6,1,1,0,1,2.87,3.1,2.62,19,12,5,2,0,-1
SP1,2019-10-27,Sevilla,Getafe,2,0,H,0,0,D,15,9,8,4,5,0,13,18,2,3,0,0,1.72,3.3,6.0,6,4,5,-5,-1,0
SP1,2019-10-27,Granada,Betis,1,0,H,0,0,D,13,12,3,0,4,2,13,8,3,4,0,0,2.45,3.2,3.0,1,3,2,5,-1,0
SP1,2019-10-27,Celta,Sociedad,0,1,A,0,0,D,9,9,1,4,3,7,20,12,5,2,1,0,3.0,3.25,2.45,0,-3,-4,8,3,1
SP1,2019-10-27,Levante,Espanol,0,1,A,0,1,A,7,14,3,3,4,7,10,26,2,3,0,0,2.1,3.5,3.5,-7,0,-3,-16,-1,0
SP1,2019-10-29,Alaves,Ath Madrid,1,1,D,0,0,D,11,9,3,3,4,1,23,16,3,3,0,0,6.0,3.5,1.65,2,0,3,7,0,0
SP1,2019-10-29,Barcelona,Valladolid,5,1,H,3,1,H,18,9,9,1,6,3,9,14,0,3,0,0,1.12,9.5,17.0,9,8,3,-5,-3,0
SP1,2019-10-30,Sociedad,Levante,1,2,A,0,2,A,17,13,5,4,9,5,15,12,3,4,0,0,1.5,4.5,6.5,4,1,4,3,-1,0
SP1,2019-10-30,Valencia,Sevilla,1,1,D,0,1,A,10,10,3,1,6,1,12,17,6,3,0,0,2.8,3.4,2.5,0,2,5,-5,3,0
SP1,2019-10-30,Ath Bilbao,Espanol,3,0,H,2,0,H,7,12,5,5,2,5,13,20,0,1,0,0,1.9,3.25,4.5,-5,0,-3,-7,-1,0
SP1,2019-10-30,Betis,Celta,2,1,H,1,0,H,11,18,7,5,5,10,16,17,6,1,0,0,2.0,3.5,3.75,-7,2,-5,-1,5,0
SP1,2019-10-30,Real Madrid,Leganes,5,0,H,3,0,H,22,5,11,3,8,3,12,12,1,5,0,0,1.25,6.0,12.0,17,8,5,0,-4,0
SP1,2019-10-31,Mallorca,Osasuna,2,2,D,1,0,H,11,12,3,4,5,3,9,10,1,5,0,0,2.45,3.0,3.1,-1,-1,2,-1,-4,0
SP1,2019-10-31,Getafe,Granada,3,1,H,2,0,H,8,10,3,2,2,3,22,11,5,5,0,0,1.9,3.3,4.33,-2,1,-1,11,0,0
SP1,2019-10-31,Eibar,Villarreal,2,1,H,0,0,D,25,9,8,2,8,3,11,12,0,3,0,0,2.62,3.5,2.5,16,6,5,-1,-3,0
SP1,2019-11-02,Espanol,Valencia,1,2,A,1,0,H,13,11,4,4,5,5,20,14,0,1,0,0,2.7,3.3,2.62,2,0,0,6,-1,0
SP1,2019-11-02,Levante,Barcelona,3,1,H,0,1,A,9,9,3,6,2,3,9,13,1,6,0,0,9.0,5.75,1.3,0,-3,-1,-4,-5,0
SP1,2019-11-02,Sevilla,Ath Madrid,1,1,D,1,0,H,11,14,4,5,6,3,13,16,4,3,0,0,2.3,3.2,3.3,-3,-1,3,-3,1,0
SP1,2019-11-02,Real Madrid,Betis,0,0,D,0,0,D,22,13,7,3,9,4,11,17,2,4,0,0,1.25,6.5,9.0,9,4,5,-6,-2,0
SP1,2019-11-03,Celta,Getafe,0,1,A,0,1,A,6,9,2,5,4,4,6,19,3,3,0,0,2.5,3.1,3.0,-3,-3,0,-13,0,0
SP1,2019-11-03,Valladolid,Mallorca,3,0,H,1,0,H,12,14,6,1,2,6,15,20,5,4,0,0,2.0,3.3,4.0,-2,5,-4,-5,1,0
SP1,2019-11-03,Villarreal,Ath Bilbao,0,0,D,0,0,D,11,12,7,2,8,10,10,8,2,0,0,0,1.83,3.6,4.5,-1,5,-2,2,2,0
SP1,2019-11-03,Osasuna,Alaves,4,2,H,3,1,H,19,11,6,3,5,1,13,17,4,2,0,0,2.1,2.87,4.5,8,3,4,-4,2,0
SP1,2019-11-03,Leganes,Eibar,1,2,A,1,1,D,12,7,5,4,4,2,16,20,5,2,0,0,2.25,3.1,3.5,5,1,2,-4,3,0
SP1,2019-11-03,Granada,Sociedad,1,2,A,1,1,D,5,9,3,5,4,5,15,19,0,2,0,0,3.1,3.2,2.45,-4,-2,-1,-4,-2,0
SP1,2019-11-08,Sociedad,Leganes,1,1,D,0,0,D,11,6,5,2,5,1,14,23,2,6,0,1,1.8,3.4,5.0,5,3,4,-9,-4,-1
SP1,2019-11-09,Barcelona,Celta,4,1,H,2,1,H,10,6,7,5,2,2,18,14,4,1,0,0,1.2,7.5,13.0,4,2,0,4,3,0
SP1,2019-11-09,Alaves,Valladolid,3,0,H,2,0,H,14,7,5,1,6,7,21,16,3,3,0,0,2.4,3.0,3.4,7,4,-1,5,0,0
SP1,2019-11-09,Valencia,Granada,2,0,H,0,0,D,12,13,4,1,7,4,11,15,0,5,0,0,1.61,3.7,6.0,-1,3,3,-4,-5,0
SP1,2019-11-09,Eibar,Real Madrid,0,4,A,0,3,A,14,10,1,5,6,6,9,8,0,0,0,0,5.25,4.33,1.6,4,-4,0,1,0,0
SP1,2019-11-10,Getafe,Osasuna,0,0,D,0,0,D,14,4,5,1,9,5,15,16,2,4,0,0,1.95,3.3,4.33,10,4,4,-1,-2,0
SP1,2019-11-10,Betis,Sevilla,1,2,A,1,1,D,18,10,5,6,4,4,12,21,2,3,0,0,3.6,3.4,2.1,8,-1,0,-9,-1,0
SP1,2019-11-10,Ath Madrid,Espanol,3,1,H,1,1,D,18,10,5,1,9,2,12,15,2,2,0,0,1.45,4.0,8.5,8,4,7,-3,0,0
SP1,2019-11-10,Mallorca,Villarreal,3,1,H,2,0,H,5,22,3,6,2,5,18,17,2,3,0,0,3.6,3.25,2.15,-17,-3,-3,1,-1,0
SP1,2019-11-10,Ath Bilbao,Levante,2,1,H,0,1,A,23,8,10,2,10,2,13,13,3,2,0,0,1.66,3.75,5.5,15,8,8,0,1,0
SP1,2019-11-22,Levante,Mallorca,2,1,H,0,0,D,13,14,6,7,3,6,13,9,2,1,1,0,1.75,3.75,4.5,-1,-1,-3,4,1,1
SP1,2019-11-23,Leganes,Barcelona,1,2,A,1,0,H,9,11,4,6,0,6,11,10,1,2,0,0,7.0,4.75,1.44,-2,-2,-6,1,-1,0
SP1,2019-11-23,Betis,Valencia,2,1,H,1,1,D,25,9,8,3,5,4,9,13,2,2,0,0,2.4,3.4,2.9,16,5,1,-4,0,0
SP1,2019-11-23,Granada,Ath Madrid,1,1,D,0,0,D,9,17,3,6,2,8,15,17,4,3,0,0,5.0,3.1,1.9,-8,-3,-6,-2,1,0
SP1,2019-11-23,Real Madrid,Sociedad,3,1,H,1,1,D,18,11,10,6,4,3,13,16,1,1,0,0,1.36,5.5,7.5,7,4,1,-3,0,0
SP1,2019-11-24,Espanol,Getafe,1,1,D,1,1,D,6,11,2,2,3,3,23,12,3,4,0,0,2.87,2.9,2.8,-5,0,0,11,-1,0
SP1,2019-11-24,Osasuna,Ath Bilbao,1,2,A,0,1,A,12,6,7,4,6,2,15,18,4,3,0,0,2.6,3.0,3.0,6,3,4,-3,1,0
SP1,2019-11-24,Eibar,Alaves,0,2,A,0,0,D,18,7,7,5,10,4,10,11,1,2,0,0,1.85,3.5,4.5,11,2,6,-1,-1,0
SP1,2019-11-24,Villarreal,Celta,1,3,A,0,0,D,15,11,1,7,8,2,12,9,3,2,0,0,1.8,3.8,4.33,4,-6,6,3,1,0
SP1,2019-11-24,Valladolid,Sevilla,0,1,A,0,1,A,7,4,1,2,8,4,13,25,3,4,0,1,4.0,3.5,1.9,3,-1,4,-12,-1,-1
SP1,2019-11-29,Celta,Valladolid,0,0,D,0,0,D,13,9,5,2,11,3,11,17,1,3,0,0,1.75,3.6,5.0,4,3,8,-6,-2,0
SP1,2019-11-30,Valencia,Villarreal,2,1,H,0,0,D,13,24,7,7,6,4,8,17,1,2,0,0,2.4,3.4,2.9,-11,0,2,-9,-1,0
SP1,2019-11-30,Mallorca,Betis,1,2,A,0,2,A,16,15,7,3,6,5,16,15,3,4,1,0,2.62,3.3,2.7,1,4,1,1,-1,1
SP1,2019-11-30,Alaves,Real Madrid,1,2,A,0,0,D,8,12,2,6,9,4,18,11,4,3,0,0,6.5,4.33,1.5,-4,-4,5,7,1,0
SP1,2019-11-30,Sociedad,Eibar,4,1,H,1,1,D,15,10,4,4,6,4,8,12,1,4,0,0,1.72,3.75,5.0,5,0,2,-4,-3,0
SP1,2019-12-01,Getafe,Levante,4,0,H,0,0,D,13,7,9,2,6,7,22,14,2,3,0,0,1.66,3.8,5.5,6,7,-1,8,-1,0
SP1,2019-12-01,Sevilla,Leganes,1,0,H,0,0,D,16,8,8,4,7,4,16,7,3,3,0,0,1.57,4.0,6.0,8,4,3,9,0,0
SP1,2019-12-01,Ath Bilbao,Granada,2,0,H,1,0,H,14,8,6,1,4,3,18,16,5,4,0,0,1.7,3.4,6.0,6,5,1,2,1,0
SP1,2019-12-01,Espanol,Osasuna,2,4,A,1,0,H,12,14,5,8,2,3,12,16,1,4,0,1,2.15,3.1,3.6,-2,-3,-1,-4,-3,-1
SP1,2019-12-01,Ath Madrid,Barcelona,0,1,A,0,0,D,17,13,2,5,9,5,12,11,4,4,0,0,2.75,3.3,2.6,4,-3,4,1,0,0
SP1,2019-12-06,Villarreal,Ath Madrid,0,0,D,0,0,D,23,18,3,3,11,6,11,11,2,1,0,0,3.6,3.3,2.15,5,0,5,0,1,0
SP1,2019-12-07,Real Madrid,Espanol,2,0,H,1,0,H,18,6,8,2,5,3,15,13,4,3,1,0,1.2,7.0,13.0,12,6,2,2,1,1
SP1,2019-12-07,Granada,Alaves,3,0,H,0,0,D,13,5,3,1,6,2,16,17,1,4,0,2,2.2,3.1,3.5,8,2,4,-1,-3,-2
SP1,2019-12-07,Levante,Valencia,2,4,A,2,1,H,17,10,6,6,5,1,14,14,5,2,1,0,3.2,3.75,2.15,7,0,4,0,3,1
SP1,2019-12-07,Barcelona,Mallorca,5,2,H,4,1,H,25,9,17,3,8,4,15,10,3,0,0,0,1.14,8.5,17.0,16,14,4,5,3,0
SP1,2019-12-08,Eibar,Getafe,0,1,A,0,0,D,6,6,3,3,3,8,16,15,5,1,1,0,2.8,2.9,2.87,0,0,-5,1,4,1
SP1,2019-12-08,Betis,Ath Bilbao,3,2,H,3,1,H,10,8,6,2,3,3,12,15,2,4,0,0,2.3,3.2,3.3,2,4,0,-3,-2,0
SP1,2019-12-08,Valladolid,Sociedad,0,0,D,0,0,D,4,16,2,2,1,4,10,19,0,4,0,0,3.2,3.2,2.37,-12,0,-3,-9,-4,0
SP1,2019-12-08,Leganes,Celta,3,2,H,2,0,H,15,9,8,4,3,5,14,11,3,3,0,1,2.37,3.1,3.3,6,4,-2,3,0,-1
SP1,2019-12-08,Osasuna,Sevilla,1,1,D,1,1,D,10,13,1,4,2,6,22,10,4,4,1,0,3.4,3.3,2.2,-3,-3,-4,12,0,1
SP1,2019-12-13,Alaves,Leganes,1,1,D,0,1,A,10,3,3,1,2,0,14,17,2,3,0,0,2.4,3.0,3.2,7,2,2,-3,-1,0
SP1,2019-12-14,Granada,Levante,1,2,A,0,0,D,18,13,4,6,8,6,14,12,4,3,0,0,2.0,3.6,3.8,5,-2,2,2,1,0
SP1,2019-12-14,Sociedad,Barcelona,2,2,D,1,1,D,19,9,5,5,8,5,7,8,0,1,0,0,5.25,4.2,1.61,10,0,3,-1,-1,0
SP1,2019-12-14,Ath Bilbao,Eibar,0,0,D,0,0,D,8,8,3,2,6,7,7,12,3,3,0,0,1.66,3.75,5.5,0,1,-1,-5,0,0
SP1,2019-12-14,Ath Madrid,Osasuna,2,0,H,0,0,D,19,15,9,3,6,5,16,10,2,1,0,0,1.4,4.33,10.0,4,6,1,6,1,0
SP1,2019-12-15,Getafe,Valladolid,2,0,H,1,0,H,7,10,3,3,4,3,28,10,3,3,0,0,1.66,3.6,6.0,-3,0,1,18,0,0
SP1,2019-12-15,Celta,Mallorca,2,2,D,1,1,D,18,8,7,2,3,3,14,16,3,5,0,1,1.7,3.8,5.0,10,5,0,-2,-2,-1
SP1,2019-12-15,Espanol,Betis,2,2,D,2,1,H,16,10,4,5,7,5,26,13,4,1,0,0,2.6,3.25,2.8,6,-1,2,13,3,0
SP1,2019-12-15,Sevilla,Villarreal,1,2,A,0,1,A,24,9,5,3,14,2,12,11,2,0,0,0,1.66,4.0,5.0,15,2,12,1,2,0
SP1,2019-12-15,Valencia,Real Madrid,1,1,D,0,0,D,9,19,6,6,1,2,11,15,1,2,0,0,3.8,3.8,1.9,-10,0,-1,-4,-1,0
SP1,2019-12-18,Barcelona,Real Madrid,0,0,D,0,0,D,9,17,2,4,2,6,5,17,3,5,0,0,1.72,4.2,4.33,-8,-2,-4,-12,-2,0
SP1,2019-12-20,Eibar,Granada,3,0,H,2,0,H,21,12,7,1,5,5,17,13,3,3,0,0,2.1,3.25,3.8,9,6,0,4,0,0
SP1,2019-12-21,Mallorca,Sevilla,0,2,A,0,1,A,8,13,1,6,3,6,15,12,6,3,0,0,5.0,4.0,1.66,-5,-5,-3,3,3,0
SP1,2019-12-21,Barcelona,Alaves,4,1,H,2,0,H,8,5,4,3,3,4,10,11,2,4,0,0,1.12,9.0,21.0,3,1,-1,-1,-2,0
SP1,2019-12-21,Villarreal,Getafe,1,0,H,0,0,D,11,7,4,0,2,5,8,18,2,5,0,1,2.2,3.25,3.5,4,4,-3,-10,-3,-1
SP1,2019-12-21,Valladolid,Valencia,1,1,D,0,0,D,14,5,6,2,5,4,10,12,0,3,0,0,3.5,3.4,2.15,9,4,1,-2,-3,0
SP1,2019-12-22,Leganes,Espanol,2,0,H,1,0,H,11,9,5,3,1,5,11,15,1,6,0,0,2.1,3.1,3.9,2,2,-4,-4,-5,0
SP1,2019-12-22,Osasuna,Sociedad,3,4,A,1,3,A,19,13,7,7,8,3,11,12,6,2,1,0,2.8,3.4,2.5,6,0,5,-1,4,1
SP1,2019-12-22,Betis,Ath Madrid,1,2,A,0,0,D,15,8,2,5,5,3,11,14,4,3,0,0,3.8,3.3,2.1,7,-3,2,-3,1,0
SP1,2019-12-22,Levante,Celta,3,1,H,0,1,A,13,12,7,5,8,7,8,15,3,6,0,0,2.62,3.4,2.62,1,2,1,-7,-3,0
SP1,2019-12-22,Real Madrid,Ath Bilbao,0,0,D,0,0,D,20,8,8,2,6,4,8,14,1,0,0,0,1.33,5.25,8.0,12,6,2,-6,1,0
SP1,2020-01-03,Sevilla,Ath Bilbao,1,1,D,0,1,A,9,6,2,1,9,1,16,20,2,4,0,0,1.61,3.75,6.0,3,1,8,-4,-2,0
SP1,2020-01-03,Valladolid,Leganes,2,2,D,1,2,A,14,12,5,5,4,3,16,13,3,2,0,0,2.7,2.87,3.0,2,0,1,3,1,0
SP1,2020-01-04,Valencia,Eibar,1,0,H,1,0,H,9,10,1,3,6,5,13,20,1,3,0,1,1.61,3.9,5.5,-1,-2,1,-7,-2,-1
SP1,2020-01-04,Getafe,Real Madrid,0,3,A,0,1,A,15,10,4,8,7,4,20,14,3,2,0,0,4.2,3.6,1.85,5,-4,3,6,1,0
SP1,2020-01-04,Ath Madrid,Levante,2,1,H,2,1,H,17,6,8,3,5,5,9,10,1,3,0,0,1.25,5.75,12.0,11,5,0,-1,-2,0
SP1,2020-01-04,Espanol,Barcelona,2,2,D,1,0,H,8,14,3,7,4,5,17,11,2,2,0,1,6.5,4.75,1.45,-6,-4,-1,6,0,-1
SP1,2020-01-05,Granada,Mallorca,1,0,H,1,0,H,7,17,4,5,3,4,23,11,5,1,0,0,1.95,3.4,4.2,-10,-1,-1,12,4,0
SP1,2020-01-05,Sociedad,Villarreal,1,2,A,1,0,H,10,14,2,2,7,2,16,14,5,4,0,0,1.85,3.9,3.9,-4,0,5,2,1,0
SP1,2020-01-05,Alaves,Betis,1,1,D,1,0,H,6,10,1,3,3,6,18,15,7,3,0,1,2.6,3.25,2.8,-4,-2,-3,3,4,-1
SP1,2020-01-05,Celta,Osasuna,1,1,D,0,0,D,20,8,7,1,6,1,14,19,4,3,0,0,2.05,3.4,3.75,12,6,5,-5,1,0
SP1,2020-01-17,Leganes,Getafe,0,3,A,0,3,A,8,8,2,4,4,4,22,18,6,4,0,0,3.0,2.87,2.7,0,-2,0,4,2,0
SP1,2020-01-18,Eibar,Ath Madrid,2,0,H,1,0,H,9,12,4,4,6,7,16,14,1,2,0,0,5.25,3.3,1.8,-3,0,-1,2,-1,0
SP1,2020-01-18,Real Madrid,Sevilla,2,1,H,0,0,D,13,8,4,3,2,4,17,12,3,1,0,0,1.6,4.33,5.25,5,1,-2,5,2,0
SP1,2020-01-18,Osasuna,Valladolid,0,0,D,0,0,D,21,5,5,3,9,1,16,10,2,2,0,0,1.8,3.4,5.0,16,2,8,6,0,0
SP1,2020-01-18,Levante,Alaves,0,1,A,0,0,D,20,14,3,6,7,6,12,20,2,4,0,0,2.05,3.4,3.75,6,-3,1,-8,-2,0
SP1,2020-01-19,Mallorca,Valencia,4,1,H,3,0,H,13,8,6,1,1,6,18,11,4,4,0,1,3.75,3.4,2.05,5,5,-5,7,0,-1
SP1,2020-01-19,Betis,Sociedad,3,0,H,2,0,H,14,7,6,0,6,2,8,10,3,1,0,0,2.5,3.4,2.8,7,6,4,-2,2,0
SP1,2020-01-19,Villarreal,Espanol,1,2,A,0,1,A,21,16,5,5,4,4,15,18,1,3,0,1,1.65,3.8,5.75,5,0,0,-3,-2,-1
SP1,2020-01-19,Ath Bilbao,Celta,1,1,D,0,0,D,22,7,6,3,13,0,18,12,4,3,0,0,1.95,3.25,4.5,15,3,13,6,1,0
SP1,2020-01-19,Barcelona,Granada,1,0,H,0,0,D,18,5,6,1,7,0,11,17,0,4,0,1,1.16,7.5,17.0,13,5,7,-6,-4,-1
SP1,2020-01-24,Osasuna,Levante,2,0,H,0,0,D,15,6,3,2,5,5,18,11,3,3,0,0,1.66,4.0,4.75,9,1,0,7,0,0
SP1,2020-01-25,Sevilla,Granada,2,0,H,2,0,H,12,8,4,1,3,6,13,18,4,1,0,0,1.36,4.75,9.5,4,3,-3,-5,3,0
SP1,2020-01-25,Alaves,Villarreal,1,2,A,0,1,A,12,11,6,6,7,4,10,12,2,1,0,0,2.8,3.25,2.55,1,0,3,-2,1,0
SP1,2020-01-25,Espanol,Ath Bilbao,1,1,D,0,1,A,9,11,3,3,2,3,14,14,3,1,0,0,2.5,2.9,3.25,-2,0,-1,0,2,0
SP1,2020-01-25,Valencia,Barcelona,2,0,H,0,0,D,8,14,6,5,2,0,13,16,1,3,0,0,5.0,4.33,1.61,-6,1,2,-3,-2,0
SP1,2020-01-26,Ath Madrid,Leganes,0,0,D,0,0,D,14,10,3,4,7,6,10,19,2,6,0,1,1.44,4.0,9.0,4,-1,1,-9,-4,-1
SP1,2020-01-26,Celta,Eibar,0,0,D,0,0,D,18,5,5,3,6,3,9,16,1,0,0,0,2.0,3.4,3.8,13,2,3,-7,1,0
SP1,2020-01-26,Getafe,Betis,1,0,H,0,0,D,7,8,3,1,8,4,19,12,2,4,0,1,2.05,3.3,3.8,-1,2,4,7,-2,-1
SP1,2020-01-26,Sociedad,Mallorca,3,0,H,0,0,D,14,8,5,4,7,3,15,7,0,2,0,0,1.45,4.33,7.5,6,1,4,8,-2,0
SP1,2020-01-26,Valladolid,Real Madrid,0,1,A,0,0,D,4,12,0,3,3,5,7,11,1,3,0,0,7.5,4.5,1.44,-8,-3,-2,-4,-2,0
SP1,2020-02-01,Valencia,Celta,1,0,H,0,0,D,9,11,5,4,4,7,14,20,6,3,0,0,1.8,3.6,4.5,-2,1,-3,-6,3,0
SP1,2020-02-01,Mallorca,Valladolid,0,1,A,0,0,D,16,15,4,7,8,5,11,10,4,1,0,0,2.25,3.25,3.4,1,-3,3,1,3,0
SP1,2020-02-01,Granada,Espanol,2,1,H,1,1,D,8,22,2,4,3,9,15,17,3,3,0,0,2.7,3.1,2.8,-14,-2,-6,-2,0,0
SP1,2020-02-01,Real Madrid,Ath Madrid,1,0,H,0,0,D,16,4,5,1,5,6,18,11,2,3,0,0,1.8,3.5,4.75,12,4,-1,7,-1,0
SP1,2020-02-02,Leganes,Sociedad,2,1,H,0,1,A,12,2,5,1,3,1,24,19,4,3,0,0,2.9,3.1,2.6,10,4,2,5,1,0
SP1,2020-02-02,Eibar,Betis,1,1,D,1,1,D,8,14,3,6,2,7,15,16,2,2,0,0,2.5,3.4,2.8,-6,-3,-5,-1,0,0
SP1,2020-02-02,Ath Bilbao,Getafe,0,2,A,0,1,A,8,9,2,3,5,4,11,19,2,5,0,0,2.55,2.8,3.3,-1,-1,1,-8,-3,0
SP1,2020-02-02,Sevilla,Alaves,1,1,D,0,0,D,14,4,3,3,6,1,13,12,2,1,0,0,1.36,5.0,8.5,10,0,5,1,1,0
SP1,2020-02-02,Villarreal,Osasuna,3,1,H,1,0,H,9,17,4,5,4,6,19,15,3,2,0,0,1.75,4.0,4.33,-8,-1,-2,4,1,0
SP1,2020-02-02,Barcelona,Levante,2,1,H,2,0,H,23,10,9,5,8,3,6,10,2,0,0,0,1.14,9.0,15.0,13,4,5,-4,2,0
SP1,2020-02-07,Alaves,Eibar,2,1,H,0,0,D,9,5,5,1,3,5,16,10,3,2,0,0,2.25,3.2,3.4,4,4,-2,6,1,0
SP1,2020-02-08,Levante,Leganes,2,0,H,2,0,H,9,12,5,4,2,2,18,15,2,3,0,0,2.5,3.25,2.87,-3,1,0,3,-1,0
SP1,2020-02-08,Getafe,Valencia,3,0,H,0,0,D,22,5,10,0,10,0,12,6,4,4,0,1,2.0,3.3,4.0,17,10,10,6,0,-1
SP1,2020-02-08,Valladolid,Villarreal,1,1,D,1,0,H,8,8,1,3,2,4,14,22,3,3,0,0,3.0,3.2,2.45,0,-2,-2,-8,0,0
SP1,2020-02-08,Ath Madrid,Granada,1,0,H,1,0,H,6,10,3,2,2,3,16,19,4,6,0,0,1.4,4.2,10.0,-4,1,-1,-3,-2,0
SP1,2020-02-09,Osasuna,Real Madrid,1,4,A,1,2,A,14,17,4,7,4,3,11,15,2,2,0,0,5.75,4.5,1.53,-3,-3,1,-4,0,0
SP1,2020-02-09,Celta,Sevilla,2,1,H,0,1,A,13,12,7,4,3,4,16,14,3,2,0,0,3.4,3.4,2.2,1,3,-1,2,1,0
SP1,2020-02-09,Espanol,Mallorca,1,0,H,0,0,D,12,7,7,3,1,7,26,15,6,2,0,0,1.61,4.0,5.5,5,4,-6,11,4,0
SP1,2020-02-09,Sociedad,Ath Bilbao,2,1,H,0,0,D,14,6,4,3,4,4,7,15,2,2,0,1,2.05,3.3,3.8,8,1,0,-8,0,-1
SP1,2020-02-09,Betis,Barcelona,2,3,A,2,2,D,7,10,3,6,0,8,21,17,5,5,1,1,4.0,3.8,1.85,-3,-3,-8,4,0,0
SP1,2020-02-14,Valencia,Ath Madrid,2,2,D,1,2,A,9,8,3,3,11,4,12,16,3,3,0,0,3.4,3.1,2.3,1,0,7,-4,0,0
SP1,2020-02-15,Mallorca,Alaves,1,0,H,0,0,D,14,10,6,0,8,5,16,15,0,2,0,0,2.4,3.2,3.1,4,6,3,1,-2,0
SP1,2020-02-15,Barcelona,Getafe,2,1,H,2,0,H,12,7,5,2,2,3,12,30,3,2,0,0,1.4,4.75,8.0,5,3,-1,-18,1,0
SP1,2020-02-15,Villarreal,Levante,2,1,H,1,0,H,14,11,6,2,5,10,15,15,3,1,0,0,1.5,4.5,6.0,3,4,-5,0,2,0
SP1,2020-02-15,Granada,Valladolid,2,1,H,0,0,D,11,6,5,4,10,5,19,13,3,2,0,0,2.4,3.0,3.3,5,1,5,6,1,0
SP1,2020-02-16,Sevilla,Espanol,2,2,D,1,1,D,18,5,6,3,9,2,17,9,3,4,0,1,1.57,3.8,6.5,13,3,7,8,-1,-1
SP1,2020-02-16,Leganes,Betis,0,0,D,0,0,D,11,3,1,2,4,2,15,20,5,3,0,1,2.4,3.2,3.1,8,-1,2,-5,2,-1
SP1,2020-02-16,Ath Bilbao,Osasuna,0,1,A,0,1,A,12,6,2,2,4,0,14,20,4,4,0,0,2.0,3.25,4.1,6,0,4,-6,0,0
SP1,2020-02-16,Real Madrid,Celta,2,2,D,0,1,A,15,5,4,3,9,3,10,10,2,2,0,0,1.28,6.0,9.0,10,1,6,0,0,0
SP1,2020-02-21,Betis,Mallorca,3,3,D,2,2,D,19,11,6,4,7,1,13,12,2,1,0,0,1.45,4.6,7.0,8,2,6,1,1,0
SP1,2020-02-22,Celta,Leganes,1,0,H,0,0,D,3,11,1,2,2,9,13,17,3,3,1,0,1.8,3.4,4.75,-8,-1,-7,-4,0,1
SP1,2020-02-22,Barcelona,Eibar,5,0,H,3,0,H,13,12,11,5,5,5,8,19,0,2,0,0,1.2,6.5,13.0,1,6,0,-11,-2,0
SP1,2020-02-22,Sociedad,Valencia,3,0,H,2,0,H,19,6,7,1,6,7,19,9,1,1,0,0,1.65,4.0,4.75,13,6,-1,10,0,0
SP1,2020-02-22,Levante,Real Madrid,1,0,H,0,0,D,8,19,2,7,3,7,16,10,1,2,0,0,6.0,5.0,1.44,-11,-5,-4,6,-1,0
SP1,2020-02-23,Alaves,Ath Bilbao,2,1,H,1,1,D,4,13,4,5,2,9,17,12,4,4,0,0,2.9,3.0,2.7,-9,-1,-7,5,0,0
SP1,2020-02-23,Ath Madrid,Villarreal,3,1,H,1,1,D,16,10,9,4,6,1,14,6,1,2,0,0,1.65,3.75,5.5,6,5,5,8,-1,0
SP1,2020-02-23,Valladolid,Espanol,2,1,H,0,0,D,21,6,6,2,4,2,10,18,1,5,0,1,2.62,3.0,3.0,15,4,2,-8,-4,-1
SP1,2020-02-23,Osasuna,Granada,0,3,A,0,3,A,14,10,1,4,6,3,19,11,3,1,0,0,1.85,3.4,4.33,4,-3,3,8,2,0
SP1,2020-02-23,Getafe,Sevilla,0,3,A,0,1,A,10,8,2,5,5,3,14,17,7,3,0,0,2.3,3.1,3.4,2,-3,2,-3,4,0
SP1,2020-02-28,Sociedad,Valladolid,1,0,H,0,0,D,13,6,4,1,8,4,15,11,1,1,0,0,1.53,4.0,7.0,7,3,4,4,0,0
SP1,2020-02-29,Eibar,Levante,3,0,H,1,0,H,13,11,9,4,3,6,15,16,3,2,0,0,2.0,3.5,3.8,2,5,-3,-1,1,0
SP1,2020-02-29,Valencia,Betis,2,1,H,0,0,D,10,14,5,5,6,7,13,9,2,3,0,0,2.15,3.4,3.4,-4,0,-1,4,-1,0
SP1,2020-02-29,Leganes,Alaves,1,1,D,0,0,D,19,8,6,4,6,4,18,18,3,3,0,0,2.0,3.1,4.33,11,2,2,0,0,0
SP1,2020-02-29,Granada,Celta,0,0,D,0,0,D,14,6,0,2,6,1,14,11,3,5,0,0,2.8,3.0,2.75,8,-2,5,3,-2,0
SP1,2020-03-01,Real Madrid,Barcelona,2,0,H,0,0,D,13,9,5,4,8,2,13,10,2,2,0,0,2.2,3.6,3.1,4,1,6,3,0,0
SP1,2020-03-01,Sevilla,Osasuna,3,2,H,2,0,H,12,14,5,4,7,1,9,14,2,2,0,1,1.45,4.33,8.0,-2,1,6,-5,0,-1
SP1,2020-03-01,Ath Bilbao,Villarreal,1,0,H,0,0,D,18,10,6,3,5,6,11,13,6,6,0,0,2.3,3.3,3.2,8,3,-1,-2,0,0
SP1,2020-03-01,Espanol,Ath Madrid,1,1,D,1,0,H,9,5,3,2,3,4,20,18,3,4,0,0,4.2,3.1,2.05,4,1,-1,2,-1,0
SP1,2020-03-01,Mallorca,Getafe,0,1,A,0,0,D,4,9,1,5,4,3,13,24,4,5,1,0,3.7,3.0,2.25,-5,-4,1,-11,-1,1
SP1,2020-03-06,Alaves,Valencia,1,1,D,0,1,A,13,6,2,2,3,3,9,10,5,3,0,0,2.6,3.25,2.75,7,0,0,-1,2,0
SP1,2020-03-07,Eibar,Mallorca,1,2,A,0,1,A,13,10,2,4,4,3,16,8,5,3,0,0,1.7,3.6,5.25,3,-2,1,8,2,0
SP1,2020-03-07,Ath Madrid,Sevilla,2,2,D,2,2,D,21,12,3,4,8,4,14,16,2,4,0,0,1.9,3.4,4.33,9,-1,4,-2,-2,0
SP1,2020-03-07,Barcelona,Sociedad,1,0,H,0,0,D,13,9,6,1,4,4,12,10,4,3,0,0,1.33,5.5,8.5,4,5,0,2,1,0
SP1,2020-03-07,Getafe,Celta,0,0,D,0,0,D,19,3,6,2,9,1,18,14,6,5,1,0,1.85,3.3,4.75,16,4,8,4,1,1
SP1,2020-03-08,Levante,Granada,1,1,D,1,0,H,11,10,3,7,6,4,21,13,3,3,0,0,2.05,3.4,3.75,1,-4,2,8,0,0
SP1,2020-03-08,Valladolid,Ath Bilbao,1,4,A,0,2,A,19,10,2,5,8,1,9,13,1,2,0,0,3.0,2.8,2.75,9,-3,7,-4,-1,0
SP1,2020-03-08,Villarreal,Leganes,1,2,A,1,0,H,15,12,5,7,2,5,10,11,4,3,0,0,1.75,3.6,5.0,3,-2,-3,-1,1,0
SP1,2020-03-08,Osasuna,Espanol,1,0,H,0,0,D,17,8,6,2,6,2,17,12,3,3,0,1,2.4,3.25,3.0,9,4,4,5,0,-1
SP1,2020-03-08,Betis,Real Madrid,2,1,H,1,1,D,14,13,3,4,6,2,8,11,1,1,0,0,4.5,4.0,1.72,1,-1,4,-3,0,0
SP1,2020-03-10,Eibar,Sociedad,1,2,A,0,1,A,13,6,4,2,3,1,12,10,3,2,0,0,3.4,3.3,2.2,7,2,2,2,1,0
SP1,2020-06-11,Sevilla,Betis,2,0,H,0,0,D,13,12,5,1,11,2,13,16,0,2,0,0,1.8,3.75,4.33,1,4,9,-3,-2,0
SP1,2020-06-12,Valencia,Levante,1,1,D,0,0,D,12,14,3,4,0,6,11,13,1,4,0,1,1.7,3.8,4.75,-2,-1,-6,-2,-3,-1
SP1,2020-06-12,Granada,Getafe,2,1,H,0,1,A,10,6,4,2,2,3,17,16,6,4,0,0,3.1,3.0,2.45,4,2,-1,1,2,0
SP1,2020-06-13,Espanol,Alaves,2,0,H,1,0,H,19,1,9,0,2,1,16,19,4,3,0,1,2.05,3.2,3.75,18,9,1,-3,1,-1
SP1,2020-06-13,Celta,Villarreal,0,1,A,0,0,D,4,15,0,4,2,8,5,20,1,1,0,0,2.5,3.4,2.7,-11,-4,-6,-15,0,0
SP1,2020-06-13,Leganes,Valladolid,1,2,A,0,1,A,11,6,2,2,2,1,21,20,2,4,0,0,2.25,3.0,3.5,5,0,1,1,-2,0
SP1,2020-06-13,Mallorca,Barcelona,0,4,A,0,2,A,13,12,3,7,9,3,16,5,1,2,0,0,10.0,5.75,1.28,1,-4,6,11,-1,0
SP1,2020-06-14,Ath Bilbao,Ath Madrid,1,1,D,1,1,D,10,9,3,2,5,7,10,9,3,0,0,0,3.75,2.9,2.2,1,1,-2,1,3,0
SP1,2020-06-14,Real Madrid,Eibar,3,1,H,3,0,H,6,9,5,5,3,3,11,12,1,1,0,0,1.22,7.0,11.0,-3,0,0,-1,0,0
SP1,2020-06-14,Sociedad,Osasuna,1,1,D,0,1,A,9,8,4,1,1,6,5,12,1,3,0,0,1.66,3.9,5.0,1,3,-5,-7,-2,0
SP1,2020-06-15,Levante,Sevilla,1,1,D,0,0,D,11,10,5,4,5,6,12,10,1,1,0,0,5.0,4.0,1.65,1,1,-1,2,0,0
SP1,2020-06-15,Betis,Granada,2,2,D,0,1,A,18,8,6,5,11,2,13,18,2,4,0,0,1.9,3.5,4.0,10,1,9,-5,-2,0
SP1,2020-06-16,Getafe,Espanol,0,0,D,0,0,D,21,5,4,3,5,5,15,9,3,2,0,1,1.95,3.1,4.33,16,1,0,6,1,-1
SP1,2020-06-16,Villarreal,Mallorca,1,0,H,1,0,H,10,15,4,5,2,6,16,10,3,4,0,0,1.53,4.5,5.75,-5,-1,-4,6,-1,0
SP1,2020-06-16,Barcelona,Leganes,2,0,H,1,0,H,10,6,5,2,3,2,16,16,5,3,0,0,1.16,7.5,13.0,4,3,1,0,2,0
SP1,2020-06-17,Eibar,Ath Bilbao,2,2,D,1,1,D,12,6,6,3,8,3,10,11,3,2,0,0,3.2,3.0,2.4,6,3,5,-1,1,0
SP1,2020-06-17,Osasuna,Ath Madrid,0,5,A,0,1,A,13,10,3,6,3,2,12,8,3,3,0,0,5.0,3.25,1.8,3,-3,1,4,0,0
SP1,2020-06-17,Valladolid,Celta,0,0,D,0,0,D,6,11,1,4,5,8,18,15,3,3,0,0,3.0,3.0,2.6,-5,-3,-3,3,0,0
SP1,2020-06-18,Alaves,Sociedad,2,0,H,0,0,D,15,9,7,1,5,6,21,11,3,4,1,1,3.8,3.5,1.95,6,6,-1,10,-1,0
SP1,2020-06-18,Real Madrid,Valencia,3,0,H,0,0,D,19,4,14,2,8,2,12,11,0,2,0,1,1.36,4.75,8.0,15,12,6,1,-2,-1
SP1,2020-06-19,Granada,Villarreal,0,1,A,0,1,A,14,5,4,1,5,0,17,15,0,3,0,0,3.1,3.2,2.4,9,3,5,2,-3,0
SP1,2020-06-19,Mallorca,Leganes,1,1,D,1,0,H,7,16,3,4,3,7,15,11,3,6,0,0,2.8,2.9,2.87,-9,-1,-4,4,-3,0
SP1,2020-06-19,Sevilla,Barcelona,0,0,D,0,0,D,8,10,4,4,2,9,17,8,3,2,0,0,3.4,3.6,2.05,-2,0,-7,9,1,0
SP1,2020-06-20,Espanol,Levante,1,3,A,1,1,D,10,14,3,8,8,5,11,10,2,0,0,0,1.95,3.5,3.8,-4,-5,3,1,2,0
SP1,2020-06-20,Ath Bilbao,Betis,1,0,H,1,0,H,12,9,3,5,11,5,16,11,4,0,0,0,2.1,3.25,3.75,3,-2,6,5,4,0
SP1,2020-06-20,Getafe,Eibar,1,1,D,1,1,D,9,8,2,2,2,1,18,15,3,0,0,0,1.8,3.4,5.0,1,0,1,3,3,0
SP1,2020-06-20,Ath Madrid,Valladolid,1,0,H,0,0,D,15,6,4,2,10,1,14,12,4,2,0,0,1.36,4.5,11.0,9,2,9,2,2,0
SP1,2020-06-21,Celta,Alaves,6,0,H,4,0,H,15,4,10,2,7,4,14,10,1,1,0,1,1.9,3.25,4.5,11,8,3,4,0,-1
SP1,2020-06-21,Valencia,Osasuna,2,0,H,2,0,H,7,13,3,3,1,7,7,19,1,2,0,0,1.9,3.5,4.0,-6,0,-6,-12,-1,0
SP1,2020-06-21,Sociedad,Real Madrid,1,2,A,0,0,D,10,10,2,6,4,1,16,15,4,2,0,0,4.1,4.2,1.75,0,-4,3,1,2,0
SP1,2020-06-22,Villarreal,Sevilla,2,2,D,2,1,H,7,14,5,6,3,8,16,12,3,3,0,0,2.6,3.3,2.7,-7,-1,-5,4,0,0
SP1,2020-06-22,Leganes,Granada,0,0,D,0,0,D,9,4,3,1,4,2,12,16,4,4,0,0,2.37,2.9,3.3,5,2,2,-4,0,0
SP1,2020-06-23,Barcelona,Ath Bilbao,1,0,H,0,0,D,18,6,4,0,6,2,10,16,2,1,0,0,1.3,5.25,10.0,12,4,4,-6,1,0
SP1,2020-06-23,Valladolid,Getafe,1,1,D,1,1,D,6,15,2,1,7,8,12,19,5,2,0,0,3.4,2.87,2.45,-9,1,-1,-7,3,0
SP1,2020-06-23,Levante,Ath Madrid,0,1,A,0,1,A,12,12,0,7,10,4,12,14,4,2,0,0,5.75,3.6,1.65,0,-7,6,-2,2,0
SP1,2020-06-24,Alaves,Osasuna,0,1,A,0,0,D,5,7,0,1,7,3,12,14,2,3,0,0,2.55,3.1,2.9,-2,-1,4,-2,-1,0
SP1,2020-06-24,Sociedad,Celta,0,1,A,0,1,A,13,4,6,1,7,3,18,15,4,2,0,0,2.0,3.25,4.0,9,5,4,3,2,0
SP1,2020-06-24,Real Madrid,Mallorca,2,0,H,1,0,H,14,11,6,4,5,4,18,12,4,1,0,0,1.12,9.0,17.0,3,2,1,6,3,0
SP1,2020-06-25,Eibar,Valencia,1,0,H,1,0,H,14,7,5,0,10,8,12,7,4,2,0,1,2.7,3.4,2.55,7,5,2,5,2,-1
SP1,2020-06-25,Betis,Espanol,1,0,H,0,0,D,13,9,6,2,6,5,18,18,4,4,0,0,2.15,3.3,3.4,4,4,1,0,0,0
SP1,2020-06-26,Sevilla,Valladolid,1,1,D,0,1,A,15,11,3,5,5,1,16,17,3,2,0,0,1.4,4.4,9.0,4,-2,4,-1,1,0
SP1,2020-06-27,Ath Bilbao,Mallorca,3,1,H,2,0,H,12,14,6,2,1,8,17,16,1,2,0,0,1.5,4.0,7.5,-2,4,-7,1,-1,0
SP1,2020-06-27,Celta,Barcelona,2,2,D,0,1,A,10,18,6,2,3,8,19,10,3,4,0,0,5.25,4.2,1.61,-8,4,-5,9,-1,0
SP1,2020-06-27,Ath Madrid,Alaves,2,1,H,0,0,D,14,6,4,2,3,1,13,14,3,2,0,0,1.33,4.75,11.0,8,2,2,-1,1,0
SP1,2020-06-27,Osasuna,Leganes,2,1,H,1,0,H,6,21,5,7,2,4,12,15,1,1,0,0,2.25,3.0,3.6,-15,-2,-2,-3,0,0
SP1,2020-06-28,Levante,Betis,4,2,H,2,0,H,9,17,4,8,2,5,13,14,0,4,0,0,2.62,3.3,2.62,-8,-4,-3,-1,-4,0
SP1,2020-06-28,Villarreal,Valencia,2,0,H,2,0,H,17,4,4,0,1,4,9,18,0,2,0,0,2.25,3.25,3.2,13,4,-3,-9,-2,0
SP1,2020-06-28,Granada,Eibar,1,2,A,0,1,A,14,13,5,6,8,5,8,13,1,0,0,0,2.37,3.0,3.25,1,-1,3,-5,1,0
SP1,2020-06-28,Espanol,Real Madrid,0,1,A,0,1,A,8,14,5,6,0,5,18,12,1,1,0,0,6.5,4.75,1.44,-6,-1,-5,6,0,0
SP1,2020-06-29,Getafe,Sociedad,2,1,H,1,0,H,11,5,4,1,5,4,22,11,6,3,0,0,2.5,3.0,3.1,6,3,1,11,3,0
SP1,2020-06-30,Barcelona,Ath Madrid,2,2,D,1,1,D,12,10,5,3,3,1,11,15,3,5,0,0,1.8,3.6,4.75,2,2,2,-4,-2,0
SP1,2020-06-30,Leganes,Sevilla,0,3,A,0,2,A,9,11,3,6,4,2,23,10,4,3,0,0,4.5,3.2,1.95,-2,-3,2,13,1,0
SP1,2020-06-30,Mallorca,Celta,5,1,H,3,0,H,9,12,7,8,2,11,16,12,3,2,0,0,3.2,3.2,2.37,-3,-1,-9,4,1,0
SP1,2020-07-01,Alaves,Granada,0,2,A,0,1,A,11,7,4,4,6,2,18,17,3,2,0,0,2.3,2.9,3.6,4,0,4,1,1,0
SP1,2020-07-01,Valencia,Ath Bilbao,0,2,A,0,1,A,10,12,1,4,3,5,9,12,1,0,0,0,2.5,3.0,3.2,-2,-3,-2,-3,1,0
SP1,2020-07-01,Betis,Villarreal,0,2,A,0,2,A,9,15,1,6,1,5,10,16,4,1,1,0,2.87,3.5,2.4,-6,-5,-4,-6,3,1
SP1,2020-07-01,Valladolid,Levante,0,0,D,0,0,D,15,8,4,3,8,3,10,12,2,1,0,0,2.3,3.3,3.2,7,1,5,-2,1,0
SP1,2020-07-02,Sociedad,Espanol,2,1,H,0,1,A,12,4,4,3,4,3,11,15,2,1,0,0,1.85,3.5,4.2,8,1,1,-4,1,0
SP1,2020-07-02,Eibar,Osasuna,0,2,A,0,1,A,11,9,4,6,9,4,8,12,1,1,0,0,2.3,3.1,3.3,2,-2,5,-4,0,0
SP1,2020-07-02,Real Madrid,Getafe,1,0,H,0,0,D,8,10,4,3,6,5,15,22,5,5,0,0,1.36,4.75,8.5,-2,1,1,-7,0,0
SP1,2020-07-03,Ath Madrid,Mallorca,3,0,H,2,0,H,15,13,3,1,4,5,14,11,2,1,0,0,1.28,5.25,11.0,2,2,-1,3,1,0
SP1,2020-07-04,Granada,Valencia,2,2,D,0,0,D,17,4,4,3,7,3,18,14,2,2,0,0,2.9,3.2,2.55,13,1,4,4,0,0
SP1,2020-07-04,Celta,Betis,1,1,D,1,0,H,5,10,1,3,2,8,20,18,5,4,0,0,2.15,3.4,3.4,-5,-2,-6,2,1,0
SP1,2020-07-04,Valladolid,Alaves,1,0,H,0,0,D,5,7,3,0,1,3,13,17,0,0,0,0,2.62,2.8,3.2,-2,3,-2,-4,0,0
SP1,2020-07-05,Ath Bilbao,Real Madrid,0,1,A,0,0,D,7,10,1,4,3,2,13,8,4,3,0,0,5.0,3.9,1.7,-3,-3,1,5,1,0
SP1,2020-07-05,Espanol,Leganes,0,1,A,0,0,D,7,4,2,2,0,3,14,22,4,3,1,0,2.7,2.9,2.9,3,0,-3,-8,1,1
SP1,2020-07-05,Osasuna,Getafe,0,0,D,0,0,D,6,6,2,1,2,2,17,18,5,4,0,0,3.1,2.9,2.55,0,1,0,-1,1,0
SP1,2020-07-05,Villarreal,Barcelona,1,4,A,1,3,A,11,18,4,12,2,6,11,11,1,0,0,0,4.33,4.0,1.72,-7,-8,-4,0,1,0
SP1,2020-07-06,Sevilla,Eibar,1,0,H,0,0,D,8,19,3,3,11,8,11,16,2,1,0,0,1.44,4.33,8.0,-11,0,3,-5,1,0
SP1,2020-07-06,Levante,Sociedad,1,1,D,1,1,D,9,8,4,3,4,2,17,12,3,2,0,0,2.9,3.4,2.45,1,1,2,5,1,0
SP1,2020-07-07,Valencia,Valladolid,2,1,H,1,0,H,10,11,4,5,5,2,9,5,3,0,0,0,2.0,3.2,4.2,-1,-1,3,4,3,0
SP1,2020-07-07,Celta,Ath Madrid,1,1,D,0,1,A,9,10,4,2,6,2,14,13,3,3,0,0,4.2,3.2,2.0,-1,2,4,1,0,0
SP1,2020-07-08,Betis,Osasuna,3,0,H,2,0,H,14,8,8,2,5,8,9,17,1,5,0,0,2.05,3.4,3.5,6,6,-3,-8,-4,0
SP1,2020-07-08,Getafe,Villarreal,1,3,A,0,0,D,5,6,2,3,1,3,19,10,4,1,0,1,2.6,3.0,2.87,-1,-1,-2,9,3,-1
SP1,2020-07-08,Barcelona,Espanol,1,0,H,0,0,D,9,11,2,2,6,5,8,12,0,2,1,1,1.14,8.0,19.0,-2,0,1,-4,-2,0
SP1,2020-07-09,Ath Bilbao,Sevilla,1,2,A,1,0,H,13,20,4,7,4,7,18,9,3,2,0,0,3.1,3.0,2.45,-7,-3,-3,9,1,0
SP1,2020-07-09,Eibar,Leganes,0,0,D,0,0,D,4,10,1,1,8,1,21,13,3,3,0,0,2.45,3.0,3.1,-6,0,7,8,0,0
SP1,2020-07-09,Mallorca,Levante,2,0,H,1,0,H,15,14,5,2,1,5,11,20,3,1,0,0,2.05,3.6,3.3,1,3,-4,-9,2,0
SP1,2020-07-10,Sociedad,Granada,2,3,A,0,2,A,19,4,5,3,8,3,12,13,2,3,0,0,1.72,3.6,5.25,15,2,5,-1,-1,0
SP1,2020-07-10,Real Madrid,Alaves,2,0,H,1,0,H,18,10,8,4,3,2,5,17,0,1,0,0,1.2,6.5,13.0,8,4,1,-12,-1,0
SP1,2020-07-11,Osasuna,Celta,2,1,H,1,1,D,15,12,5,3,3,4,10,11,2,2,0,0,3.2,3.0,2.45,3,2,-1,-1,0,0
SP1,2020-07-11,Ath Madrid,Betis,1,0,H,0,0,D,9,21,4,3,2,4,10,10,1,3,1,0,1.5,3.8,8.0,-12,1,-2,0,-2,1
SP1,2020-07-11,Valladolid,Barcelona,0,1,A,0,1,A,13,9,4,6,4,5,15,13,2,2,0,0,9.5,5.25,1.3,4,-2,-1,2,0,0
SP1,2020-07-12,Espanol,Eibar,0,2,A,0,2,A,14,11,3,6,7,2,13,14,2,2,0,0,3.4,3.2,2.25,3,-3,5,-1,0,0
SP1,2020-07-12,Levante,Ath Bilbao,1,2,A,0,2,A,5,12,1,5,2,6,10,15,0,1,0,0,3.8,3.2,2.1,-7,-4,-4,-5,-1,0
SP1,2020-07-12,Leganes,Valencia,1,0,H,1,0,H,10,16,1,5,2,8,21,9,4,1,1,0,3.4,3.1,2.3,-6,-4,-6,12,3,1
SP1,2020-07-12,Sevilla,Mallorca,2,0,H,1,0,H,14,14,5,5,5,5,14,7,3,2,0,0,1.4,4.75,8.5,0,0,0,7,1,0
SP1,2020-07-13,Granada,Real Madrid,1,2,A,0,2,A,13,11,4,5,4,3,18,18,2,2,0,0,6.5,4.5,1.45,2,-1,1,0,0,0
SP1,2020-07-13,Alaves,Getafe,0,0,D,0,0,D,3,14,1,4,2,4,26,15,4,2,0,0,3.5,3.0,2.25,-11,-3,-2,11,2,0
SP1,2020-07-13,Villarreal,Sociedad,1,2,A,0,0,D,9,11,3,6,2,10,12,11,2,2,0,0,2.3,3.25,3.1,-2,-3,-8,1,0,0
SP1,2020-07-16,Eibar,Valladolid,3,1,H,2,0,H,13,17,7,8,3,12,19,13,4,0,0,0,2.1,3.1,3.8,-4,-1,-9,6,4,0
SP1,2020-07-16,Ath Bilbao,Leganes,0,2,A,0,0,D,10,16,3,4,3,3,11,11,2,3,1,0,1.8,3.4,4.75,-6,-1,0,0,-1,1
SP1,2020-07-16,Betis,Alaves,1,2,A,0,0,D,14,9,7,5,6,5,14,18,6,4,1,1,2.3,3.3,3.1,5,2,1,-4,2,0
SP1,2020-07-16,Celta,Levante,2,3,A,2,2,D,16,8,6,4,8,4,11,15,3,0,1,1,1.61,4.0,5.25,8,2,4,-4,3,0
SP1,2020-07-16,Getafe,Ath Madrid,0,2,A,0,0,D,15,11,6,3,4,3,14,11,1,2,1,0,3.6,2.9,2.25,4,3,1,3,-1,1
SP1,2020-07-16,Mallorca,Granada,1,2,A,1,1,D,18,14,5,6,5,6,14,18,7,5,2,0,2.05,3.4,3.5,4,-1,-1,-4,2,2
SP1,2020-07-16,Real Madrid,Villarreal,2,1,H,1,0,H,12,8,7,4,4,2,13,13,3,2,0,0,1.45,4.75,6.0,4,3,2,0,1,0
SP1,2020-07-16,Sociedad,Sevilla,0,0,D,0,0,D,11,8,4,3,3,2,16,13,1,2,0,0,2.37,3.3,2.9,3,1,1,3,-1,0
SP1,2020-07-16,Valencia,Espanol,1,0,H,1,0,H,9,18,3,6,4,4,9,18,2,4,1,0,1.53,4.0,6.0,-9,-3,0,-9,-2,1
SP1,2020-07-16,Barcelona,Osasuna,1,2,A,0,1,A,19,9,3,5,10,2,7,14,4,1,0,1,1.14,8.0,17.0,10,-2,8,-7,3,-1
SP1,2020-07-19,Osasuna,Mallorca,2,2,D,1,1,D,12,12,5,4,3,5,17,10,2,0,0,0,1.75,3.75,4.2,0,1,-2,7,2,0
SP1,2020-07-19,Sevilla,Valencia,1,0,H,0,0,D,16,8,4,2,4,7,11,6,0,1,0,0,1.9,3.4,4.0,8,2,-3,5,-1,0
SP1,2020-07-19,Alaves,Barcelona,0,5,A,0,3,A,8,16,0,8,2,1,17,15,0,0,0,0,5.5,4.33,1.53,-8,-8,1,2,0,0
SP1,2020-07-19,Valladolid,Betis,2,0,H,1,0,H,13,10,4,3,3,5,17,10,2,2,0,0,2.62,3.3,2.62,3,1,-2,7,0,0
SP1,2020-07-19,Villarreal,Eibar,4,0,H,0,0,D,12,11,5,3,4,4,4,9,0,0,0,0,1.53,4.0,6.0,1,2,0,-5,0,0
SP1,2020-07-19,Ath Madrid,Sociedad,1,1,D,1,0,H,6,10,3,4,2,3,16,9,1,2,0,0,1.95,3.0,4.5,-4,-1,-1,7,-1,0
SP1,2020-07-19,Espanol,Celta,0,0,D,0,0,D,8,9,1,3,1,4,10,11,2,3,0,0,5.0,3.8,1.66,-1,-2,-3,-1,-1,0
SP1,2020-07-19,Granada,Ath Bilbao,4,0,H,1,0,H,11,11,6,3,2,3,10,11,1,2,0,0,2.0,3.5,3.4,0,3,-1,-1,-1,0
SP1,2020-07-19,Leganes,Real Madrid,2,2,D,1,1,D,15,7,7,4,5,2,9,11,4,1,0,0,2.62,3.8,2.35,8,3,3,-2,3,0
SP1,2020-07-19,Levante,Getafe,1,0,H,0,0,D,13,13,4,4,6,8,10,12,2,4,0,0,5.0,3.8,1.66,0,0,-2,-2,-2,0
SP1,2020-09-12,Cadiz,Osasuna,0,2,A,0,1,A,12,6,3,4,6,2,14,21,2,2,0,0,2.8,3.0,2.75,6,-1,4,-7,0,0
SP1,2020-09-12,Eibar,Celta,0,0,D,0,0,D,8,6,1,3,3,3,17,13,4,4,1,0,2.5,3.25,2.9,2,-2,0,4,0,1
SP1,2020-09-12,Granada,Ath Bilbao,2,0,H,0,0,D,4,9,2,2,1,2,8,10,3,4,0,0,2.75,3.1,2.75,-5,0,-1,-2,-1,0
SP1,2020-09-13,Alaves,Betis,0,1,A,0,0,D,7,11,2,4,6,4,19,17,3,3,0,0,2.8,3.2,2.6,-4,-2,2,2,0,0
SP1,2020-09-13,Valladolid,Sociedad,1,1,D,1,0,H,8,8,3,2,5,3,15,17,4,1,0,0,2.8,3.2,2.6,0,1,2,-2,3,0
SP1,2020-09-13,Villarreal,Huesca,1,1,D,0,1,A,15,10,4,3,6,6,10,22,1,1,0,0,1.57,4.0,6.0,5,1,0,-12,0,0
SP1,2020-09-13,Valencia,Levante,4,2,H,2,2,D,14,19,8,8,3,4,9,14,1,3,0,0,2.1,3.5,3.5,-5,0,-1,-5,-2,0
SP1,2020-09-19,Celta,Valencia,2,1,H,1,0,H,23,9,6,3,6,6,12,13,3,1,0,0,2.2,3.6,3.1,14,3,0,-1,2,0
SP1,2020-09-19,Villarreal,Eibar,2,1,H,0,0,D,14,12,8,4,4,3,5,12,1,1,0,0,1.57,4.0,6.0,2,4,1,-7,0,0
SP1,2020-09-19,Getafe,Osasuna,1,0,H,0,0,D,7,10,1,3,4,1,19,13,4,2,0,0,1.95,3.25,4.33,-3,-2,3,6,2,0
SP1,2020-09-20,Sociedad,Real Madrid,0,0,D,0,0,D,6,16,1,4,1,11,17,12,2,2,0,0,4.75,3.8,1.72,-10,-3,-10,5,0,0
SP1,2020-09-20,Granada,Alaves,2,1,H,1,1,D,10,5,3,3,4,4,9,12,0,3,0,0,2.05,3.1,4.2,5,0,0,-3,-3,0
SP1,2020-09-20,Huesca,Cadiz,0,2,A,0,1,A,4,6,0,4,2,1,18,23,3,3,0,0,2.1,3.1,4.0,-2,-4,1,-5,0,0
SP1,2020-09-20,Betis,Valladolid,2,0,H,2,0,H,16,9,6,2,5,3,18,10,3,0,0,0,1.85,3.6,4.33,7,4,2,8,3,0
SP1,2020-09-26,Alaves,Getafe,0,0,D,0,0,D,9,11,0,4,1,5,13,13,2,2,0,0,3.5,2.9,2.37,-2,-4,-4,0,0,0
SP1,2020-09-26,Valencia,Huesca,1,1,D,1,0,H,5,17,2,4,4,4,14,20,0,1,0,0,2.0,3.4,4.0,-12,-2,0,-6,-1,0
SP1,2020-09-26,Elche,Sociedad,0,3,A,0,0,D,5,27,2,7,2,11,11,12,3,1,0,0,4.2,3.3,1.95,-22,-5,-9,-1,2,0
SP1,2020-09-26,Betis,Real Madrid,2,3,A,2,1,H,15,11,5,4,8,3,9,10,5,2,1,0,4.0,4.0,1.8,4,1,5,-1,3,1
SP1,2020-09-27,Barcelona,Villarreal,4,0,H,4,0,H,17,5,9,1,8,4,9,10,0,1,0,0,1.53,4.33,6.0,12,8,4,-1,-1,0
SP1,2020-09-27,Valladolid,Celta,1,1,D,0,1,A,10,5,4,1,4,1,26,18,3,4,0,0,2.8,3.0,2.7,5,3,3,8,-1,0
SP1,2020-09-27,Cadiz,Sevilla,1,3,A,0,0,D,12,14,5,5,6,5,9,14,4,2,0,0,5.0,3.6,1.7,-2,0,1,-5,2,0
SP1,2020-09-27,Eibar,Ath Bilbao,1,2,A,0,1,A,7,9,1,5,5,4,15,12,1,0,0,0,3.0,3.0,2.55,-2,-4,1,3,1,0
SP1,2020-09-27,Osasuna,Levante,1,3,A,1,1,D,9,11,4,5,3,7,15,16,2,0,0,0,2.3,3.2,3.25,-2,-1,-4,-1,2,0
SP1,2020-09-27,Ath Madrid,Granada,6,1,H,1,0,H,17,11,10,6,1,1,16,14,3,1,0,0,1.5,4.0,7.5,6,4,0,2,2,0
SP1,2020-09-29,Sociedad,Valencia,0,1,A,0,0,D,11,9,3,5,9,3,16,15,1,5,0,0,1.53,4.2,5.75,2,-2,6,1,-4,0
SP1,2020-09-29,Getafe,Betis,3,0,H,3,0,H,8,10,4,2,1,4,15,17,4,4,0,1,2.45,3.1,3.0,-2,2,-3,-2,0,-1
SP1,2020-09-30,Real Madrid,Valladolid,1,0,H,0,0,D,15,11,5,5,4,7,11,7,2,1,0,0,1.22,6.0,11.0,4,0,-3,4,1,0
SP1,2020-09-30,Huesca,Ath Madrid,0,0,D,0,0,D,9,16,3,2,5,7,13,10,1,0,0,0,7.5,4.2,1.45,-7,1,-2,3,1,0
SP1,2020-09-30,Villarreal,Alaves,3,1,H,2,1,H,10,8,6,3,2,0,11,13,0,2,0,0,1.57,3.8,5.75,2,3,2,-2,-2,0
SP1,2020-09-30,Eibar,Elche,0,1,A,0,1,A,12,5,4,2,3,2,9,14,2,2,0,0,1.8,3.5,4.5,7,2,1,-5,0,0
SP1,2020-10-01,Sevilla,Levante,1,0,H,0,0,D,16,3,2,1,2,4,14,17,5,2,0,0,1.4,4.5,7.5,13,1,-2,-3,3,0
SP1,2020-10-01,Celta,Barcelona,0,3,A,0,1,A,10,6,3,3,3,7,22,10,5,5,0,1,5.75,4.2,1.53,4,0,-4,12,0,-1
SP1,2020-10-01,Ath Bilbao,Cadiz,0,1,A,0,0,D,13,3,4,1,5,2,15,16,3,5,0,2,1.53,3.8,6.5,10,3,3,-1,-2,-2
SP1,2020-10-03,Valencia,Betis,0,2,A,0,1,A,5,17,2,8,4,7,11,14,2,2,0,0,2.8,3.2,2.6,-12,-6,-3,-3,0,0
SP1,2020-10-03,Sociedad,Getafe,3,0,H,1,0,H,11,5,6,1,5,4,21,13,3,3,0,0,2.25,3.1,3.5,6,5,1,8,0,0
SP1,2020-10-03,Elche,Huesca,0,0,D,0,0,D,2,18,0,4,0,5,8,26,0,2,0,0,3.1,3.1,2.45,-16,-4,-5,-18,-2,0
SP1,2020-10-03,Valladolid,Eibar,1,2,A,1,1,D,9,11,3,5,3,4,11,21,2,3,0,1,2.35,3.0,3.4,-2,-2,-1,-10,-1,-1
SP1,2020-10-03,Ath Madrid,Villarreal,0,0,D,0,0,D,14,6,1,2,9,1,11,7,1,2,0,0,1.61,3.9,5.5,8,-1,8,4,-1,0
SP1,2020-10-04,Osasuna,Celta,2,0,H,1,0,H,14,9,5,3,6,5,19,10,3,3,0,0,2.7,3.1,2.75,5,2,1,9,0,0
SP1,2020-10-04,Alaves,Ath Bilbao,1,0,H,0,0,D,8,8,3,0,0,6,20,17,2,3,1,0,3.3,2.9,2.37,0,3,-6,3,-1,1
SP1,2020-10-04,Levante,Real Madrid,0,2,A,0,1,A,11,13,4,3,4,6,14,8,2,1,0,0,6.0,4.5,1.5,-2,1,-2,6,1,0
SP1,2020-10-04,Cadiz,Granada,1,1,D,0,1,A,14,13,4,5,2,5,16,16,2,2,0,0,3.0,3.0,2.6,1,-1,-3,0,0,0
SP1,2020-10-04,Barcelona,Sevilla,1,1,D,1,1,D,12,13,5,1,6,5,11,18,1,1,0,0,1.57,4.33,5.25,-1,4,1,-7,0,0
SP1,2020-10-17,Celta,Ath Madrid,0,2,A,0,1,A,15,9,5,4,8,4,16,18,3,4,0,0,5.5,3.3,1.75,6,1,4,-2,-1,0
SP1,2020-10-17,Getafe,Barcelona,1,0,H,0,0,D,9,7,4,1,7,2,20,10,4,3,0,0,4.75,3.8,1.72,2,3,5,10,1,0
SP1,2020-10-17,Granada,Sevilla,1,0,H,0,0,D,13,8,3,3,5,1,16,11,4,4,0,1,4.2,3.4,1.9,5,0,4,5,0,-1
SP1,2020-10-17,Real Madrid,Cadiz,0,1,A,0,1,A,14,14,2,5,4,11,7,5,2,0,0,0,1.18,7.0,15.0,0,-3,-7,2,2,0
SP1,2020-10-18,Eibar,Osasuna,0,0,D,0,0,D,10,8,6,2,6,7,14,14,2,3,0,1,2.6,3.0,3.0,2,4,-1,0,-1,-1
SP1,2020-10-18,Ath Bilbao,Levante,2,0,H,0,0,D,14,6,5,1,9,3,11,10,3,1,0,0,2.05,3.2,4.0,8,4,6,1,2,0
SP1,2020-10-18,Villarreal,Valencia,2,1,H,1,1,D,16,11,6,3,3,7,13,8,4,1,1,0,1.6,4.0,5.25,5,3,-4,5,3,1
SP1,2020-10-18,Alaves,Elche,0,2,A,0,1,A,13,7,2,3,2,6,11,11,2,5,0,0,1.75,3.3,5.5,6,-1,-4,0,-3,0
SP1,2020-10-18,Huesca,Valladolid,2,2,D,0,1,A,12,5,7,3,3,1,14,24,1,2,0,0,2.25,2.9,3.8,7,4,2,-10,-1,0
SP1,2020-10-18,Betis,Sociedad,0,3,A,0,1,A,7,8,1,5,6,2,11,18,2,1,0,0,2.5,3.25,2.9,-1,-4,4,-7,1,0
SP1,2020-10-23,Elche,Valencia,2,1,H,2,0,H,3,14,2,4,0,7,15,8,3,2,0,0,3.2,3.1,2.4,-11,-2,-7,7,1,0
SP1,2020-10-24,Sevilla,Eibar,0,1,A,0,1,A,21,3,3,1,13,3,11,12,0,3,0,0,1.45,4.33,7.5,18,2,10,-1,-3,0
SP1,2020-10-24,Ath Madrid,Betis,2,0,H,0,0,D,13,12,6,3,8,5,19,12,2,0,0,1,1.55,3.8,6.5,1,3,3,7,2,-1
SP1,2020-10-24,Osasuna,Ath Bilbao,1,0,H,0,0,D,7,13,2,5,2,5,18,10,3,2,0,0,3.25,2.9,2.4,-6,-3,-3,8,1,0
SP1,2020-10-24,Barcelona,Real Madrid,1,3,A,1,1,D,10,15,4,9,7,7,11,13,3,2,0,0,2.0,3.6,3.6,-5,-5,0,-2,1,0
SP1,2020-10-25,Valladolid,Alaves,0,2,A,0,0,D,5,14,1,4,2,4,9,7,1,0,1,0,2.3,2.9,3.5,-9,-3,-2,2,1,1
SP1,2020-10-25,Cadiz,Villarreal,0,0,D,0,0,D,5,7,0,2,0,5,15,7,2,2,0,0,3.6,3.3,2.1,-2,-2,-5,8,0,0
SP1,2020-10-25,Getafe,Granada,0,1,A,0,1,A,10,5,1,2,6,1,19,23,4,2,0,0,1.85,3.1,5.0,5,-1,5,-4,2,0
SP1,2020-10-25,Sociedad,Huesca,4,1,H,1,0,H,13,6,6,4,4,5,12,11,2,1,0,0,1.57,3.75,6.0,7,2,-1,1,1,0
SP1,2020-10-26,Levante,Celta,1,1,D,0,0,D,10,10,3,3,3,2,11,19,2,2,0,0,2.37,3.25,3.0,0,0,1,-8,0,0
SP1,2020-10-30,Eibar,Cadiz,0,2,A,0,2,A,9,6,3,4,7,2,10,10,1,1,0,0,2.55,2.75,3.3,3,-1,5,0,0,0
SP1,2020-10-31,Ath Bilbao,Sevilla,2,1,H,0,1,A,16,7,5,3,6,1,17,19,5,5,0,0,3.0,3.0,2.6,9,2,5,-2,0,0
SP1,2020-10-31,Real Madrid,Huesca,4,1,H,2,0,H,13,9,6,2,6,3,16,9,0,2,0,0,1.33,5.25,9.0,4,4,3,7,-2,0
SP1,2020-10-31,Osasuna,Ath Madrid,1,3,A,0,1,A,8,11,3,6,3,2,12,10,1,2,0,0,5.5,3.3,1.75,-3,-3,1,2,-1,0
SP1,2020-10-31,Alaves,Barcelona,1,1,D,1,0,H,4,25,3,9,2,14,16,4,4,3,1,0,6.5,4.75,1.44,-21,-6,-12,12,1,1
SP1,2020-11-01,Betis,Elche,3,1,H,2,0,H,17,4,10,2,1,1,13,12,2,1,0,0,1.45,4.33,7.5,13,8,0,1,1,0
SP1,2020-11-01,Celta,Sociedad,1,4,A,0,2,A,9,9,2,7,2,3,19,16,2,5,1,0,3.0,3.2,2.45,0,-5,-1,3,-3,1
SP1,2020-11-01,Granada,Levante,1,1,D,1,1,D,5,19,2,4,2,8,7,14,2,3,1,0,2.25,3.2,3.4,-14,-2,-6,-7,-1,1
SP1,2020-11-01,Valencia,Getafe,2,2,D,1,0,H,11,16,5,5,0,3,18,25,8,5,1,1,3.1,3.1,2.45,-5,0,-3,-7,3,0
SP1,2020-11-02,Villarreal,Valladolid,2,0,H,2,0,H,11,11,5,1,6,4,13,13,1,3,0,0,1.61,4.0,5.5,0,4,2,0,-2,0
SP1,2020-11-06,Elche,Celta,1,1,D,1,1,D,8,14,1,6,3,3,18,12,3,4,0,0,4.0,3.3,1.95,-6,-5,0,6,-1,0
SP1,2020-11-07,Sevilla,Osasuna,1,0,H,0,0,D,9,10,1,2,3,0,11,19,2,3,0,0,1.5,4.0,7.0,-1,-1,3,-8,-1,0
SP1,2020-11-07,Ath Madrid,Cadiz,4,0,H,2,0,H,17,10,7,3,2,7,10,9,1,1,0,0,1.4,4.2,10.0,7,4,-5,1,0,0
SP1,2020-11-07,Huesca,Eibar,1,1,D,0,1,A,14,8,6,3,4,3,16,30,2,0,0,0,2.05,3.3,3.6,6,3,1,-14,2,0
SP1,2020-11-07,Barcelona,Betis,5,2,H,1,1,D,18,12,9,6,9,5,8,10,2,2,0,1,1.4,5.0,7.5,6,3,4,-2,0,-1
SP1,2020-11-08,Valencia,Real Madrid,4,1,H,2,1,H,7,16,4,6,1,8,13,14,3,2,0,0,6.0,4.75,1.45,-9,-2,-7,-1,1,0
SP1,2020-11-08,Valladolid,Ath Bilbao,2,1,H,1,0,H,7,17,4,2,2,11,23,11,4,2,0,0,3.3,2.9,2.37,-10,2,-9,12,2,0
SP1,2020-11-08,Getafe,Villarreal,1,3,A,1,2,A,13,9,5,5,3,3,18,11,3,4,0,0,2.5,3.1,3.0,4,0,0,7,-1,0
SP1,2020-11-08,Sociedad,Granada,2,0,H,2,0,H,22,2,9,1,15,0,8,11,2,1,1,0,1.65,3.8,5.25,20,8,15,-3,1,1
SP1,2020-11-08,Levante,Alaves,1,1,D,0,1,A,18,6,5,2,12,1,12,16,1,6,0,1,2.15,3.4,3.4,12,3,11,-4,-5,-1
SP1,2020-11-20,Osasuna,Huesca,1,1,D,0,1,A,18,6,7,5,4,3,14,15,2,3,0,0,2.4,3.0,3.25,12,2,1,-1,-1,0
SP1,2020-11-21,Levante,Elche,1,1,D,1,0,H,13,11,5,5,5,4,15,11,1,4,0,0,1.57,4.0,5.75,2,0,1,4,-3,0
SP1,2020-11-21,Villarreal,Real Madrid,1,1,D,0,1,A,13,6,1,1,4,2,16,14,1,2,0,0,2.87,3.8,2.25,7,0,2,2,-1,0
SP1,2020-11-21,Sevilla,Celta,4,2,H,2,2,D,15,10,10,7,3,2,14,20,2,2,0,0,1.72,3.6,5.25,5,3,1,-6,0,0
SP1,2020-11-21,Ath Madrid,Barcelona,1,0,H,1,0,H,9,13,2,4,8,8,12,6,4,0,0,0,2.9,3.5,2.37,-4,-2,0,6,4,0
SP1,2020-11-22,Alaves,Valencia,2,2,D,2,0,H,13,13,3,5,4,5,21,16,1,1,0,0,2.7,3.2,2.8,0,-2,-1,5,0,0
SP1,2020-11-22,Granada,Valladolid,1,3,A,0,1,A,16,9,6,3,5,3,16,14,4,3,0,0,2.1,3.2,3.8,7,3,2,2,1,0
SP1,2020-11-22,Cadiz,Sociedad,0,1,A,0,0,D,2,14,0,4,1,6,14,14,2,1,0,0,4.0,3.8,1.85,-12,-4,-5,0,1,0
SP1,2020-11-22,Eibar,Getafe,0,0,D,0,0,D,15,8,5,3,3,4,16,22,3,4,1,0,3.4,3.0,2.35,7,2,-1,-6,-1,1
SP1,2020-11-23,Ath Bilbao,Betis,4,0,H,2,0,H,14,7,9,1,6,3,16,8,0,0,0,0,2.2,3.3,3.4,7,8,3,8,0,0
SP1,2020-11-27,Valladolid,Levante,1,1,D,0,0,D,10,10,4,3,3,11,18,11,0,3,0,0,2.55,3.3,2.8,0,1,-8,7,-3,0
SP1,2020-11-28,Elche,Cadiz,1,1,D,1,0,H,4,7,3,2,1,9,16,15,6,2,1,0,3.2,3.0,2.45,-3,1,-8,1,4,1
SP1,2020-11-28,Valencia,Ath Madrid,0,1,A,0,0,D,5,14,2,6,2,7,12,15,2,5,0,0,4.75,3.8,1.72,-9,-4,-5,-3,-3,0
SP1,2020-11-28,Huesca,Sevilla,0,1,A,0,0,D,5,16,1,4,1,10,14,9,4,3,0,0,4.0,3.3,2.0,-11,-3,-9,5,1,0
SP1,2020-11-28,Real Madrid,Alaves,1,2,A,0,1,A,20,11,9,6,12,9,8,17,2,3,0,0,1.33,5.25,9.0,9,3,3,-9,-1,0
SP1,2020-11-29,Celta,Granada,3,1,H,1,1,D,17,9,8,2,8,0,14,13,4,3,1,0,2.0,3.5,3.75,8,6,8,1,1,1
SP1,2020-11-29,Sociedad,Villarreal,1,1,D,1,1,D,8,10,4,2,4,4,18,12,5,3,0,0,2.1,3.6,3.4,-2,2,0,6,2,0
SP1,2020-11-29,Barcelona,Osasuna,4,0,H,2,0,H,20,10,11,5,5,3,8,12,1,0,0,0,1.25,6.0,11.0,10,6,2,-4,1,0
SP1,2020-11-29,Getafe,Ath Bilbao,1,1,D,0,1,A,11,5,3,2,3,2,16,23,2,4,0,0,2.8,2.9,2.8,6,1,1,-7,-2,0
SP1,2020-11-30,Betis,Eibar,0,2,A,0,0,D,7,11,3,6,6,2,13,14,2,1,0,0,1.75,3.75,4.5,-4,-3,4,-1,1,0
SP1,2020-12-04,Ath Bilbao,Celta,0,2,A,0,0,D,10,6,0,4,4,5,7,15,2,1,0,0,2.05,3.25,3.8,4,-4,-1,-8,1,0
SP1,2020-12-05,Levante,Getafe,3,0,H,2,0,H,12,9,8,0,5,5,12,13,2,7,0,2,2.9,3.1,2.55,3,8,0,-1,-5,-2
SP1,2020-12-05,Sevilla,Real Madrid,0,1,A,0,0,D,12,10,2,3,4,3,15,20,1,3,0,0,2.5,3.5,2.7,2,-1,1,-5,-2,0
SP1,2020-12-05,Ath Madrid,Valladolid,2,0,H,0,0,D,15,13,4,3,4,4,10,10,4,2,0,0,1.4,4.33,9.5,2,1,0,0,2,0
SP1,2020-12-05,Cadiz,Barcelona,2,1,H,1,0,H,7,21,3,8,5,13,10,7,0,2,0,0,8.5,5.0,1.36,-14,-5,-8,3,-2,0
SP1,2020-12-06,Alaves,Sociedad,0,0,D,0,0,D,5,13,1,5,2,3,3,11,1,0,1,0,4.75,3.5,1.8,-8,-4,-1,-8,1,1
SP1,2020-12-06,Villarreal,Elche,0,0,D,0,0,D,12,3,3,0,4,0,16,13,3,2,0,0,1.3,5.5,9.5,9,3,4,3,1,0
SP1,2020-12-06,Granada,Huesca,3,3,D,1,1,D,15,16,6,7,4,2,12,16,2,0,0,0,2.3,3.1,3.4,-1,-1,2,-4,2,0
SP1,2020-12-06,Osasuna,Betis,0,2,A,0,0,D,10,12,0,5,2,5,16,12,3,2,0,0,2.62,3.3,2.7,-2,-5,-3,4,1,0
SP1,2020-12-07,Eibar,Valencia,0,0,D,0,0,D,19,6,3,4,8,0,15,10,3,2,0,0,2.45,3.1,3.1,13,-1,8,5,1,0
SP1,2020-12-11,Valladolid,Osasuna,3,2,H,1,2,A,11,13,6,6,3,3,14,18,4,5,0,0,2.5,3.1,3.0,-2,0,0,-4,-1,0
SP1,2020-12-12,Valencia,Ath Bilbao,2,2,D,1,0,H,11,13,2,5,0,10,19,16,2,6,0,0,3.25,3.1,2.35,-2,-3,-10,3,-4,0
SP1,2020-12-12,Getafe,Sevilla,0,1,A,0,0,D,8,8,2,0,5,3,14,13,2,3,0,0,3.75,3.2,2.1,0,2,2,1,-1,0
SP1,2020-12-12,Huesca,Alaves,1,0,H,0,0,D,11,3,3,1,5,2,14,20,1,4,0,0,2.2,3.2,3.5,8,2,3,-6,-3,0
SP1,2020-12-12,Real Madrid,Ath Madrid,2,0,H,1,0,H,11,5,3,1,3,6,7,16,1,3,0,0,2.3,3.3,3.1,6,2,-3,-9,-2,0
SP1,2020-12-13,Elche,Granada,0,1,A,0,1,A,9,13,1,5,6,5,16,15,4,2,0,0,3.4,3.1,2.3,-4,-4,1,1,2,0
SP1,2020-12-13,Sociedad,Eibar,1,1,D,1,0,H,8,16,2,4,5,4,14,11,4,3,0,0,1.6,3.75,6.0,-8,-2,1,3,1,0
SP1,2020-12-13,Betis,Villarreal,1,1,D,0,1,A,11,7,5,2,4,8,13,14,2,3,0,0,3.1,3.5,2.25,4,3,-4,-1,-1,0
SP1,2020-12-13,Barcelona,Levante,1,0,H,0,0,D,24,7,13,3,12,4,4,15,2,1,0,0,1.22,7.0,11.0,17,10,8,-11,1,0
SP1,2020-12-14,Celta,Cadiz,4,0,H,4,0,H,8,12,5,2,1,5,24,9,2,1,0,0,1.72,3.6,5.25,-4,3,-4,15,1,0
SP1,2020-12-15,Real Madrid,Ath Bilbao,3,1,H,1,0,H,18,10,5,4,6,6,8,9,1,3,0,1,1.53,4.33,5.75,8,1,0,-1,-2,-1
SP1,2020-12-16,Barcelona,Sociedad,2,1,H,2,1,H,14,12,4,5,2,3,18,14,3,3,0,0,1.6,4.5,5.0,2,-1,-1,4,0,0
SP1,2020-12-18,Ath Bilbao,Huesca,2,0,H,0,0,D,10,6,3,1,5,5,9,16,0,3,0,1,1.9,3.3,4.33,4,2,0,-7,-3,-1
SP1,2020-12-19,Ath Madrid,Elche,3,1,H,1,0,H,12,8,6,3,2,5,13,14,1,2,0,0,1.2,6.0,19.0,4,3,-3,-1,-1,0
SP1,2020-12-19,Barcelona,Valencia,2,2,D,1,1,D,25,12,9,4,8,3,10,14,4,2,0,0,1.3,6.0,8.5,13,5,5,-4,2,0
SP1,2020-12-19,Levante,Sociedad,2,1,H,1,1,D,13,15,5,5,3,4,19,14,2,1,0,0,3.4,3.4,2.15,-2,0,-1,5,1,0
SP1,2020-12-19,Osasuna,Villarreal,1,3,A,0,2,A,6,13,1,6,2,2,17,16,2,2,1,0,3.6,3.4,2.1,-7,-5,0,1,0,1
SP1,2020-12-19,Sevilla,Valladolid,1,1,D,1,0,H,14,12,3,5,7,7,14,10,3,4,0,0,1.53,3.75,7.5,2,-2,0,4,-1,0
SP1,2020-12-20,Eibar,Real Madrid,1,3,A,1,2,A,10,11,3,5,4,4,11,7,1,0,0,0,6.5,4.2,1.5,-1,-2,0,4,1,0
SP1,2020-12-20,Cadiz,Getafe,0,2,A,0,1,A,8,6,1,4,2,4,6,22,1,6,0,0,3.3,2.9,2.45,2,-3,-2,-16,-5,0
SP1,2020-12-20,Granada,Betis,2,0,H,2,0,H,8,14,3,1,1,10,21,16,3,4,0,0,2.45,3.4,2.87,-6,2,-9,5,-1,0
SP1,2020-12-20,Celta,Alaves,2,0,H,1,0,H,11,8,3,2,3,5,18,12,2,2,0,0,1.7,4.0,4.75,3,1,-2,6,0,0
SP1,2020-12-22,Elche,Osasuna,2,2,D,0,1,A,7,15,2,6,4,4,8,17,1,2,0,1,3.3,3.0,2.37,-8,-4,0,-9,-1,-1
SP1,2020-12-22,Valencia,Sevilla,0,1,A,0,0,D,10,19,4,3,3,5,11,17,3,2,0,0,3.75,3.4,2.0,-9,1,-2,-6,1,0
SP1,2020-12-22,Huesca,Levante,1,1,D,1,0,H,11,9,2,1,10,3,10,17,2,3,0,0,2.62,3.4,2.6,2,1,7,-7,-1,0
SP1,2020-12-22,Sociedad,Ath Madrid,0,2,A,0,0,D,6,8,1,3,5,5,20,17,3,3,0,0,3.3,3.2,2.25,-2,-2,0,3,0,0
SP1,2020-12-22,Valladolid,Barcelona,0,3,A,0,2,A,12,21,5,10,4,5,12,10,1,2,0,0,7.0,5.4,1.36,-9,-5,-1,2,-1,0
SP1,2020-12-22,Villarreal,Ath Bilbao,1,1,D,0,1,A,17,9,6,3,6,4,10,18,1,1,0,0,2.0,3.4,3.8,8,3,2,-8,0,0
SP1,2020-12-23,Betis,Cadiz,1,0,H,0,0,D,6,6,1,3,5,5,18,9,1,1,0,0,1.9,3.5,4.1,0,-2,0,9,0,0
SP1,2020-12-23,Alaves,Eibar,2,1,H,2,1,H,13,8,3,4,2,7,10,14,4,2,0,0,2.75,2.87,2.9,5,-1,-5,-4,2,0
SP1,2020-12-23,Getafe,Celta,1,1,D,1,1,D,6,2,3,1,1,4,17,16,3,3,0,0,2.75,3.0,2.8,4,2,-3,1,0,0
SP1,2020-12-23,Real Madrid,Granada,2,0,H,0,0,D,23,10,6,1,8,1,13,11,2,1,0,0,1.33,5.25,9.0,13,5,7,2,1,0
SP1,2020-12-29,Sevilla,Villarreal,2,0,H,1,0,H,10,6,3,2,4,7,13,14,1,4,0,0,2.25,3.3,3.25,4,1,-3,-1,-3,0
SP1,2020-12-29,Barcelona,Eibar,1,1,D,0,0,D,16,9,5,3,5,7,6,15,0,2,0,0,1.28,5.75,9.5,7,2,-2,-9,-2,0
SP1,2020-12-29,Cadiz,Valladolid,0,0,D,0,0,D,8,7,3,1,1,6,14,13,3,2,0,0,2.87,2.9,2.75,1,2,-5,1,1,0
SP1,2020-12-29,Levante,Betis,4,3,H,3,1,H,10,19,5,7,3,6,9,14,3,2,1,0,2.4,3.4,2.9,-9,-2,-3,-5,1,1
SP1,2020-12-30,Celta,Huesca,2,1,H,1,0,H,15,17,6,6,0,5,19,8,2,0,0,0,1.75,3.75,4.6,-2,0,-5,11,2,0
SP1,2020-12-30,Granada,Valencia,2,1,H,1,1,D,24,16,5,6,6,6,16,15,4,4,1,2,2.2,3.3,3.4,8,-1,0,1,0,-1
SP1,2020-12-30,Ath Madrid,Getafe,1,0,H,1,0,H,10,10,3,2,5,2,7,12,2,3,0,0,1.44,4.2,8.5,0,1,3,-5,-1,0
SP1,2020-12-30,Elche,Real Madrid,1,1,D,0,1,A,6,14,3,6,2,3,8,18,1,4,0,0,10.0,6.5,1.25,-8,-3,-1,-10,-3,0
SP1,2020-12-31,Osasuna,Alaves,1,1,D,0,0,D,8,15,3,1,5,4,12,9,3,4,1,0,2.35,3.25,3.1,-7,2,1,3,-1,1
SP1,2020-12-31,Ath Bilbao,Sociedad,0,1,A,0,1,A,4,13,0,3,2,4,23,18,5,4,0,0,3.0,3.2,2.5,-9,-3,-2,5,1,0
SP1,2021-01-02,Villarreal,Levante,2,1,H,1,0,H,12,9,7,2,3,5,12,11,1,1,0,0,1.65,3.8,5.5,3,5,-2,1,0,0
SP1,2021-01-02,Betis,Sevilla,1,1,D,0,0,D,16,6,3,2,2,1,15,18,5,2,0,0,3.9,3.5,1.95,10,1,1,-3,3,0
SP1,2021-01-02,Getafe,Valladolid,0,1,A,0,1,A,11,8,4,2,5,9,13,13,3,2,0,0,1.95,3.1,4.5,3,2,-4,0,1,0
SP1,2021-01-02,Real Madrid,Celta,2,0,H,1,0,H,9,6,2,1,1,5,14,14,4,2,0,0,1.44,4.75,6.5,3,1,-4,0,2,0
SP1,2021-01-03,Eibar,Granada,2,0,H,0,0,D,15,6,7,3,4,2,10,9,2,1,0,0,2.37,3.0,3.3,9,4,2,1,1,0
SP1,2021-01-03,Sociedad,Osasuna,1,1,D,0,1,A,8,6,2,2,7,2,15,8,1,1,0,0,1.53,4.0,6.5,2,0,5,7,0,0
SP1,2021-01-03,Ath Bilbao,Elche,1,0,H,1,0,H,13,5,2,2,5,4,15,13,2,1,0,0,1.5,3.8,8.0,8,0,1,2,1,0
SP1,2021-01-03,Alaves,Ath Madrid,1,2,A,0,1,A,4,8,1,4,1,5,14,12,0,2,1,0,7.0,3.75,1.53,-4,-3,-4,2,-2,1
SP1,2021-01-03,Huesca,Barcelona,0,1,A,0,1,A,4,20,4,7,2,6,12,11,1,0,0,0,6.5,4.75,1.44,-16,-3,-4,1,1,0
SP1,2021-01-04,Valencia,Cadiz,1,1,D,0,0,D,11,9,4,2,9,7,11,17,2,2,0,0,2.0,3.4,3.75,2,2,2,-6,0,0
SP1,2021-01-06,Ath Bilbao,Barcelona,2,3,A,1,2,A,8,13,3,9,3,4,10,6,2,1,0,0,4.2,3.6,1.83,-5,-6,-1,4,1,0
SP1,2021-01-08,Celta,Villarreal,0,4,A,0,4,A,8,15,3,6,3,4,15,18,1,0,0,0,3.4,3.3,2.2,-7,-3,-1,-3,1,0
SP1,2021-01-09,Sevilla,Sociedad,3,2,H,2,2,D,12,10,7,4,2,9,8,18,0,3,0,0,2.2,3.1,3.6,2,3,-7,-10,-3,0
SP1,2021-01-09,Granada,Barcelona,0,4,A,0,3,A,8,13,4,4,4,1,16,3,2,3,1,0,6.5,5.25,1.4,-5,0,3,13,-1,1
SP1,2021-01-09,Osasuna,Real Madrid,0,0,D,0,0,D,8,9,2,1,2,4,9,3,0,0,0,0,6.5,4.75,1.45,-1,1,-2,6,0,0
SP1,2021-01-10,Levante,Eibar,2,1,H,0,0,D,4,17,2,4,4,9,12,8,2,0,0,0,2.25,3.4,3.2,-13,-2,-5,4,2,0
SP1,2021-01-10,Cadiz,Alaves,3,1,H,1,1,D,10,5,7,2,4,1,17,10,1,4,0,1,2.7,2.9,3.0,5,5,3,7,-3,-1
SP1,2021-01-10,Valladolid,Valencia,0,1,A,0,0,D,11,17,4,6,0,4,14,14,2,3,0,0,2.37,3.25,3.1,-6,-2,-4,0,-1,0
SP1,2021-01-11,Elche,Getafe,1,3,A,1,1,D,7,14,4,7,1,7,14,16,4,2,1,0,4.33,2.9,2.1,-7,-3,-6,-2,2,1
SP1,2021-01-11,Huesca,Betis,0,2,A,0,0,D,10,15,3,5,3,6,12,13,2,2,0,1,2.8,3.3,2.55,-5,-2,-3,-1,0,-1
SP1,2021-01-12,Granada,Osasuna,2,0,H,2,0,H,9,15,2,3,4,4,16,17,1,4,0,0,2.3,3.1,3.4,-6,-1,0,-1,-3,0
SP1,2021-01-12,Ath Madrid,Sevilla,2,0,H,1,0,H,5,13,4,2,3,12,14,11,2,0,0,0,1.9,3.2,4.5,-8,2,-9,3,2,0
SP1,2021-01-19,Cadiz,Levante,2,2,D,2,2,D,8,8,2,5,5,2,13,11,3,1,0,0,2.9,3.1,2.55,0,-3,3,2,2,0
SP1,2021-01-19,Valladolid,Elche,2,2,D,0,2,A,13,9,2,3,4,5,14,19,1,3,1,0,1.83,3.4,4.6,4,-1,-1,-5,-2,1
SP1,2021-01-19,Alaves,Sevilla,1,2,A,1,2,A,12,7,3,3,3,2,15,14,3,3,0,0,5.5,3.6,1.66,5,0,1,1,0,0
SP1,2021-01-20,Villarreal,Granada,2,2,D,1,1,D,9,3,3,2,3,0,11,11,2,4,0,1,1.5,4.0,7.0,6,1,3,0,-2,-1
SP1,2021-01-20,Betis,Celta,2,1,H,2,1,H,12,10,4,3,5,6,13,15,2,3,0,0,2.1,3.5,3.4,2,1,-1,-2,-1,0
SP1,2021-01-20,Getafe,Huesca,1,0,H,0,0,D,12,15,5,3,3,8,15,14,2,4,0,0,1.9,3.25,4.5,-3,2,-5,1,-2,0
SP1,2021-01-21,Valencia,Osasuna,1,1,D,0,1,A,10,14,3,5,9,4,8,17,1,3,0,0,2.05,3.5,3.5,-4,-2,5,-9,-2,0
SP1,2021-01-21,Eibar,Ath Madrid,1,2,A,1,1,D,12,9,2,4,3,3,24,9,2,2,0,0,6.5,3.4,1.66,3,-2,0,15,0,0
SP1,2021-01-22,Levante,Valladolid,2,2,D,0,0,D,11,7,3,3,8,2,16,12,0,1,0,0,1.95,3.4,4.0,4,0,6,4,-1,0
SP1,2021-01-23,Huesca,Villarreal,0,0,D,0,0,D,5,8,1,2,1,2,9,15,3,1,0,0,4.33,3.75,1.8,-3,-1,-1,-6,2,0
SP1,2021-01-23,Sevilla,Cadiz,3,0,H,2,0,H,15,9,7,3,7,6,12,6,1,3,0,0,1.45,4.2,8.0,6,4,1,6,-2,0
SP1,2021-01-23,Sociedad,Betis,2,2,D,0,0,D,12,7,6,4,8,3,14,13,2,2,0,0,1.8,3.75,4.33,5,2,5,1,0,0
SP1,2021-01-23,Alaves,Real Madrid,1,4,A,0,3,A,14,10,4,7,4,4,16,7,5,3,0,0,5.5,4.33,1.55,4,-3,0,9,2,0
SP1,2021-01-24,Osasuna,Granada,3,1,H,2,0,H,7,12,4,1,1,5,15,15,5,4,1,0,2.5,3.1,3.0,-5,3,-4,0,1,1
SP1,2021-01-24,Elche,Barcelona,0,2,A,0,1,A,4,15,2,8,0,7,15,9,0,2,0,0,8.0,5.25,1.36,-11,-6,-7,6,-2,0
SP1,2021-01-24,Celta,Eibar,1,1,D,1,0,H,7,9,4,2,0,6,10,16,4,3,0,0,2.05,3.4,3.75,-2,2,-6,-6,1,0
SP1,2021-01-24,Ath Madrid,Valencia,3,1,H,1,1,D,14,8,5,4,7,7,11,14,2,0,0,0,1.4,4.75,8.0,6,1,0,-3,2,0
SP1,2021-01-25,Ath Bilbao,Getafe,5,1,H,1,1,D,11,6,8,2,4,4,13,18,4,4,0,0,2.3,3.0,3.6,5,6,0,-5,0,0
SP1,2021-01-29,Valladolid,Huesca,1,3,A,0,1,A,14,11,4,5,6,7,12,12,2,2,0,0,2.2,3.1,3.6,3,-1,-1,0,0,0
SP1,2021-01-30,Valencia,Elche,1,0,H,1,0,H,14,10,4,1,4,10,18,15,1,7,0,0,1.66,3.75,5.5,4,3,-6,3,-6,0
SP1,2021-01-30,Villarreal,Sociedad,1,1,D,1,0,H,4,12,2,3,1,7,10,17,1,3,0,0,2.4,3.2,3.1,-8,-1,-6,-7,-2,0
SP1,2021-01-30,Eibar,Sevilla,0,2,A,0,1,A,17,7,6,4,6,2,10,12,4,3,0,0,4.0,3.25,2.0,10,2,4,-2,1,0
SP1,2021-01-30,Real Madrid,Levante,1,2,A,1,1,D,8,14,2,8,3,7,9,20,1,2,1,0,1.33,5.5,8.0,-6,-6,-4,-11,-1,1
SP1,2021-01-31,Getafe,Alaves,0,0,D,0,0,D,5,5,1,1,5,2,20,17,3,3,0,0,1.9,3.2,4.5,0,0,3,3,0,0
SP1,2021-01-31,Cadiz,Ath Madrid,2,4,A,1,2,A,11,9,6,4,2,2,7,7,1,5,0,0,9.0,4.0,1.44,2,2,0,0,-4,0
SP1,2021-01-31,Granada,Celta,0,0,D,0,0,D,10,7,5,1,6,5,16,19,2,4,0,0,2.7,3.3,2.62,3,4,1,-3,-2,0
SP1,2021-01-31,Barcelona,Ath Bilbao,2,1,H,1,0,H,12,7,6,2,7,3,12,20,2,3,0,0,1.36,5.25,7.5,5,4,4,-8,-1,0
SP1,2021-02-01,Betis,Osasuna,1,0,H,0,0,D,8,15,4,5,3,4,12,6,1,1,0,0,1.8,3.6,4.33,-7,-1,-1,6,0,0
SP1,2021-02-05,Alaves,Valladolid,1,0,H,0,0,D,20,3,5,1,11,1,11,17,4,4,0,0,2.6,3.0,3.0,17,4,10,-6,0,0
SP1,2021-02-06,Sevilla,Getafe,3,0,H,0,0,D,17,5,5,1,3,1,10,11,1,4,0,1,1.72,3.6,4.75,12,4,2,-1,-3,-1
SP1,2021-02-06,Elche,Villarreal,2,2,D,0,2,A,8,9,2,4,4,2,17,5,1,2,0,0,6.5,3.8,1.53,-1,-2,2,12,-1,0
SP1,2021-02-06,Levante,Granada,2,2,D,1,1,D,11,11,7,5,6,2,12,13,1,3,0,0,2.2,3.3,3.4,0,2,4,-1,-2,0
SP1,2021-02-06,Huesca,Real Madrid,1,2,A,0,0,D,13,18,2,7,3,10,18,9,2,1,0,0,7.0,4.5,1.44,-5,-5,-7,9,1,0
SP1,2021-02-07,Betis,Barcelona,2,3,A,1,0,H,8,12,5,4,3,5,21,7,1,3,0,0,5.75,4.6,1.5,-4,1,-2,14,-2,0
SP1,2021-02-07,Sociedad,Cadiz,4,1,H,2,0,H,17,2,6,1,5,1,7,7,0,2,0,1,1.45,4.2,8.0,15,5,4,0,-2,-1
SP1,2021-02-07,Ath Bilbao,Valencia,1,1,D,1,0,H,11,15,2,2,6,6,10,8,2,1,0,0,2.15,3.2,3.6,-4,0,0,2,1,0
SP1,2021-02-07,Osasuna,Eibar,2,1,H,1,1,D,12,12,4,3,2,1,10,11,0,0,0,0,2.55,3.0,3.0,0,1,1,-1,0,0
SP1,2021-02-08,Ath Madrid,Celta,2,2,D,1,1,D,9,7,2,2,1,4,12,17,2,2,0,0,1.6,3.6,6.5,2,0,-3,-5,0,0
SP1,2021-02-09,Real Madrid,Getafe,2,0,H,0,0,D,14,1,4,0,8,1,8,16,1,1,0,0,1.53,4.0,6.5,13,4,7,-8,0,0
SP1,2021-02-12,Celta,Elche,3,1,H,2,0,H,9,7,6,2,3,6,11,15,3,2,0,0,1.45,4.2,8.0,2,4,-3,-4,1,0
SP1,2021-02-13,Granada,Ath Madrid,1,2,A,0,0,D,6,10,1,4,7,3,14,20,0,5,0,0,5.0,3.3,1.8,-4,-3,4,-6,-5,0
SP1,2021-02-13,Sevilla,Huesca,1,0,H,0,0,D,14,9,4,5,6,6,14,15,3,4,0,0,1.5,3.9,7.5,5,-1,0,-1,-1,0
SP1,2021-02-13,Eibar,Valladolid,1,1,D,1,1,D,14,5,2,1,7,3,15,12,2,3,0,0,1.95,3.3,4.2,9,1,4,3,-1,0
SP1,2021-02-13,Barcelona,Alaves,5,1,H,2,0,H,17,6,9,2,5,4,10,14,0,2,0,0,1.28,6.0,9.0,11,7,1,-4,-2,0
SP1,2021-02-14,Levante,Osasuna,0,1,A,0,0,D,13,7,4,2,2,1,13,10,1,2,0,0,2.25,3.2,3.4,6,2,1,3,-1,0
SP1,2021-02-14,Villarreal,Betis,1,2,A,0,1,A,9,15,5,4,7,3,19,13,3,2,0,0,1.9,3.4,4.2,-6,1,4,6,1,0
SP1,2021-02-14,Getafe,Sociedad,0,1,A,0,1,A,4,3,0,2,2,5,23,19,3,3,1,0,3.75,3.25,2.1,1,-2,-3,4,0,1
SP1,2021-02-14,Real Madrid,Valencia,2,0,H,2,0,H,16,4,7,1,6,1,13,12,0,3,0,0,1.4,4.75,8.0,12,6,5,1,-3,0
SP1,2021-02-15,Cadiz,Ath Bilbao,0,4,A,0,3,A,11,13,2,8,5,8,15,13,3,2,0,0,4.0,3.1,2.05,-2,-6,-3,2,1,0
SP1,2021-02-17,Levante,Ath Madrid,1,1,D,1,1,D,7,14,4,6,1,8,10,10,1,3,0,0,4.75,3.4,1.8,-7,-2,-7,0,-2,0
SP1,2021-02-19,Betis,Getafe,1,0,H,0,0,D,12,6,5,1,5,2,17,18,5,4,1,0,2.05,3.1,4.1,6,4,3,-1,1,1
SP1,2021-02-20,Valladolid,Real Madrid,0,1,A,0,0,D,9,10,5,2,4,5,13,11,4,2,0,0,5.5,4.2,1.57,-1,3,-1,2,2,0
SP1,2021-02-20,Elche,Eibar,1,0,H,1,0,H,6,13,2,3,1,4,16,9,2,1,0,0,3.6,3.25,2.15,-7,-1,-3,7,1,0
SP1,2021-02-20,Ath Madrid,Levante,0,2,A,0,1,A,28,6,11,1,12,2,10,15,2,3,0,0,1.53,4.0,7.0,22,10,10,-5,-1,0
SP1,2021-02-20,Valencia,Celta,2,0,H,0,0,D,10,5,3,2,6,1,9,19,2,3,0,1,2.45,3.2,3.0,5,1,5,-10,-1,-1
SP1,2021-02-21,Huesca,Granada,3,2,H,3,1,H,15,8,6,5,5,2,13,14,3,3,0,1,2.15,3.3,3.5,7,1,3,-1,0,-1
SP1,2021-02-21,Ath Bilbao,Villarreal,1,1,D,1,1,D,18,3,8,2,6,0,12,12,2,2,0,0,2.45,3.2,3.0,15,6,6,0,0,0
SP1,2021-02-21,Barcelona,Cadiz,1,1,D,1,0,H,20,3,4,1,8,0,13,12,0,2,0,0,1.16,8.0,13.0,17,3,8,1,-2,0
SP1,2021-02-21,Sociedad,Alaves,4,0,H,1,0,H,8,7,4,2,4,3,17,16,3,2,0,0,1.66,3.75,5.5,1,2,1,1,1,0
SP1,2021-02-22,Osasuna,Sevilla,0,2,A,0,1,A,6,10,0,5,3,5,14,15,2,2,0,0,4.0,3.3,2.0,-4,-5,-2,-1,0,0
SP1,2021-02-24,Barcelona,Elche,3,0,H,0,0,D,9,6,5,1,6,3,8,8,0,0,0,0,1.12,9.0,19.0,3,4,3,0,0,0
SP1,2021-02-26,Levante,Ath Bilbao,1,1,D,1,0,H,10,11,4,5,2,10,11,13,3,1,0,1,3.3,3.25,2.25,-1,-1,-8,-2,2,-1
SP1,2021-02-27,Alaves,Osasuna,0,1,A,0,0,D,4,6,1,3,5,2,18,20,3,4,0,0,2.62,2.9,3.0,-2,-2,3,-2,-1,0
SP1,2021-02-27,Getafe,Valencia,3,0,H,1,0,H,15,5,4,0,3,6,21,12,5,2,0,1,2.5,3.0,3.1,10,4,-3,9,3,-1
SP1,2021-02-27,Eibar,Huesca,1,1,D,0,0,D,17,4,3,1,6,2,19,11,2,2,0,0,2.15,3.3,3.5,13,2,4,8,0,0
SP1,2021-02-27,Sevilla,Barcelona,0,2,A,0,1,A,4,9,2,5,3,3,20,9,5,2,0,0,3.2,3.5,2.2,-5,-3,0,11,3,0
SP1,2021-02-28,Celta,Valladolid,1,1,D,0,0,D,11,7,2,3,3,5,20,20,3,5,0,0,1.75,3.75,4.5,4,-1,-2,0,-2,0
SP1,2021-02-28,Cadiz,Betis,0,1,A,0,0,D,5,9,3,4,3,7,9,13,1,2,0,0,3.8,3.3,2.05,-4,-1,-4,-4,-1,0
SP1,2021-02-28,Granada,Elche,2,1,H,1,1,D,13,12,4,4,5,5,14,12,3,2,0,0,2.1,3.1,4.0,1,0,0,2,1,0
SP1,2021-02-28,Villarreal,Ath Madrid,0,2,A,0,1,A,19,6,6,5,10,2,15,19,2,3,0,0,3.2,3.1,2.45,13,1,8,-4,-1,0
SP1,2021-03-01,Real Madrid,Sociedad,1,1,D,0,0,D,21,6,2,2,13,4,5,10,0,1,0,0,1.83,4.0,4.0,15,0,9,-5,-1,0
SP1,2021-03-05,Valencia,Villarreal,2,1,H,0,1,A,25,10,4,5,5,3,12,10,4,3,0,0,4.0,3.4,1.95,15,-1,2,2,1,0
SP1,2021-03-06,Osasuna,Barcelona,0,2,A,0,1,A,10,13,3,6,3,4,4,12,0,2,0,0,5.75,4.5,1.5,-3,-3,-1,-8,-2,0
SP1,2021-03-06,Cadiz,Eibar,1,0,H,1,0,H,6,16,2,1,0,12,7,11,2,2,0,0,3.25,3.2,2.3,-10,1,-12,-4,0,0
SP1,2021-03-06,Elche,Sevilla,2,1,H,0,0,D,6,11,3,3,6,3,16,11,4,0,0,0,6.5,3.6,1.6,-5,0,3,5,4,0
SP1,2021-03-06,Valladolid,Getafe,2,1,H,2,1,H,4,9,3,2,1,6,16,19,2,2,0,1,3.0,2.8,2.7,-5,1,-5,-3,0,-1
SP1,2021-03-07,Huesca,Celta,3,4,A,2,2,D,19,10,7,7,6,3,12,21,0,2,0,0,3.0,3.3,2.4,9,0,3,-9,-2,0
SP1,2021-03-07,Ath Madrid,Real Madrid,1,1,D,1,0,H,11,18,5,8,1,6,19,9,5,1,0,0,2.55,3.25,2.8,-7,-3,-5,10,4,0
SP1,2021-03-07,Sociedad,Levante,1,0,H,1,0,H,25,6,8,1,7,5,13,14,0,2,0,0,1.44,4.33,7.5,19,7,2,-1,-2,0
SP1,2021-03-07,Ath Bilbao,Granada,2,1,H,1,0,H,7,13,5,3,6,9,10,10,2,2,0,0,1.57,4.0,5.75,-6,2,-3,0,0,0
SP1,2021-03-08,Betis,Alaves,3,2,H,0,2,A,23,4,8,3,12,1,13,11,0,3,0,0,1.72,3.8,4.75,19,5,11,2,-3,0
SP1,2021-03-10,Ath Madrid,Ath Bilbao,2,1,H,1,1,D,11,4,5,2,5,4,12,13,2,2,0,0,1.8,3.3,5.25,7,3,1,-1,0,0
SP1,2021-03-12,Levante,Valencia,1,0,H,1,0,H,11,11,3,2,3,3,17,13,3,4,0,0,2.25,3.4,3.2,0,1,0,4,-1,0
SP1,2021-03-13,Alaves,Cadiz,1,1,D,1,0,H,9,9,3,1,2,5,22,6,3,3,1,0,2.15,3.1,3.8,0,2,-3,16,0,1
SP1,2021-03-13,Real Madrid,Elche,2,1,H,0,0,D,17,3,4,2,6,1,11,16,1,1,0,0,1.18,7.0,15.0,14,2,5,-5,0,0
SP1,2021-03-13,Osasuna,Valladolid,0,0,D,0,0,D,14,12,2,2,7,3,12,9,2,3,0,0,2.2,3.1,3.6,2,0,4,3,-1,0
SP1,2021-03-13,Getafe,Ath Madrid,0,0,D,0,0,D,11,15,2,7,3,11,9,17,1,4,1,0,4.75,3.1,1.9,-4,-5,-8,-8,-3,1
SP1,2021-03-14,Celta,Ath Bilbao,0,0,D,0,0,D,13,6,3,1,1,3,20,13,3,1,0,0,2.7,3.2,2.7,7,2,-2,7,2,0
SP1,2021-03-14,Granada,Sociedad,1,0,H,0,0,D,7,7,2,1,4,6,23,16,2,3,0,0,5.5,4.2,1.57,0,1,-2,7,-1,0
SP1,2021-03-14,Eibar,Villarreal,1,3,A,0,2,A,16,13,7,8,7,2,12,9,2,2,0,1,2.9,3.4,2.4,3,-1,5,3,0,-1
SP1,2021-03-14,Sevilla,Betis,1,0,H,1,0,H,9,13,3,3,3,6,12,14,3,5,0,0,2.0,3.4,3.75,-4,0,-3,-2,-2,0
SP1,2021-03-15,Barcelona,Huesca,4,1,H,2,1,H,12,8,5,4,7,3,8,13,0,2,0,0,1.18,7.5,13.0,4,1,4,-5,-2,0
SP1,2021-03-17,Sevilla,Elche,2,0,H,1,0,H,13,11,8,5,4,1,9,8,2,1,0,0,1.4,4.5,8.0,2,3,3,1,1,0
SP1,2021-03-19,Betis,Levante,2,0,H,0,0,D,15,7,6,1,4,1,14,10,2,0,0,0,1.72,3.8,4.5,8,5,3,4,2,0
SP1,2021-03-20,Ath Bilbao,Eibar,1,1,D,1,1,D,18,4,4,2,10,1,5,15,1,1,0,0,1.75,3.6,4.75,14,2,9,-10,0,0
SP1,2021-03-20,Celta,Real Madrid,1,3,A,1,2,A,8,16,3,4,1,7,23,13,3,4,0,0,4.33,4.0,1.72,-8,-1,-6,10,-1,0
SP1,2021-03-20,Huesca,Osasuna,0,0,D,0,0,D,15,7,3,2,5,1,9,13,1,2,0,0,2.45,3.2,3.0,8,1,4,-4,-1,0
SP1,2021-03-20,Valladolid,Sevilla,1,1,D,1,0,H,3,12,2,4,2,8,17,10,3,1,0,0,4.33,3.5,1.83,-9,-2,-6,7,2,0
SP1,2021-03-21,Getafe,Elche,1,1,D,0,1,A,12,6,5,2,4,8,17,21,3,7,0,0,1.83,3.25,4.75,6,3,-4,-4,-4,0
SP1,2021-03-21,Valencia,Granada,2,1,H,1,0,H,18,15,9,3,3,4,11,11,0,3,0,0,2.0,3.5,3.75,3,6,-1,0,-3,0
SP1,2021-03-21,Villarreal,Cadiz,2,1,H,1,0,H,13,9,4,3,5,6,14,6,3,3,0,0,1.44,4.2,7.5,4,1,-1,8,0,0
SP1,2021-03-21,Ath Madrid,Alaves,1,0,H,0,0,D,8,9,4,3,5,5,17,12,3,3,0,0,1.36,4.5,10.0,-1,1,0,5,0,0
SP1,2021-03-21,Sociedad,Barcelona,1,6,A,0,2,A,10,14,5,10,1,1,11,12,3,2,0,0,3.6,3.8,1.95,-4,-5,0,-1,1,0
SP1,2021-04-02,Levante,Huesca,0,2,A,0,1,A,13,6,3,2,8,2,15,7,2,2,0,0,2.37,3.3,3.0,7,1,6,8,0,0
SP1,2021-04-03,Granada,Villarreal,0,3,A,0,2,A,6,15,2,6,3,5,14,14,2,2,0,0,3.8,3.3,2.05,-9,-4,-2,0,0,0
SP1,2021-04-03,Real Madrid,Eibar,2,0,H,1,0,H,21,10,8,4,6,9,6,8,0,2,0,0,1.33,5.5,8.0,11,4,-3,-2,-2,0
SP1,2021-04-03,Osasuna,Getafe,0,0,D,0,0,D,4,6,1,2,2,4,23,18,2,3,0,0,2.55,2.8,3.2,-2,-1,-2,5,-1,0
SP1,2021-04-04,Sevilla,Ath Madrid,1,0,H,0,0,D,18,9,5,4,3,2,13,11,2,4,0,0,2.9,3.0,2.7,9,1,1,2,-2,0
SP1,2021-04-04,Cadiz,Valencia,2,1,H,1,1,D,6,12,2,6,4,13,10,7,2,2,0,0,3.1,3.1,2.45,-6,-4,-9,3,0,0
SP1,2021-04-04,Alaves,Celta,1,3,A,0,3,A,17,8,7,6,6,2,9,21,4,5,0,1,3.0,3.2,2.5,9,1,4,-12,-1,-1
SP1,2021-04-04,Elche,Betis,1,1,D,1,1,D,7,13,3,3,7,2,9,15,1,4,0,0,4.33,3.75,1.8,-6,0,5,-6,-3,0
SP1,2021-04-05,Barcelona,Valladolid,1,0,H,0,0,D,25,7,10,2,4,1,12,13,3,3,0,1,1.12,9.0,19.0,18,8,3,-1,0,-1
SP1,2021-04-07,Sociedad,Ath Bilbao,1,1,D,0,0,D,12,11,2,2,3,6,18,7,3,1,0,0,2.1,3.3,3.6,1,0,-3,11,2,0
SP1,2021-04-09,Huesca,Elche,3,1,H,2,1,H,8,8,5,2,6,6,17,13,2,2,0,0,2.0,3.2,4.1,0,3,0,4,0,0
SP1,2021-04-10,Real Madrid,Barcelona,2,1,H,2,0,H,14,18,3,4,5,6,16,10,3,4,1,0,2.8,3.8,2.3,-4,-1,-1,6,-1,1
SP1,2021-04-10,Getafe,Cadiz,0,1,A,0,0,D,19,8,4,3,10,4,10,13,3,2,0,0,1.9,3.1,4.5,11,1,6,-3,1,0
SP1,2021-04-10,Ath Bilbao,Alaves,0,0,D,0,0,D,11,9,4,0,6,6,13,15,2,2,0,0,1.9,3.3,4.4,2,4,0,-2,0,0
SP1,2021-04-10,Eibar,Levante,0,1,A,0,1,A,10,6,4,1,6,3,9,7,3,2,0,0,2.2,3.5,3.1,4,3,3,2,1,0
SP1,2021-04-11,Villarreal,Osasuna,1,2,A,0,0,D,15,12,6,4,6,5,6,12,0,0,0,0,1.61,3.6,6.0,3,2,1,-6,0,0
SP1,2021-04-11,Valencia,Sociedad,2,2,D,0,2,A,9,16,2,5,4,5,11,17,6,4,1,0,3.5,3.3,2.1,-7,-3,-1,-6,2,1
SP1,2021-04-11,Valladolid,Granada,1,2,A,1,0,H,7,12,3,6,2,4,14,15,4,2,0,0,2.05,3.4,3.6,-5,-3,-2,-1,2,0
SP1,2021-04-11,Betis,Ath Madrid,1,1,D,1,1,D,8,10,4,4,5,5,12,13,0,0,0,0,3.25,3.2,2.3,-2,0,0,-1,0,0
SP1,2021-04-12,Celta,Sevilla,3,4,A,3,2,H,12,13,5,6,5,2,18,15,3,2,0,0,3.5,3.3,2.15,-1,-1,3,3,1,0
SP1,2021-04-18,Getafe,Real Madrid,0,0,D,0,0,D,19,10,6,2,6,6,17,8,3,1,0,0,6.0,3.75,1.61,9,4,0,9,2,0
SP1,2021-04-18,Cadiz,Celta,0,0,D,0,0,D,5,11,2,4,4,7,6,13,0,1,0,0,3.6,3.5,2.05,-6,-2,-3,-7,-1,0
SP1,2021-04-18,Levante,Villarreal,1,5,A,1,2,A,12,14,3,7,4,5,9,7,2,1,0,0,3.75,3.4,2.05,-2,-4,-1,2,1,0
SP1,2021-04-18,Betis,Valencia,2,2,D,2,1,H,9,9,5,3,6,3,12,10,3,1,0,0,1.85,3.6,4.2,0,2,3,2,2,0
SP1,2021-04-18,Ath Madrid,Eibar,5,0,H,2,0,H,10,0,7,0,8,3,10,10,0,1,0,0,1.4,4.33,9.0,10,7,5,0,-1,0
SP1,2021-04-18,Alaves,Huesca,1,0,H,0,0,D,10,9,2,1,7,3,15,13,1,2,0,0,2.37,3.1,3.25,1,1,4,2,-1,0
SP1,2021-04-18,Sociedad,Sevilla,1,2,A,1,2,A,5,15,2,7,7,3,20,15,3,2,0,0,2.9,3.25,2.45,-10,-5,4,5,1,0
SP1,2021-04-18,Osasuna,Elche,2,0,H,1,0,H,9,8,3,2,4,5,14,15,2,1,0,0,1.9,3.3,4.33,1,1,-1,-1,1,0
SP1,2021-04-21,Levante,Sevilla,0,1,A,0,0,D,6,10,1,3,2,3,15,13,4,1,0,0,5.0,4.2,1.61,-4,-2,-1,2,3,0
SP1,2021-04-21,Osasuna,Valencia,3,1,H,2,1,H,18,10,9,5,5,6,17,11,1,2,0,0,2.3,3.25,3.2,8,4,-1,6,-1,0
SP1,2021-04-21,Betis,Ath Bilbao,0,0,D,0,0,D,6,16,2,4,5,4,10,16,3,2,1,0,2.37,3.3,3.0,-10,-2,1,-6,1,1
SP1,2021-04-21,Alaves,Villarreal,2,1,H,1,0,H,9,10,4,5,3,8,8,11,2,1,0,0,4.33,3.6,1.83,-1,-1,-5,-3,1,0
SP1,2021-04-21,Elche,Valladolid,1,1,D,1,0,H,9,12,3,4,4,6,23,11,5,3,0,0,2.8,3.0,2.7,-3,-1,-2,12,2,0
SP1,2021-04-21,Cadiz,Real Madrid,0,3,A,0,3,A,14,14,3,4,7,3,13,21,4,3,0,0,9.0,4.75,1.36,0,-1,4,-8,1,0
SP1,2021-04-22,Ath Madrid,Huesca,2,0,H,1,0,H,18,5,12,2,8,1,9,11,2,0,0,0,1.36,4.75,9.0,13,10,7,-2,2,0
SP1,2021-04-22,Granada,Eibar,4,1,H,2,0,H,8,16,4,3,4,7,13,10,1,1,0,0,2.37,3.1,3.2,-8,1,-3,3,0,0
SP1,2021-04-22,Sociedad,Celta,2,1,H,2,1,H,7,10,3,3,2,4,17,17,4,5,0,0,1.9,3.5,4.1,-3,0,-2,0,-1,0
SP1,2021-04-22,Barcelona,Getafe,5,2,H,3,1,H,9,5,6,1,3,1,8,15,2,0,0,0,1.25,5.75,13.0,4,5,2,-7,2,0
SP1,2021-04-24,Valencia,Alaves,1,1,D,0,0,D,9,6,2,2,7,2,17,16,4,0,0,1,2.1,3.25,3.6,3,0,5,1,4,-1
SP1,2021-04-24,Real Madrid,Betis,0,0,D,0,0,D,17,6,5,2,8,2,17,13,1,2,0,0,1.45,4.75,6.5,11,3,6,4,-1,0
SP1,2021-04-24,Elche,Levante,1,0,H,1,0,H,8,6,3,1,4,2,10,14,3,4,0,0,2.7,3.2,2.6,2,2,2,-4,-1,0
SP1,2021-04-24,Valladolid,Cadiz,1,1,D,1,0,H,13,6,6,2,5,7,11,20,1,3,0,0,1.9,3.25,4.33,7,4,-2,-9,-2,0
SP1,2021-04-25,Huesca,Getafe,0,2,A,0,1,A,8,6,1,4,1,0,16,22,2,4,0,0,2.75,2.9,2.8,2,-3,1,-6,-2,0
SP1,2021-04-25,Villarreal,Barcelona,1,2,A,1,2,A,10,15,4,5,6,1,16,10,2,3,1,0,4.5,4.2,1.66,-5,-1,5,6,-1,1
SP1,2021-04-25,Celta,Osasuna,2,1,H,1,0,H,7,12,2,3,2,8,13,12,1,4,0,0,2.2,3.3,3.25,-5,-1,-6,1,-3,0
SP1,2021-04-25,Sevilla,Granada,2,1,H,1,0,H,10,4,4,2,5,5,11,14,2,3,0,0,1.4,4.75,7.5,6,2,0,-3,-1,0
SP1,2021-04-25,Ath Bilbao,Ath Madrid,2,1,H,1,0,H,11,14,3,3,4,11,20,7,4,2,0,0,4.0,3.5,1.85,-3,0,-7,13,2,0
SP1,2021-04-26,Eibar,Sociedad,0,1,A,0,1,A,14,5,5,2,2,3,8,20,5,1,0,0,4.0,3.6,1.85,9,3,-1,-12,4,0
SP1,2021-04-28,Ath Bilbao,Valladolid,2,2,D,1,0,H,13,14,7,4,5,7,8,13,1,1,0,0,1.85,3.2,5.0,-1,3,-2,-5,0,0
SP1,2021-04-29,Barcelona,Granada,1,2,A,1,0,H,16,6,4,2,6,1,10,22,0,4,0,0,1.14,8.0,17.0,10,2,5,-12,-4,0
SP1,2021-04-30,Celta,Levante,2,0,H,0,0,D,8,10,5,2,1,5,12,13,2,2,0,0,1.8,3.75,4.33,-2,3,-4,-1,0,0
SP1,2021-05-01,Eibar,Alaves,3,0,H,1,0,H,15,6,4,2,10,5,12,12,0,2,0,0,2.5,3.1,3.0,9,2,5,0,-2,0
SP1,2021-05-01,Elche,Ath Madrid,0,1,A,0,1,A,6,11,1,4,3,2,20,16,3,3,0,0,9.0,4.33,1.4,-5,-3,1,4,0,0
SP1,2021-05-01,Huesca,Sociedad,1,0,H,0,0,D,10,7,3,3,2,7,14,11,2,2,0,0,3.75,3.5,2.0,3,0,-5,3,0,0
SP1,2021-05-01,Real Madrid,Osasuna,2,0,H,0,0,D,22,3,6,2,7,0,9,12,0,2,0,0,1.36,5.0,8.5,19,4,7,-3,-2,0
SP1,2021-05-02,Valladolid,Betis,1,1,D,0,0,D,10,11,2,4,3,2,7,14,2,5,0,0,3.0,3.5,2.3,-1,-2,1,-7,-3,0
SP1,2021-05-02,Villarreal,Getafe,1,0,H,0,0,D,4,15,3,3,4,4,13,17,1,2,0,0,2.1,2.9,4.1,-11,0,0,-4,-1,0
SP1,2021-05-02,Granada,Cadiz,0,1,A,0,1,A,9,8,2,4,6,5,12,10,7,2,1,0,1.85,3.3,4.75,1,-2,1,2,5,1
SP1,2021-05-02,Valencia,Barcelona,2,3,A,0,0,D,9,14,4,7,2,1,12,14,2,1,0,0,7.0,5.5,1.36,-5,-3,1,-2,1,0
SP1,2021-05-03,Sevilla,Ath Bilbao,0,1,A,0,0,D,18,8,3,2,6,2,13,15,1,0,0,0,1.57,4.0,5.75,10,1,4,-2,1,0
SP1,2021-05-07,Sociedad,Elche,2,0,H,0,0,D,16,1,3,0,7,0,8,10,1,3,0,1,1.45,4.1,8.0,15,3,7,-2,-2,-1
SP1,2021-05-08,Alaves,Levante,2,2,D,1,2,A,15,6,5,3,8,3,12,18,2,1,0,0,2.1,3.4,3.5,9,2,5,-6,1,0
SP1,2021-05-08,Barcelona,Ath Madrid,0,0,D,0,0,D,12,11,7,6,5,7,13,26,3,3,0,0,1.75,3.8,4.5,1,1,-2,-13,0,0
SP1,2021-05-08,Cadiz,Huesca,2,1,H,2,1,H,11,13,1,5,3,3,14,13,4,0,0,0,3.6,3.2,2.15,-2,-4,0,1,4,0
SP1,2021-05-08,Ath Bilbao,Osasuna,2,2,D,1,1,D,13,13,3,4,10,4,4,10,1,2,0,0,1.8,3.5,4.75,0,-1,6,-6,-1,0
SP1,2021-05-09,Getafe,Eibar,0,1,A,0,0,D,10,7,2,3,4,2,11,11,1,2,0,0,2.15,3.1,3.75,3,-1,2,0,-1,0
SP1,2021-05-09,Valencia,Valladolid,3,0,H,1,0,H,6,19,3,2,1,9,17,6,0,0,0,0,2.05,3.3,3.8,-13,1,-8,11,0,0
SP1,2021-05-09,Villarreal,Celta,2,4,A,1,3,A,16,11,7,6,5,3,11,16,3,3,2,1,1.95,3.6,3.8,5,1,2,-5,0,1
SP1,2021-05-09,Real Madrid,Sevilla,2,2,D,0,1,A,16,7,6,3,7,3,8,8,1,2,0,0,1.9,3.75,3.75,9,3,4,0,-1,0
SP1,2021-05-10,Betis,Granada,2,1,H,1,0,H,14,11,6,5,9,2,16,11,2,4,0,0,1.75,3.8,4.75,3,1,7,5,-2,0
SP1,2021-05-11,Osasuna,Cadiz,3,2,H,1,0,H,14,10,4,4,3,5,15,12,2,2,0,0,1.95,3.4,4.0,4,0,-2,3,0,0
SP1,2021-05-11,Elche,Alaves,0,2,A,0,1,A,11,9,4,2,7,5,21,15,2,4,0,0,2.9,3.0,2.6,2,2,2,6,-2,0
SP1,2021-05-11,Levante,Barcelona,3,3,D,0,2,A,16,17,6,5,8,6,12,4,2,2,0,0,12.0,8.0,1.18,-1,1,2,8,0,0
SP1,2021-05-12,Huesca,Ath Bilbao,1,0,H,0,0,D,18,4,6,3,5,0,9,14,0,1,0,0,2.5,3.2,2.9,14,3,5,-5,-1,0
SP1,2021-05-12,Ath Madrid,Sociedad,2,1,H,2,0,H,12,14,4,7,1,7,11,15,0,0,0,0,1.6,4.0,5.5,-2,-3,-6,-4,0,0
SP1,2021-05-12,Sevilla,Valencia,1,0,H,0,0,D,10,6,4,2,3,5,17,6,2,2,0,0,1.44,4.5,7.0,4,2,-2,11,0,0
SP1,2021-05-12,Celta,Getafe,1,0,H,1,0,H,4,13,1,4,1,5,16,18,1,3,0,0,2.35,3.25,3.0,-9,-3,-4,-2,-2,0
SP1,2021-05-13,Valladolid,Villarreal,0,2,A,0,0,D,11,9,2,3,3,6,15,14,3,1,0,0,3.8,3.5,1.95,2,-1,-3,1,2,0
SP1,2021-05-13,Eibar,Betis,1,1,D,0,1,A,14,9,4,4,5,4,12,8,3,1,0,0,2.8,3.25,2.55,5,0,1,4,2,0
SP1,2021-05-13,Granada,Real Madrid,1,4,A,0,2,A,10,16,5,7,2,3,15,9,3,3,0,0,8.0,4.5,1.4,-6,-2,-1,6,0,0
SP1,2021-05-16,Villarreal,Sevilla,4,0,H,1,0,H,12,17,5,5,3,6,9,7,0,3,0,1,2.37,3.4,2.87,-5,0,-3,2,-3,-1
SP1,2021-05-16,Valencia,Eibar,4,1,H,3,1,H,9,20,5,8,2,10,5,7,0,0,0,0,2.87,3.4,2.37,-11,-3,-8,-2,0,0
SP1,2021-05-16,Sociedad,Valladolid,4,1,H,4,0,H,13,19,8,5,2,4,16,11,2,4,0,1,1.61,3.75,6.0,-6,3,-2,5,-2,-1
SP1,2021-05-16,Getafe,Levante,2,1,H,1,1,D,9,5,3,1,3,4,15,11,5,0,1,0,1.61,3.8,5.75,4,2,-1,4,5,1
SP1,2021-05-16,Cadiz,Elche,1,3,A,1,0,H,7,20,3,5,1,8,13,15,3,4,0,0,3.2,3.1,2.35,-13,-2,-7,-2,-1,0
SP1,2021-05-16,Betis,Huesca,1,0,H,0,0,D,10,7,2,0,2,5,15,19,1,5,0,1,1.75,3.8,4.33,3,2,-3,-4,-4,-1
SP1,2021-05-16,Ath Madrid,Osasuna,2,1,H,0,0,D,26,5,9,2,8,0,2,13,1,2,0,0,1.22,5.75,15.0,21,7,8,-11,-1,0
SP1,2021-05-16,Ath Bilbao,Real Madrid,0,1,A,0,0,D,8,11,1,2,4,11,10,7,3,2,1,0,5.0,4.2,1.6,-3,-1,-7,3,1,1
SP1,2021-05-16,Alaves,Granada,4,2,H,2,1,H,14,5,9,2,6,1,7,11,2,4,0,0,1.83,3.75,4.0,9,7,5,-4,-2,0
SP1,2021-05-16,Barcelona,Celta,1,2,A,1,1,D,20,4,4,4,7,1,9,14,3,2,1,0,1.2,7.5,11.0,16,0,6,-5,1,1
SP1,2021-05-21,Levante,Cadiz,2,2,D,1,2,A,17,6,4,2,7,0,17,8,0,2,0,0,1.75,4.1,4.1,11,2,7,9,-2,0
SP1,2021-05-22,Real Madrid,Villarreal,2,1,H,0,1,A,14,6,4,2,6,1,8,13,0,0,0,0,1.4,5.0,6.5,8,2,5,-5,0,0
SP1,2021-05-22,Valladolid,Ath Madrid,1,2,A,1,0,H,10,14,4,3,4,6,11,11,4,6,0,0,9.0,5.25,1.33,-4,1,-2,0,-2,0
SP1,2021-05-22,Osasuna,Sociedad,0,1,A,0,0,D,7,11,1,1,3,3,15,7,1,0,0,0,5.0,4.33,1.61,-4,0,0,8,1,0
SP1,2021-05-22,Eibar,Barcelona,0,1,A,0,0,D,17,7,3,3,6,3,11,15,0,3,0,0,4.33,4.75,1.65,10,0,3,-4,-3,0
SP1,2021-05-22,Elche,Ath Bilbao,2,0,H,1,0,H,8,8,3,2,3,1,10,6,3,0,0,0,1.95,3.6,3.8,0,1,2,4,3,0
SP1,2021-05-22,Celta,Betis,2,3,A,1,0,H,11,11,4,5,8,4,20,20,6,7,0,1,3.2,3.8,2.1,0,-1,4,0,-1,-1
SP1,2021-05-22,Huesca,Valencia,0,0,D,0,0,D,23,11,8,4,9,3,17,15,2,1,0,0,1.65,4.2,5.0,12,4,6,2,1,0
SP1,2021-05-23,Granada,Getafe,0,0,D,0,0,D,9,11,3,2,6,3,16,13,4,2,0,0,2.62,3.4,2.6,-2,1,3,3,2,0
SP1,2021-05-23,Sevilla,Alaves,1,0,H,0,0,D,11,11,2,2,6,4,11,8,1,0,0,0,1.5,4.33,6.5,0,0,2,3,1,0
SP1,2021-08-13,Valencia,Getafe,1,0,H,1,0,H,4,22,2,4,1,9,24,15,6,3,1,1,2.55,3.0,3.1,-18,-2,-8,9,3,0
SP1,2021-08-14,Cadiz,Levante,1,1,D,0,1,A,7,12,2,3,2,4,10,16,1,5,0,0,2.8,3.25,2.6,-5,-1,-2,-6,-4,0
SP1,2021-08-14,Mallorca,Betis,1,1,D,1,0,H,6,10,2,1,4,3,12,18,1,3,0,0,3.3,3.4,2.2,-4,1,1,-6,-2,0
SP1,2021-08-14,Alaves,Real Madrid,1,4,A,0,0,D,11,19,4,7,0,4,14,10,1,2,0,0,7.0,4.75,1.44,-8,-3,-4,4,-1,0
SP1,2021-08-14,Osasuna,Espanol,0,0,D,0,0,D,14,10,1,3,4,6,18,12,3,3,0,0,2.25,3.2,3.4,4,-2,-2,6,0,0
SP1,2021-08-15,Celta,Ath Madrid,1,2,A,0,1,A,10,13,2,4,2,5,11,9,4,5,1,1,4.2,3.4,1.9,-3,-2,-3,2,-1,0
SP1,2021-08-15,Barcelona,Sociedad,4,2,H,2,0,H,13,11,8,3,5,3,11,18,2,4,0,0,1.72,4.0,4.5,2,5,2,-7,-2,0
SP1,2021-08-15,Sevilla,Vallecano,3,0,H,1,0,H,21,4,8,3,4,0,14,7,1,0,0,1,1.44,4.2,8.0,17,5,4,7,1,-1
SP1,2021-08-16,Villarreal,Granada,0,0,D,0,0,D,14,6,4,1,6,2,19,21,5,1,1,0,1.53,4.2,6.5,8,3,4,-2,4,1
SP1,2021-08-16,Elche,Ath Bilbao,0,0,D,0,0,D,8,9,2,3,6,8,13,19,2,2,0,0,3.8,3.3,2.05,-1,-1,-2,-6,0,0
SP1,2021-08-20,Betis,Cadiz,1,1,D,1,1,D,16,8,7,3,4,5,12,10,4,0,0,0,1.5,4.2,7.0,8,4,-1,2,4,0
SP1,2021-08-21,Ath Bilbao,Barcelona,1,1,D,0,0,D,16,9,7,3,13,2,15,10,1,2,0,1,4.0,3.75,1.85,7,4,11,5,-1,-1
SP1,2021-08-21,Granada,Valencia,1,1,D,1,0,H,9,18,2,7,2,6,14,12,4,2,0,0,2.45,3.4,2.87,-9,-5,-4,2,2,0
SP1,2021-08-21,Espanol,Villarreal,0,0,D,0,0,D,14,12,3,2,9,7,10,10,3,4,0,0,3.1,3.4,2.3,2,1,2,0,-1,0
SP1,2021-08-21,Alaves,Mallorca,0,1,A,0,0,D,9,12,4,2,1,8,14,15,3,3,1,0,2.25,3.2,3.4,-3,2,-7,-1,0,1
SP1,2021-08-22,Sociedad,Vallecano,1,0,H,0,0,D,13,9,8,1,5,4,19,15,3,4,0,0,1.44,4.33,7.5,4,7,1,4,-1,0
SP1,2021-08-22,Ath Madrid,Elche,1,0,H,1,0,H,8,4,4,2,2,1,16,10,2,2,0,0,1.22,5.75,17.0,4,2,1,6,0,0
SP1,2021-08-22,Levante,Real Madrid,3,3,D,0,1,A,8,19,4,5,4,6,17,7,3,2,1,0,5.0,4.33,1.6,-11,-1,-2,10,1,1
SP1,2021-08-23,Getafe,Sevilla,0,1,A,0,0,D,12,9,0,3,5,4,18,10,2,2,0,0,3.5,3.2,2.2,3,-3,1,8,0,0
SP1,2021-08-23,Osasuna,Celta,0,0,D,0,0,D,15,4,7,0,1,2,19,8,4,3,0,0,2.62,3.25,2.75,11,7,-1,11,1,0
SP1,2021-08-27,Mallorca,Espanol,1,0,H,1,0,H,12,8,6,3,3,2,16,17,4,3,0,1,2.6,2.9,3.1,4,3,1,-1,1,-1
SP1,2021-08-27,Valencia,Alaves,3,0,H,2,0,H,9,10,4,3,4,4,20,15,1,4,0,0,1.75,3.6,4.75,-1,1,0,5,-3,0
SP1,2021-08-28,Celta,Ath Bilbao,0,1,A,0,1,A,13,6,0,2,5,4,12,11,2,1,0,0,2.4,3.2,3.1,7,-2,1,1,1,0
SP1,2021-08-28,Elche,Sevilla,1,1,D,1,1,D,7,18,4,5,5,3,6,9,2,0,0,0,5.0,3.6,1.72,-11,-1,2,-3,2,0
SP1,2021-08-28,Sociedad,Levante,1,0,H,1,0,H,7,6,2,0,2,2,17,13,1,1,0,0,1.53,4.2,6.0,1,2,0,4,0,0
SP1,2021-08-28,Betis,Real Madrid,0,1,A,0,0,D,11,13,6,3,3,7,15,13,5,3,0,0,4.2,3.8,1.8,-2,3,-4,2,2,0
SP1,2021-08-29,Vallecano,Granada,4,0,H,3,0,H,19,9,6,3,5,6,19,14,1,4,0,0,2.55,3.2,2.87,10,3,-1,5,-3,0
SP1,2021-08-29,Ath Madrid,Villarreal,2,2,D,0,0,D,24,2,5,2,16,0,11,6,4,2,0,0,1.75,3.4,5.25,22,3,16,5,2,0
SP1,2021-08-29,Cadiz,Osasuna,2,3,A,1,0,H,7,14,3,4,4,11,9,6,4,0,0,0,3.2,3.0,2.45,-7,-1,-7,3,4,0
SP1,2021-08-29,Barcelona,Getafe,2,1,H,2,1,H,7,8,3,3,3,2,16,22,3,1,0,0,1.4,4.75,7.5,-1,0,1,-6,2,0
SP1,2021-09-11,Levante,Vallecano,1,1,D,1,0,H,7,22,2,6,2,5,14,16,3,4,0,0,2.1,3.4,3.5,-15,-4,-3,-2,-1,0
SP1,2021-09-11,Ath Bilbao,Mallorca,2,0,H,0,0,D,19,7,5,1,7,2,7,13,1,2,0,0,1.72,3.6,5.25,12,4,5,-6,-1,0
SP1,2021-09-12,Espanol,Ath Madrid,1,2,A,1,0,H,9,13,3,3,6,3,10,11,1,4,0,0,4.33,3.3,1.9,-4,0,3,-1,-3,0
SP1,2021-09-12,Osasuna,Valencia,1,4,A,1,1,D,11,10,2,4,4,4,20,14,4,2,0,0,2.4,3.2,3.1,1,-2,0,6,2,0
SP1,2021-09-12,Cadiz,Sociedad,0,2,A,0,0,D,6,16,1,4,2,8,10,9,4,0,1,0,5.0,3.6,1.75,-10,-3,-6,1,4,1
SP1,2021-09-12,Real Madrid,Celta,5,2,H,1,2,A,15,11,11,4,7,3,8,16,2,3,0,0,1.36,5.25,8.0,4,7,4,-8,-1,0
SP1,2021-09-13,Getafe,Elche,0,1,A,0,0,D,10,8,1,3,8,2,6,14,2,3,0,0,1.8,3.4,4.75,2,-2,6,-8,-1,0
SP1,2021-09-13,Granada,Betis,1,2,A,0,1,A,11,19,2,9,6,8,7,14,1,2,0,0,3.1,3.25,2.37,-8,-7,-2,-7,-1,0
SP1,2021-09-17,Celta,Cadiz,1,2,A,0,2,A,14,7,4,3,7,1,8,8,3,3,0,0,1.45,4.33,7.0,7,1,6,0,0,0
SP1,2021-09-18,Vallecano,Getafe,3,0,H,1,0,H,11,13,5,3,5,3,20,16,6,7,0,0,2.37,2.9,3.4,-2,2,2,4,-1,0
SP1,2021-09-18,Ath Madrid,Ath Bilbao,0,0,D,0,0,D,14,6,2,0,5,5,10,13,6,2,1,0,1.65,3.6,6.0,8,2,0,-3,4,1
SP1,2021-09-18,Elche,Levante,1,1,D,1,0,H,9,11,2,6,4,7,10,14,2,2,0,0,2.4,3.1,3.2,-2,-4,-3,-4,0,0
SP1,2021-09-18,Alaves,Osasuna,0,2,A,0,2,A,8,13,3,5,2,8,11,14,4,3,0,0,3.1,3.0,2.55,-5,-2,-6,-3,1,0
SP1,2021-09-19,Sociedad,Sevilla,0,0,D,0,0,D,11,11,4,4,5,6,16,11,2,3,0,0,2.55,3.2,2.87,0,0,-1,5,-1,0
SP1,2021-09-19,Valencia,Real Madrid,1,2,A,0,0,D,12,18,4,10,2,5,14,14,1,5,0,0,3.8,3.8,1.9,-6,-6,-3,0,-4,0
SP1,2021-09-19,Mallorca,Villarreal,0,0,D,0,0,D,10,11,1,3,3,1,11,16,2,3,0,0,3.5,3.0,2.3,-1,-2,2,-5,-1,0
SP1,2021-09-19,Betis,Espanol,2,2,D,2,1,H,23,11,9,4,10,4,13,9,4,4,1,0,2.0,3.2,4.2,12,5,6,4,0,1
SP1,2021-09-20,Barcelona,Granada,1,1,D,0,1,A,17,5,6,2,12,4,15,20,3,6,0,0,1.28,5.75,10.0,12,4,8,-5,-3,0
SP1,2021-09-21,Getafe,Ath Madrid,1,2,A,1,0,H,7,12,2,4,2,5,15,11,4,5,1,0,6.0,3.5,1.66,-5,-2,-3,4,-1,1
SP1,2021-09-21,Ath Bilbao,Vallecano,1,2,A,1,1,D,8,8,1,3,2,1,16,20,3,3,0,0,1.85,3.5,4.33,0,-2,1,-4,0,0
SP1,2021-09-21,Levante,Celta,0,2,A,0,0,D,6,4,2,2,2,4,16,12,3,2,0,0,2.6,3.4,2.7,2,0,-2,4,1,0
SP1,2021-09-22,Espanol,Alaves,1,0,H,0,0,D,10,8,2,2,4,8,14,18,2,1,0,0,1.8,3.5,4.75,2,0,-4,-4,1,0
SP1,2021-09-22,Sevilla,Valencia,3,1,H,3,1,H,11,8,5,3,1,4,25,21,5,3,0,0,1.61,3.8,6.0,3,2,-3,4,2,0
SP1,2021-09-22,Real Madrid,Mallorca,6,1,H,3,1,H,18,17,12,5,3,2,18,8,2,1,0,0,1.22,6.5,12.0,1,7,1,10,1,0
SP1,2021-09-22,Villarreal,Elche,4,1,H,2,1,H,14,9,9,3,8,7,16,11,1,2,0,0,1.5,4.2,6.5,5,6,1,5,-1,0
SP1,2021-09-23,Osasuna,Betis,1,3,A,1,1,D,11,16,3,9,4,7,18,10,2,0,0,0,2.37,3.25,3.0,-5,-6,-3,8,2,0
SP1,2021-09-23,Granada,Sociedad,2,3,A,1,0,H,10,20,2,11,4,7,11,16,5,1,0,0,4.2,3.4,1.9,-10,-9,-3,-5,4,0
SP1,2021-09-23,Cadiz,Barcelona,0,0,D,0,0,D,13,6,3,2,4,5,16,8,3,4,0,1,6.0,4.33,1.5,7,1,-1,8,-1,-1
SP1,2021-09-25,Real Madrid,Villarreal,0,0,D,0,0,D,15,6,2,2,6,3,10,12,1,2,0,0,1.5,4.75,5.75,9,0,3,-2,-1,0
SP1,2021-09-25,Sevilla,Espanol,2,0,H,1,0,H,12,13,5,2,4,8,10,8,4,0,1,0,1.57,3.8,6.5,-1,3,-4,2,4,1
SP1,2021-09-25,Valencia,Ath Bilbao,1,1,D,0,0,D,13,12,6,4,4,5,14,17,5,2,1,0,2.6,3.2,2.8,1,2,-1,-3,3,1
SP1,2021-09-25,Alaves,Ath Madrid,1,0,H,1,0,H,7,13,1,1,3,8,18,11,2,3,0,0,7.5,4.0,1.5,-6,0,-5,7,-1,0
SP1,2021-09-26,Mallorca,Osasuna,2,3,A,2,1,H,17,12,8,6,5,5,8,17,2,3,0,0,2.7,3.2,2.75,5,2,0,-9,-1,0
SP1,2021-09-26,Barcelona,Levante,3,0,H,2,0,H,20,6,12,2,11,1,11,16,1,3,0,0,1.4,5.5,6.5,14,10,10,-5,-2,0
SP1,2021-09-26,Sociedad,Elche,1,0,H,0,0,D,17,5,5,2,6,1,12,16,1,3,0,0,1.4,4.5,9.0,12,3,5,-4,-2,0
SP1,2021-09-26,Vallecano,Cadiz,3,1,H,2,1,H,13,6,6,1,4,3,11,11,2,4,0,0,1.6,3.8,6.0,7,5,1,0,-2,0
SP1,2021-09-26,Betis,Getafe,2,0,H,1,0,H,20,8,5,3,3,3,12,19,1,3,0,0,1.75,3.6,4.75,12,2,0,-7,-2,0
SP1,2021-09-27,Celta,Granada,1,0,H,0,0,D,14,7,5,4,5,3,9,12,2,7,0,0,1.61,4.0,5.5,7,1,2,-3,-5,0
SP1,2021-10-01,Ath Bilbao,Alaves,1,0,H,1,0,H,16,17,5,5,13,9,16,12,3,2,0,0,1.53,3.75,7.5,-1,0,4,4,1,0
SP1,2021-10-02,Osasuna,Vallecano,1,0,H,0,0,D,7,7,3,0,6,3,19,9,3,3,0,0,2.15,3.4,3.4,0,3,3,10,0,0
SP1,2021-10-02,Mallorca,Levante,1,0,H,0,0,D,9,6,7,2,8,3,18,25,4,4,0,0,2.1,3.2,3.4,3,5,5,-7,0,0
SP1,2021-10-02,Cadiz,Valencia,0,0,D,0,0,D,2,16,1,4,1,3,16,11,3,4,0,0,3.4,3.0,2.3,-14,-3,-2,5,-1,0
SP1,2021-10-02,Ath Madrid,Barcelona,2,0,H,2,0,H,6,9,3,2,2,6,13,10,2,1,0,0,1.9,3.5,4.0,-3,1,-4,3,1,0
SP1,2021-10-03,Granada,Sevilla,1,0,H,1,0,H,3,14,1,3,2,6,13,11,3,4,0,1,4.8,3.4,1.72,-11,-2,-4,2,-1,-1
SP1,2021-10-03,Getafe,Sociedad,1,1,D,1,0,H,9,10,2,5,2,5,16,11,4,2,0,0,3.6,3.1,2.2,-1,-3,-3,5,2,0
SP1,2021-10-03,Villarreal,Betis,2,0,H,1,0,H,11,10,5,3,4,6,14,9,2,4,0,0,2.0,3.6,3.6,1,2,-2,5,-2,0
SP1,2021-10-03,Elche,Celta,1,0,H,0,0,D,12,10,5,1,7,4,14,19,4,3,0,0,3.3,3.2,2.3,2,4,3,-5,1,0
SP1,2021-10-03,Espanol,Real Madrid,2,1,H,1,0,H,8,18,4,4,2,8,12,13,2,1,0,0,5.0,4.0,1.66,-10,0,-6,-1,1,0
SP1,2021-10-16,Levante,Getafe,0,0,D,0,0,D,6,14,2,4,3,11,14,10,3,3,0,0,2.5,2.9,3.25,-8,-2,-8,4,0,0
SP1,2021-10-16,Sociedad,Mallorca,1,0,H,0,0,D,10,7,2,1,2,6,11,21,3,3,1,0,1.4,4.5,8.5,3,1,-4,-10,0,1
SP1,2021-10-17,Vallecano,Elche,2,1,H,1,1,D,10,7,4,3,6,2,16,11,2,2,0,0,1.8,3.5,4.75,3,1,4,5,0,0
SP1,2021-10-17,Celta,Sevilla,0,1,A,0,0,D,14,8,3,2,5,4,13,9,2,3,0,0,3.4,3.25,2.2,6,1,1,4,-1,0
SP1,2021-10-17,Villarreal,Osasuna,1,2,A,0,1,A,11,6,6,2,4,4,6,14,1,5,0,0,1.66,3.75,5.25,5,4,0,-8,-4,0
SP1,2021-10-17,Barcelona,Valencia,3,1,H,2,1,H,12,9,5,3,9,3,16,13,2,3,0,0,1.5,4.33,6.5,3,2,6,3,-1,0
SP1,2021-10-18,Alaves,Betis,0,1,A,0,0,D,14,19,2,4,7,7,8,11,1,1,0,0,3.5,3.3,2.15,-5,-2,0,-3,0,0
SP1,2021-10-18,Espanol,Cadiz,2,0,H,1,0,H,14,13,6,2,7,9,8,10,1,0,0,0,1.66,3.6,5.75,1,4,-2,-2,1,0
SP1,2021-10-22,Osasuna,Granada,1,1,D,1,0,H,17,9,6,4,4,1,15,11,1,3,1,0,1.72,3.5,5.25,8,2,3,4,-2,1
SP1,2021-10-23,Ath Bilbao,Villarreal,2,1,H,1,1,D,14,11,7,3,9,2,7,12,0,3,0,0,2.45,3.0,3.2,3,4,7,-5,-3,0
SP1,2021-10-23,Valencia,Mallorca,2,2,D,0,2,A,20,9,6,4,5,0,15,19,4,5,0,2,1.66,3.8,5.25,11,2,5,-4,-1,-2
SP1,2021-10-23,Cadiz,Alaves,0,2,A,0,1,A,23,8,4,4,14,3,11,14,0,2,0,0,2.5,2.9,3.2,15,0,11,-3,-2,0
SP1,2021-10-23,Elche,Espanol,2,2,D,1,0,H,12,20,7,7,3,7,15,9,3,1,0,0,2.7,3.0,2.87,-8,0,-4,6,2,0
SP1,2021-10-24,Betis,Vallecano,3,2,H,2,1,H,11,14,5,3,4,4,12,12,1,2,0,0,1.83,3.75,4.2,-3,2,0,0,-1,0
SP1,2021-10-24,Ath Madrid,Sociedad,2,2,D,0,1,A,17,8,4,4,4,3,14,14,1,3,0,0,1.61,3.7,6.0,9,0,1,0,-2,0
SP1,2021-10-24,Sevilla,Levante,5,3,H,3,1,H,18,12,11,7,10,3,13,6,1,2,0,0,1.44,4.2,8.0,6,4,7,7,-1,0
SP1,2021-10-24,Barcelona,Real Madrid,1,2,A,0,1,A,12,10,2,5,7,4,17,13,1,1,0,0,2.75,3.6,2.45,2,-3,3,4,0,0
SP1,2021-10-25,Getafe,Celta,0,3,A,0,0,D,11,16,2,8,2,7,15,11,2,2,2,0,2.5,3.0,3.1,-5,-6,-5,4,0,2
SP1,2021-10-26,Alaves,Elche,1,0,H,0,0,D,16,4,5,1,4,7,13,9,1,1,0,0,2.3,3.0,3.5,12,4,-3,4,0,0
SP1,2021-10-26,Espanol,Ath Bilbao,1,1,D,1,0,H,14,23,3,7,8,12,7,12,1,2,1,0,2.9,3.0,2.62,-9,-4,-4,-5,-1,1
SP1,2021-10-26,Villarreal,Cadiz,3,3,D,1,2,A,14,9,5,4,8,2,13,9,3,6,0,0,1.3,5.5,9.5,5,1,6,4,-3,0
SP1,2021-10-27,Betis,Valencia,4,1,H,2,1,H,14,10,9,4,4,7,14,19,2,5,0,0,1.85,3.5,4.5,4,5,-3,-5,-3,0
SP1,2021-10-27,Real Madrid,Osasuna,0,0,D,0,0,D,17,7,3,0,11,3,12,10,1,1,0,0,1.3,5.5,9.0,10,3,8,2,0,0
SP1,2021-10-27,Mallorca,Sevilla,1,1,D,1,0,H,11,10,4,3,4,2,16,14,3,6,1,0,5.5,3.3,1.75,1,1,2,2,-3,1
SP1,2021-10-27,Vallecano,Barcelona,1,0,H,1,0,H,13,16,3,1,3,7,17,12,2,2,0,0,4.33,3.75,1.8,-3,2,-4,5,0,0
SP1,2021-10-28,Celta,Sociedad,0,2,A,0,0,D,14,11,6,4,7,6,12,11,1,0,0,0,2.87,3.4,2.45,3,2,1,1,1,0
SP1,2021-10-28,Granada,Getafe,1,1,D,0,1,A,18,6,3,4,5,0,10,15,1,4,0,0,2.6,2.8,3.25,12,-1,5,-5,-3,0
SP1,2021-10-28,Levante,Ath Madrid,2,2,D,1,1,D,10,7,3,3,5,2,15,11,3,5,1,0,5.5,3.8,1.65,3,0,3,4,-2,1
SP1,2021-10-30,Elche,Real Madrid,1,2,A,0,1,A,13,17,4,5,5,4,11,13,2,0,1,0,7.5,4.5,1.44,-4,-1,1,-2,2,1
SP1,2021-10-30,Sevilla,Osasuna,2,0,H,1,0,H,16,10,4,3,4,5,17,10,2,2,0,0,1.53,4.0,7.0,6,1,-1,7,0,0
SP1,2021-10-30,Valencia,Villarreal,2,0,H,1,0,H,9,11,3,1,7,6,19,17,2,4,0,0,2.9,3.4,2.45,-2,2,1,2,-2,0
SP1,2021-10-30,Barcelona,Alaves,1,1,D,0,0,D,16,3,5,2,9,0,11,11,0,2,0,0,1.28,5.5,11.0,13,3,9,0,-2,0
SP1,2021-10-31,Sociedad,Ath Bilbao,1,1,D,0,0,D,8,11,3,5,2,7,21,14,4,3,0,1,2.1,3.2,3.8,-3,-2,-5,7,1,-1
SP1,2021-10-31,Getafe,Espanol,2,1,H,1,1,D,12,10,7,3,6,11,18,11,7,4,0,0,2.45,3.0,3.2,2,4,-5,7,3,0
SP1,2021-10-31,Cadiz,Mallorca,1,1,D,0,1,A,13,11,2,5,6,5,14,16,3,7,0,2,2.5,3.0,3.2,2,-3,1,-2,-4,-2
SP1,2021-10-31,Ath Madrid,Betis,3,0,H,1,0,H,18,8,9,1,13,0,11,12,0,0,0,0,1.6,3.8,6.0,10,8,13,-1,0,0
SP1,2021-11-01,Vallecano,Celta,0,0,D,0,0,D,11,10,5,4,4,7,13,14,2,5,0,0,2.37,3.25,3.1,1,1,-3,-1,-3,0
SP1,2021-11-01,Levante,Granada,0,3,A,0,2,A,12,12,3,6,3,5,14,13,4,2,0,0,1.95,3.4,4.0,0,-3,-2,1,2,0
SP1,2021-11-05,Ath Bilbao,Cadiz,0,1,A,0,1,A,15,8,5,4,5,1,14,19,2,1,0,0,1.36,4.75,9.0,7,1,4,-5,1,0
SP1,2021-11-06,Espanol,Granada,2,0,H,2,0,H,17,18,6,5,5,3,12,8,1,1,0,0,1.85,3.4,4.5,-1,1,2,4,0,0
SP1,2021-11-06,Celta,Barcelona,3,3,D,0,3,A,18,10,4,6,3,1,18,18,3,6,0,0,3.3,3.6,2.1,8,-2,2,0,-3,0
SP1,2021-11-06,Alaves,Levante,2,1,H,0,1,A,10,12,3,7,1,3,21,17,3,3,0,0,2.5,3.0,3.2,-2,-4,-2,4,0,0
SP1,2021-11-06,Real Madrid,Vallecano,2,1,H,2,0,H,15,19,7,7,4,5,8,14,1,2,0,0,1.33,5.5,8.0,-4,0,-1,-6,-1,0
SP1,2021-11-07,Villarreal,Getafe,1,0,H,1,0,H,10,5,4,2,6,4,12,13,1,1,0,0,1.5,4.0,7.0,5,2,2,-1,0,0
SP1,2021-11-07,Valencia,Ath Madrid,3,3,D,0,1,A,11,13,5,7,9,0,12,17,2,2,0,0,4.5,3.2,1.95,-2,-2,9,-5,0,0
SP1,2021-11-07,Mallorca,Elche,2,2,D,0,0,D,18,7,6,2,3,3,11,19,2,3,0,0,2.05,3.0,4.33,11,4,0,-8,-1,0
SP1,2021-11-07,Osasuna,Sociedad,0,2,A,0,0,D,6,9,2,4,5,2,11,12,0,2,0,0,3.1,3.3,2.35,-3,-2,3,-1,-2,0
SP1,2021-11-07,Betis,Sevilla,0,2,A,0,0,D,8,11,1,2,2,1,12,13,3,1,1,0,3.0,3.3,2.45,-3,-1,1,-1,2,1
SP1,2021-11-19,Levante,Ath Bilbao,0,0,D,0,0,D,15,7,2,2,6,3,16,7,2,1,0,0,3.5,3.3,2.15,8,0,3,9,1,0
SP1,2021-11-20,Barcelona,Espanol,1,0,H,0,0,D,16,12,6,2,4,4,17,9,4,2,0,0,1.36,5.25,7.5,4,4,0,8,2,0
SP1,2021-11-20,Ath Madrid,Osasuna,1,0,H,0,0,D,15,9,2,3,7,4,7,8,2,2,0,0,1.44,4.33,8.0,6,-1,3,-1,0,0
SP1,2021-11-20,Sevilla,Alaves,2,2,D,1,2,A,16,8,6,3,5,2,14,17,4,4,0,0,1.44,4.33,8.5,8,3,3,-3,0,0
SP1,2021-11-20,Celta,Villarreal,1,1,D,0,1,A,12,18,3,6,3,5,14,17,1,1,0,0,2.75,3.3,2.55,-6,-3,-2,-3,0,0
SP1,2021-11-21,Getafe,Cadiz,4,0,H,1,0,H,17,10,8,2,3,7,14,7,2,4,0,0,2.0,3.1,4.33,7,6,-4,7,-2,0
SP1,2021-11-21,Granada,Real Madrid,1,4,A,1,2,A,11,21,3,10,9,6,10,7,1,1,1,0,7.0,4.5,1.45,-10,-7,3,3,0,1
SP1,2021-11-21,Elche,Betis,0,3,A,0,3,A,14,9,4,4,10,1,12,14,1,2,0,1,3.6,3.4,2.1,5,0,9,-2,-1,-1
SP1,2021-11-21,Sociedad,Valencia,0,0,D,0,0,D,9,8,2,3,2,4,11,16,4,7,1,0,1.72,3.8,4.75,1,-1,-2,-5,-3,1
SP1,2021-11-22,Vallecano,Mallorca,3,1,H,2,0,H,15,11,6,5,6,4,14,17,3,2,0,0,1.8,3.5,4.75,4,1,2,-3,1,0
SP1,2021-11-26,Ath Bilbao,Granada,2,2,D,1,2,A,17,8,5,4,8,3,12,9,1,1,1,0,1.36,4.75,9.5,9,1,5,3,0,1
SP1,2021-11-27,Alaves,Celta,1,2,A,1,1,D,13,8,5,5,5,3,12,15,3,2,0,0,2.9,3.1,2.55,5,0,2,-3,1,0
SP1,2021-11-27,Valencia,Vallecano,1,1,D,1,0,H,8,12,4,6,3,9,18,15,6,5,0,0,2.0,3.4,3.9,-4,-2,-6,3,1,0
SP1,2021-11-27,Mallorca,Getafe,0,0,D,0,0,D,12,11,2,0,2,0,8,19,3,0,0,0,2.3,2.9,3.75,1,2,2,-11,3,0
SP1,2021-11-27,Villarreal,Barcelona,1,3,A,0,0,D,14,12,2,6,4,4,19,14,2,2,0,0,2.7,3.4,2.6,2,-4,0,5,0,0
SP1,2021-11-28,Betis,Levante,3,1,H,0,1,A,26,8,8,2,5,8,16,9,2,3,0,0,1.66,4.2,4.75,18,6,-3,7,-1,0
SP1,2021-11-28,Espanol,Sociedad,1,0,H,0,0,D,8,10,2,4,2,9,15,7,1,1,0,0,3.2,3.2,2.3,-2,-2,-7,8,0,0
SP1,2021-11-28,Cadiz,Ath Madrid,1,4,A,0,0,D,8,17,0,7,4,8,13,11,2,0,0,0,8.0,3.8,1.5,-9,-7,-4,2,2,0
SP1,2021-11-28,Real Madrid,Sevilla,2,1,H,1,1,D,14,11,4,6,0,4,10,9,3,3,0,0,1.7,4.0,4.75,3,-2,-4,1,0,0
SP1,2021-11-29,Osasuna,Elche,1,1,D,1,1,D,17,10,4,4,5,4,16,12,1,3,0,0,1.8,3.4,4.75,7,0,1,4,-2,0
SP1,2021-12-01,Real Madrid,Ath Bilbao,1,0,H,1,0,H,17,18,7,2,7,6,12,13,2,3,0,0,1.44,4.75,7.0,-1,5,1,-1,-1,0
SP1,2021-12-03,Granada,Alaves,2,1,H,1,0,H,9,14,2,2,3,5,17,15,2,2,0,0,2.37,3.1,3.25,-5,0,-2,2,0,0
SP1,2021-12-04,Sevilla,Villarreal,1,0,H,1,0,H,8,16,3,2,5,8,9,10,2,2,0,0,2.0,3.3,4.0,-8,1,-3,-1,0,0
SP1,2021-12-04,Barcelona,Betis,0,1,A,0,0,D,12,8,3,2,6,1,17,12,1,2,0,0,1.5,4.5,6.5,4,1,5,5,-1,0
SP1,2021-12-04,Ath Madrid,Mallorca,1,2,A,0,0,D,14,10,6,3,8,5,13,16,2,5,0,0,1.3,5.25,11.0,4,3,3,-3,-3,0
SP1,2021-12-04,Sociedad,Real Madrid,0,2,A,0,0,D,11,13,0,8,5,5,12,8,2,0,0,0,3.3,3.3,2.25,-2,-8,0,4,2,0
SP1,2021-12-05,Levante,Osasuna,0,0,D,0,0,D,11,11,3,1,7,2,12,16,2,3,0,0,2.4,3.2,3.1,0,2,5,-4,-1,0
SP1,2021-12-05,Celta,Valencia,1,2,A,1,1,D,11,8,5,5,6,4,10,22,3,2,0,0,2.1,3.25,3.75,3,0,2,-12,1,0
SP1,2021-12-05,Vallecano,Espanol,1,0,H,0,0,D,7,10,0,3,6,3,18,11,3,3,0,1,2.15,3.1,3.8,-3,-3,3,7,0,-1
SP1,2021-12-05,Elche,Cadiz,3,1,H,1,0,H,8,15,3,6,3,3,16,15,7,3,0,0,2.05,3.1,4.2,-7,-3,0,1,4,0
SP1,2021-12-06,Getafe,Ath Bilbao,0,0,D,0,0,D,17,9,5,3,5,3,14,14,2,1,0,0,3.5,3.0,2.3,8,2,2,0,1,0
SP1,2021-12-10,Mallorca,Celta,0,0,D,0,0,D,12,14,1,5,7,4,14,11,3,2,0,0,2.5,3.0,3.1,-2,-4,3,3,1,0
SP1,2021-12-11,Espanol,Levante,4,3,H,1,2,A,17,14,8,5,4,2,9,15,4,4,0,1,2.05,3.3,3.8,3,3,2,-6,0,-1
SP1,2021-12-11,Alaves,Getafe,1,1,D,0,1,A,9,11,1,2,1,1,18,15,4,4,1,0,2.45,2.9,3.2,-2,-1,0,3,0,1
SP1,2021-12-11,Valencia,Elche,2,1,H,1,0,H,21,8,8,4,8,1,15,12,3,2,0,0,1.75,3.5,5.0,13,4,7,3,1,0
SP1,2021-12-11,Ath Bilbao,Sevilla,0,1,A,0,1,A,13,6,2,1,9,2,17,10,4,3,0,0,2.5,3.0,3.1,7,1,7,7,1,0
SP1,2021-12-12,Real Madrid,Ath Madrid,2,0,H,1,0,H,7,9,3,6,3,6,17,15,2,3,0,0,2.05,3.5,3.6,-2,-3,-3,2,-1,0
SP1,2021-12-12,Betis,Sociedad,4,0,H,1,0,H,11,15,5,5,4,7,12,10,3,1,0,0,2.25,3.3,3.3,-4,0,-3,2,2,0
SP1,2021-12-12,Osasuna,Barcelona,2,2,D,1,1,D,8,10,3,2,6,5,16,16,5,4,0,0,4.0,3.5,1.9,-2,1,1,0,1,0
SP1,2021-12-12,Villarreal,Vallecano,2,0,H,2,0,H,13,19,5,7,5,6,16,14,1,3,0,0,1.72,3.8,4.75,-6,-2,-1,2,-2,0
SP1,2021-12-13,Cadiz,Granada,1,1,D,1,0,H,13,16,3,5,8,1,14,10,5,0,1,0,2.6,3.1,2.9,-3,-2,7,4,5,1
SP1,2021-12-17,Celta,Espanol,3,1,H,1,0,H,12,6,5,3,3,3,13,5,2,1,0,0,1.95,3.4,4.0,6,2,0,8,1,0
SP1,2021-12-18,Vallecano,Alaves,2,0,H,2,0,H,20,6,5,4,5,5,12,19,1,2,0,0,1.72,3.6,5.0,14,1,0,-7,-1,0
SP1,2021-12-18,Sociedad,Villarreal,1,3,A,1,1,D,8,15,4,8,5,5,9,15,2,3,1,0,2.15,3.3,3.5,-7,-4,0,-6,-1,1
SP1,2021-12-18,Barcelona,Elche,3,2,H,2,0,H,19,5,8,3,5,0,13,17,1,3,0,0,1.3,5.5,10.0,14,5,5,-4,-2,0
SP1,2021-12-18,Sevilla,Ath Madrid,2,1,H,1,1,D,6,15,2,3,4,7,15,14,2,1,0,0,2.75,3.0,2.8,-9,-1,-3,1,1,0
SP1,2021-12-19,Granada,Mallorca,4,1,H,1,1,D,15,8,6,5,4,2,12,15,3,2,0,0,2.5,3.0,3.1,7,1,2,-3,1,0
SP1,2021-12-19,Ath Bilbao,Betis,3,2,H,1,1,D,9,16,6,8,5,6,7,12,1,3,0,0,2.15,3.25,3.5,-7,-2,-1,-5,-2,0
SP1,2021-12-19,Getafe,Osasuna,1,0,H,0,0,D,18,11,4,2,4,3,14,8,3,1,0,0,2.4,2.9,3.4,7,2,1,6,2,0
SP1,2021-12-19,Real Madrid,Cadiz,0,0,D,0,0,D,36,4,9,0,13,2,9,10,1,1,0,0,1.2,7.5,11.0,32,9,11,-1,0,0
SP1,2021-12-20,Levante,Valencia,3,4,A,2,1,H,15,15,9,8,6,4,21,11,3,4,0,0,2.7,3.2,2.75,0,1,2,10,-1,0
SP1,2021-12-21,Villarreal,Alaves,5,2,H,2,1,H,24,4,10,2,6,2,16,14,0,2,0,0,1.33,5.0,9.5,20,8,4,2,-2,0
SP1,2021-12-21,Sevilla,Barcelona,1,1,D,1,1,D,5,23,1,7,4,9,15,13,2,3,1,0,2.5,3.2,2.9,-18,-6,-5,2,-1,1
SP1,2021-12-22,Ath Bilbao,Real Madrid,1,2,A,1,2,A,15,12,2,7,7,0,17,7,2,2,0,0,3.4,3.5,2.1,3,-5,7,10,0,0
SP1,2021-12-22,Granada,Ath Madrid,2,1,H,1,1,D,6,15,4,3,2,7,17,7,4,1,0,0,6.0,3.7,1.61,-9,1,-5,10,3,0
SP1,2021-12-31,Valencia,Espanol,1,2,A,0,0,D,12,15,2,4,7,5,19,14,7,3,1,0,1.8,3.8,4.2,-3,-2,2,5,4,1
SP1,2022-01-02,Getafe,Real Madrid,1,0,H,1,0,H,6,14,3,4,2,9,20,8,3,2,0,0,5.5,3.75,1.65,-8,-1,-7,12,1,0
SP1,2022-01-02,Ath Madrid,Vallecano,2,0,H,1,0,H,15,5,5,0,8,2,14,12,3,0,0,0,1.36,4.5,9.5,10,5,6,2,3,0
SP1,2022-01-02,Elche,Granada,0,0,D,0,0,D,18,10,2,5,6,3,18,15,3,3,1,0,2.5,3.1,3.0,8,-3,3,3,0,1
SP1,2022-01-02,Alaves,Sociedad,1,1,D,0,1,A,19,10,5,4,2,3,22,10,3,3,0,0,3.5,3.1,2.25,9,1,-1,12,0,0
SP1,2022-01-02,Betis,Celta,0,2,A,0,2,A,18,7,7,5,3,3,15,11,1,2,0,0,1.72,3.75,4.75,11,2,0,4,-1,0
SP1,2022-01-02,Mallorca,Barcelona,0,1,A,0,1,A,13,13,3,4,4,3,22,24,5,2,0,0,3.4,3.4,2.15,0,-1,1,-2,3,0
SP1,2022-01-03,Villarreal,Levante,5,0,H,3,0,H,17,7,7,3,6,5,12,9,3,2,0,0,1.4,5.0,7.0,10,4,1,3,1,0
SP1,2022-01-03,Osasuna,Ath Bilbao,1,3,A,1,2,A,15,17,4,5,4,5,12,7,5,2,1,0,3.1,3.0,2.5,-2,-1,-1,5,3,1
SP1,2022-01-03,Cadiz,Sevilla,0,1,A,0,0,D,9,14,2,4,2,8,5,9,0,1,0,0,4.75,3.3,1.85,-5,-2,-6,-4,-1,0
SP1,2022-01-08,Levante,Mallorca,2,0,H,0,0,D,16,15,8,8,5,5,20,11,3,1,1,0,2.2,3.25,3.4,1,0,0,9,2,1
SP1,2022-01-08,Sociedad,Celta,1,0,H,1,0,H,12,4,3,0,6,4,10,18,3,3,0,0,1.83,3.3,4.75,8,3,2,-8,0,0
SP1,2022-01-08,Granada,Barcelona,1,1,D,0,0,D,14,13,4,1,3,2,9,21,2,5,0,1,4.5,3.8,1.75,1,3,1,-12,-3,-1
SP1,2022-01-08,Real Madrid,Valencia,4,1,H,1,0,H,23,12,8,7,3,8,15,24,3,3,0,0,1.37,5.0,8.0,11,1,-5,-9,0,0
SP1,2022-01-09,Villarreal,Ath Madrid,2,2,D,1,1,D,13,7,3,5,7,3,13,8,0,2,0,1,2.8,3.2,2.62,6,-2,4,5,-2,-1
SP1,2022-01-09,Osasuna,Cadiz,2,0,H,1,0,H,15,6,5,1,5,7,13,13,2,2,0,0,1.75,3.3,5.75,9,4,-2,0,0,0
SP1,2022-01-09,Sevilla,Getafe,1,0,H,1,0,H,10,4,1,2,5,2,8,20,1,3,0,0,1.61,3.4,7.5,6,-1,3,-12,-2,0
SP1,2022-01-09,Vallecano,Betis,1,1,D,0,1,A,17,9,7,5,6,4,18,13,1,3,0,1,2.5,3.4,2.8,8,2,2,5,-2,-1
SP1,2022-01-09,Alaves,Ath Bilbao,0,0,D,0,0,D,12,10,1,2,7,5,15,11,2,0,0,0,4.0,3.3,1.95,2,-1,2,4,2,0
SP1,2022-01-10,Espanol,Elche,1,2,A,1,2,A,8,3,3,2,13,0,13,18,4,6,0,0,1.9,3.25,4.5,5,1,13,-5,-2,0
SP1,2022-01-16,Elche,Villarreal,1,0,H,0,0,D,5,9,2,4,3,8,12,15,4,3,0,0,4.5,3.6,1.8,-4,-2,-5,-3,1,0
SP1,2022-01-18,Betis,Alaves,4,0,H,3,0,H,18,9,5,2,8,3,14,14,2,0,0,0,1.45,4.33,7.0,9,3,5,0,2,0
SP1,2022-01-18,Cadiz,Espanol,2,2,D,0,1,A,10,14,4,7,3,2,14,9,5,1,0,0,3.25,3.1,2.37,-4,-3,1,5,4,0
SP1,2022-01-19,Celta,Osasuna,2,0,H,2,0,H,5,9,3,0,0,5,14,11,1,2,0,0,1.85,3.5,4.33,-4,3,-5,3,-1,0
SP1,2022-01-19,Valencia,Sevilla,1,1,D,1,1,D,10,12,2,3,4,4,22,14,3,3,1,0,3.3,3.25,2.25,-2,-1,0,8,0,1
SP1,2022-01-20,Getafe,Granada,4,2,H,1,1,D,12,7,4,4,4,8,15,10,3,4,0,0,2.1,3.2,3.8,5,0,-4,5,-1,0
SP1,2022-01-21,Espanol,Betis,1,4,A,1,2,A,12,15,4,8,6,5,15,12,3,4,1,0,3.25,3.25,2.25,-3,-4,1,3,-1,1
SP1,2022-01-22,Levante,Cadiz,0,2,A,0,1,A,15,8,8,2,8,2,15,16,4,6,0,0,1.8,3.5,5.0,7,6,6,-1,-2,0
SP1,2022-01-22,Villarreal,Mallorca,3,0,H,2,0,H,12,8,6,2,10,6,13,12,1,2,0,1,1.44,4.33,8.0,4,4,4,1,-1,-1
SP1,2022-01-22,Sevilla,Celta,2,2,D,0,2,A,16,6,5,4,7,0,11,16,1,4,0,0,1.75,3.5,5.25,10,1,7,-5,-3,0
SP1,2022-01-22,Ath Madrid,Valencia,3,2,H,0,2,A,16,7,6,3,5,4,13,22,5,6,0,0,1.44,4.2,8.5,9,3,1,-9,-1,0
SP1,2022-01-23,Real Madrid,Elche,2,2,D,0,1,A,23,3,8,2,10,3,11,14,3,1,0,0,1.16,8.0,15.0,20,6,7,-3,2,0
SP1,2022-01-23,Alaves,Barcelona,0,1,A,0,0,D,6,10,2,4,1,10,16,8,0,0,0,0,6.0,4.0,1.57,-4,-2,-9,8,0,0
SP1,2022-01-23,Vallecano,Ath Bilbao,0,1,A,0,1,A,29,9,3,3,9,7,8,20,1,6,0,0,2.75,3.0,2.8,20,0,2,-12,-5,0
SP1,2022-01-23,Granada,Osasuna,0,2,A,0,0,D,6,16,2,7,4,3,12,15,0,2,0,0,2.5,3.2,3.0,-10,-5,1,-3,-2,0
SP1,2022-01-23,Sociedad,Getafe,0,0,D,0,0,D,9,9,3,2,7,2,17,13,1,1,0,0,1.66,3.5,6.0,0,1,5,4,0,0
SP1,2022-02-04,Getafe,Levante,3,0,H,2,0,H,14,11,8,2,2,8,12,13,4,3,0,0,1.95,3.1,4.5,3,6,-6,-1,1,0
SP1,2022-02-05,Elche,Alaves,3,1,H,0,1,A,14,6,4,2,7,3,15,11,1,1,0,0,2.37,3.1,3.3,8,2,4,4,0,0
SP1,2022-02-05,Mallorca,Cadiz,2,1,H,1,1,D,17,12,5,5,6,4,14,15,2,4,0,0,1.83,3.4,4.6,5,0,2,-1,-2,0
SP1,2022-02-05,Celta,Vallecano,2,0,H,1,0,H,13,11,3,0,7,2,17,17,0,2,0,0,1.9,3.4,4.33,2,3,5,0,-2,0
SP1,2022-02-05,Osasuna,Sevilla,0,0,D,0,0,D,9,9,3,4,1,1,13,7,1,1,0,0,3.6,3.2,2.15,0,-1,0,6,0,0
SP1,2022-02-06,Valencia,Sociedad,0,0,D,0,0,D,14,8,3,2,9,9,17,14,4,2,0,0,2.87,3.2,2.6,6,1,0,3,2,0
SP1,2022-02-06,Barcelona,Ath Madrid,4,2,H,3,1,H,9,10,4,4,3,5,15,13,2,2,1,0,2.25,3.4,3.2,-1,0,-2,2,0,1
SP1,2022-02-06,Betis,Villarreal,0,2,A,0,1,A,9,9,3,3,6,6,19,14,2,3,0,0,2.37,3.5,2.9,0,0,0,5,-1,0
SP1,2022-02-06,Real Madrid,Granada,1,0,H,0,0,D,24,7,11,3,9,2,9,11,2,1,0,0,1.25,6.0,11.0,17,8,7,-2,1,0
SP1,2022-02-07,Ath Bilbao,Espanol,2,1,H,2,1,H,7,7,4,3,5,3,17,11,3,3,0,0,1.6,3.8,6.0,0,1,2,6,0,0
SP1,2022-02-11,Sevilla,Elche,2,0,H,0,0,D,14,7,6,1,5,4,13,14,1,5,0,0,1.45,4.33,7.5,7,5,1,-1,-4,0
SP1,2022-02-12,Ath Madrid,Getafe,4,3,H,3,3,D,11,10,7,4,5,4,18,17,3,4,1,0,1.45,4.2,8.0,1,3,1,1,-1,1
SP1,2022-02-12,Vallecano,Osasuna,0,3,A,0,2,A,10,12,3,5,4,5,11,16,2,1,0,0,2.15,3.25,3.5,-2,-2,-1,-5,1,0
SP1,2022-02-12,Villarreal,Real Madrid,0,0,D,0,0,D,9,17,2,6,3,3,11,10,2,4,0,0,2.5,3.5,2.7,-8,-4,0,1,-2,0
SP1,2022-02-12,Cadiz,Celta,0,0,D,0,0,D,8,6,2,1,3,3,12,19,3,2,0,0,3.8,3.4,2.05,2,1,0,-7,1,0
SP1,2022-02-13,Alaves,Valencia,2,1,H,1,0,H,9,9,5,4,5,9,15,17,4,3,0,0,2.8,3.2,2.6,0,1,-4,-2,1,0
SP1,2022-02-13,Levante,Betis,2,4,A,1,3,A,12,19,4,11,5,7,13,8,1,2,1,0,3.4,3.6,2.1,-7,-7,-2,5,-1,1
SP1,2022-02-13,Sociedad,Granada,2,0,H,1,0,H,18,15,8,2,6,5,13,13,0,2,0,0,1.4,4.5,9.0,3,6,1,0,-2,0
SP1,2022-02-13,Espanol,Barcelona,2,2,D,1,1,D,10,12,4,4,3,5,14,13,5,4,1,1,5.0,3.6,1.75,-2,0,-2,1,1,0
SP1,2022-02-14,Mallorca,Ath Bilbao,3,2,H,2,0,H,16,7,5,2,6,6,22,15,6,4,0,0,3.4,3.1,2.3,9,3,0,7,2,0
SP1,2022-02-16,Ath Madrid,Levante,0,1,A,0,0,D,10,8,1,5,5,3,9,19,3,4,0,0,1.33,5.25,9.0,2,-4,2,-10,-1,0
SP1,2022-02-18,Elche,Vallecano,2,1,H,0,0,D,9,13,5,2,2,3,18,15,2,4,0,0,3.0,3.0,2.62,-4,3,-1,3,-2,0
SP1,2022-02-19,Granada,Villarreal,1,4,A,0,2,A,20,15,5,7,9,2,15,10,3,6,0,0,4.0,3.4,1.95,5,-2,7,5,-3,0
SP1,2022-02-19,Osasuna,Ath Madrid,0,3,A,0,1,A,14,5,4,4,4,2,12,19,1,2,0,0,3.9,3.25,2.05,9,0,2,-7,-1,0
SP1,2022-02-19,Cadiz,Getafe,1,1,D,1,1,D,9,6,2,1,7,2,17,11,3,4,0,0,3.2,2.9,2.55,3,1,5,6,-1,0
SP1,2022-02-19,Real Madrid,Alaves,3,0,H,0,0,D,22,7,9,2,7,1,6,11,1,1,0,0,1.22,6.5,12.0,15,7,6,-5,0,0
SP1,2022-02-20,Ath Bilbao,Sociedad,4,0,H,0,0,D,18,9,8,2,6,4,9,9,4,1,0,0,2.37,3.0,3.4,9,6,2,0,3,0
SP1,2022-02-20,Betis,Mallorca,2,1,H,1,0,H,14,10,5,1,4,7,13,17,3,2,0,0,1.6,4.0,5.75,4,4,-3,-4,1,0
SP1,2022-02-20,Espanol,Sevilla,1,1,D,0,1,A,11,7,4,2,3,7,14,14,4,5,0,1,3.4,3.3,2.2,4,2,-4,0,-1,-1
SP1,2022-02-20,Valencia,Barcelona,1,4,A,0,3,A,11,6,5,6,8,3,22,16,3,4,0,0,3.6,3.5,2.05,5,-1,5,6,-1,0
SP1,2022-02-21,Celta,Levante,1,1,D,0,0,D,8,13,4,3,2,5,15,16,3,5,0,0,1.6,3.8,6.0,-5,1,-3,-1,-2,0
SP1,2022-02-25,Levante,Elche,3,0,H,1,0,H,11,8,4,3,3,3,17,8,1,2,0,1,2.05,3.4,3.75,3,1,0,9,-1,-1
SP1,2022-02-26,Mallorca,Valencia,0,1,A,0,1,A,23,8,3,4,14,1,14,21,4,6,0,1,2.4,3.1,3.1,15,-1,13,-7,-2,-1
SP1,2022-02-26,Getafe,Alaves,2,2,D,0,1,A,12,7,3,3,6,1,7,24,2,4,1,0,1.95,3.0,4.75,5,0,5,-17,-2,1
SP1,2022-02-26,Vallecano,Real Madrid,0,1,A,0,0,D,19,13,5,6,5,9,20,5,5,3,0,0,5.0,3.8,1.66,6,-1,-4,15,2,0
SP1,2022-02-26,Ath Madrid,Celta,2,0,H,1,0,H,13,16,6,2,5,9,10,7,4,3,0,0,1.61,3.8,6.0,-3,4,-4,3,1,0
SP1,2022-02-27,Villarreal,Espanol,5,1,H,3,0,H,19,7,11,2,10,3,11,12,2,1,0,0,1.5,4.2,7.0,12,9,7,-1,1,0
SP1,2022-02-27,Sevilla,Betis,2,1,H,2,0,H,12,10,3,2,4,4,13,16,6,3,0,0,2.2,3.25,3.5,2,1,0,-3,3,0
SP1,2022-02-27,Sociedad,Osasuna,1,0,H,0,0,D,11,11,5,1,6,5,10,9,0,4,0,0,1.85,3.4,4.75,0,4,1,1,-4,0
SP1,2022-02-27,Barcelona,Ath Bilbao,4,0,H,1,0,H,17,6,7,3,5,0,8,10,2,1,0,0,1.6,4.2,5.25,11,4,5,-2,1,0
SP1,2022-02-28,Granada,Cadiz,0,0,D,0,0,D,6,12,1,4,0,4,12,17,3,3,1,0,2.0,3.3,4.0,-6,-3,-4,-5,0,1
SP1,2022-03-02,Mallorca,Sociedad,0,2,A,0,1,A,13,13,1,3,3,4,12,9,0,2,0,0,3.4,3.2,2.25,0,-2,-1,3,-2,0
SP1,2022-03-04,Alaves,Sevilla,0,0,D,0,0,D,14,13,2,4,5,5,16,8,3,1,0,0,4.5,3.1,1.95,1,-2,0,8,2,0
SP1,2022-03-05,Valencia,Granada,3,1,H,0,0,D,12,7,4,0,3,6,14,13,3,3,0,0,1.75,3.6,4.5,5,4,-3,1,0,0
SP1,2022-03-05,Real Madrid,Sociedad,4,1,H,2,1,H,18,1,8,1,7,1,12,14,0,2,0,0,1.6,4.2,5.25,17,7,6,-2,-2,0
SP1,2022-03-05,Osasuna,Villarreal,1,0,H,0,0,D,12,10,3,1,6,8,12,6,1,0,0,0,3.5,3.4,2.1,2,2,-2,6,1,0
SP1,2022-03-05,Espanol,Getafe,2,0,H,2,0,H,4,12,1,3,1,5,17,15,6,5,0,0,2.15,3.0,3.6,-8,-2,-4,2,1,0
SP1,2022-03-06,Betis,Ath Madrid,1,3,A,1,1,D,18,8,6,6,10,3,16,10,5,3,0,0,3.0,3.2,2.37,10,0,7,6,2,0
SP1,2022-03-06,Celta,Mallorca,4,3,H,2,1,H,16,12,8,3,4,5,17,9,5,4,1,0,1.75,3.4,5.25,4,5,-1,8,1,1
SP1,2022-03-06,Cadiz,Vallecano,2,0,H,0,0,D,13,14,7,3,5,6,23,15,5,3,0,0,2.7,3.1,2.7,-1,4,-1,8,2,0
SP1,2022-03-06,Elche,Barcelona,1,2,A,1,0,H,13,20,3,9,5,6,10,8,2,6,1,0,7.5,4.33,1.4,-7,-6,-1,2,-4,1
SP1,2022-03-07,Ath Bilbao,Levante,3,1,H,0,0,D,17,5,9,2,4,3,6,14,1,2,0,0,1.57,4.0,5.5,12,7,1,-8,-1,0
SP1,2022-03-11,Ath Madrid,Cadiz,2,1,H,1,1,D,6,14,5,3,0,4,23,14,4,1,1,0,1.36,4.6,9.5,-8,2,-4,9,3,1
SP1,2022-03-12,Levante,Espanol,1,1,D,0,0,D,14,6,3,1,8,2,17,10,4,4,0,0,2.3,3.3,3.2,8,2,6,7,0,0
SP1,2022-03-12,Granada,Elche,0,1,A,0,1,A,15,13,4,2,3,3,15,16,3,6,0,0,2.25,3.2,3.4,2,2,0,-1,-3,0
SP1,2022-03-12,Villarreal,Celta,1,0,H,0,0,D,10,12,3,2,5,6,12,14,1,1,0,0,1.65,4.2,4.75,-2,1,-1,-2,0,0
SP1,2022-03-12,Getafe,Valencia,0,0,D,0,0,D,16,6,6,0,5,3,18,21,6,5,0,0,2.37,3.2,3.2,10,6,2,-3,1,0
SP1,2022-03-13,Vallecano,Sevilla,1,1,D,0,0,D,10,3,2,2,5,6,16,15,0,1,0,0,3.4,3.1,2.3,7,0,-1,1,-1,0
SP1,2022-03-13,Betis,Ath Bilbao,1,0,H,1,0,H,8,11,5,2,5,6,17,12,4,5,1,0,2.3,3.3,3.2,-3,3,-1,5,-1,1
SP1,2022-03-13,Sociedad,Alaves,1,0,H,0,0,D,15,13,6,4,6,4,15,12,1,1,0,0,1.53,4.0,7.0,2,2,2,3,0,0
SP1,2022-03-13,Barcelona,Osasuna,4,0,H,3,0,H,24,4,9,3,5,1,7,4,0,4,0,0,1.33,4.75,10.0,20,6,4,3,-4,0
SP1,2022-03-14,Mallorca,Real Madrid,0,3,A,0,0,D,14,11,3,5,1,6,13,15,3,3,0,0,6.0,4.0,1.57,3,-2,-5,-2,0,0
SP1,2022-03-18,Ath Bilbao,Getafe,1,1,D,1,1,D,22,7,11,2,8,2,15,13,4,5,0,2,1.72,3.2,6.0,15,9,6,2,-1,-2
SP1,2022-03-19,Osasuna,Levante,3,1,H,1,0,H,20,13,7,4,6,1,9,17,0,1,0,0,1.9,3.5,4.2,7,3,5,-8,-1,0
SP1,2022-03-19,Vallecano,Ath Madrid,0,1,A,0,0,D,15,11,3,3,3,6,15,12,0,0,0,1,4.0,3.25,2.0,4,0,-3,3,0,-1
SP1,2022-03-19,Alaves,Granada,2,3,A,0,0,D,11,12,6,3,6,2,12,10,4,6,0,1,2.0,3.3,4.0,-1,3,4,2,-2,-1
SP1,2022-03-19,Elche,Valencia,0,1,A,0,0,D,8,8,2,3,4,2,19,14,3,3,1,0,2.62,3.25,2.7,0,-1,2,5,0,1
SP1,2022-03-20,Espanol,Mallorca,1,0,H,1,0,H,12,9,3,3,6,6,14,12,3,3,0,0,2.05,3.5,3.5,3,0,0,2,0,0
SP1,2022-03-20,Cadiz,Villarreal,1,0,H,0,0,D,16,3,7,1,6,3,11,11,3,2,0,0,4.75,3.5,1.83,13,6,3,0,1,0
SP1,2022-03-20,Celta,Betis,0,0,D,0,0,D,9,7,3,1,2,2,12,12,1,2,0,0,2.2,3.5,3.2,2,2,0,0,-1,0
SP1,2022-03-20,Sevilla,Sociedad,0,0,D,0,0,D,10,13,0,2,7,3,12,13,0,3,0,0,2.05,3.25,3.8,-3,-2,4,-1,-3,0
SP1,2022-03-20,Real Madrid,Barcelona,0,4,A,0,2,A,14,18,4,10,4,3,9,12,4,4,0,0,2.15,3.6,3.25,-4,-6,1,-3,0,0
SP1,2022-04-02,Ath Madrid,Alaves,4,1,H,1,0,H,14,7,8,1,8,2,10,13,1,0,0,0,1.33,4.8,10.0,7,7,6,-3,1,0
SP1,2022-04-02,Getafe,Mallorca,1,0,H,0,0,D,16,7,3,1,5,1,15,22,5,6,0,1,2.15,3.0,4.0,9,2,4,-7,-1,-1
SP1,2022-04-02,Levante,Villarreal,2,0,H,0,0,D,13,13,4,2,1,8,16,13,4,2,0,0,3.8,3.6,1.95,0,2,-7,3,2,0
SP1,2022-04-02,Celta,Real Madrid,1,2,A,0,1,A,10,12,4,6,9,3,16,12,3,0,0,0,4.0,3.6,1.9,-2,-2,6,4,3,0
SP1,2022-04-03,Granada,Vallecano,2,2,D,0,2,A,17,10,9,4,5,4,14,14,4,5,0,1,2.6,3.1,2.9,7,5,1,0,-1,-1
SP1,2022-04-03,Valencia,Cadiz,0,0,D,0,0,D,5,4,1,3,4,3,11,18,3,6,0,1,1.85,3.3,4.75,1,-2,1,-7,-3,-1
SP1,2022-04-03,Ath Bilbao,Elche,2,1,H,1,0,H,16,6,6,2,7,4,14,16,2,4,0,0,1.45,4.2,7.5,10,4,3,-2,-2,0
SP1,2022-04-03,Betis,Osasuna,4,1,H,2,0,H,24,10,8,3,11,7,11,5,1,3,0,0,1.9,3.5,4.0,14,5,4,6,-2,0
SP1,2022-04-03,Barcelona,Sevilla,1,0,H,0,0,D,19,8,6,3,9,2,12,8,3,3,0,0,1.45,4.5,7.0,11,3,7,4,0,0
SP1,2022-04-04,Sociedad,Espanol,1,0,H,0,0,D,17,8,6,2,6,0,17,13,2,4,0,0,1.6,4.0,5.75,9,4,6,4,-2,0
SP1,2022-04-08,Sevilla,Granada,4,2,H,1,1,D,16,15,8,5,14,3,7,7,2,2,0,0,1.5,4.33,7.0,1,3,11,0,0,0
SP1,2022-04-09,Cadiz,Betis,1,2,A,0,0,D,10,10,4,3,8,4,18,10,1,2,0,0,3.4,3.2,2.25,0,1,4,8,-1,0
SP1,2022-04-09,Mallorca,Ath Madrid,1,0,H,0,0,D,10,9,3,1,1,6,14,11,1,4,0,0,4.0,3.4,1.95,1,2,-5,3,-3,0
SP1,2022-04-09,Villarreal,Ath Bilbao,1,1,D,0,1,A,11,12,5,6,7,2,17,15,2,3,0,0,2.3,3.4,3.1,-1,-1,5,2,-1,0
SP1,2022-04-09,Real Madrid,Getafe,2,0,H,1,0,H,26,8,8,0,10,2,13,11,2,2,0,0,1.4,4.5,8.5,18,8,8,2,0,0
SP1,2022-04-10,Osasuna,Alaves,1,0,H,0,0,D,15,8,4,2,7,3,12,6,3,1,0,0,1.95,3.3,4.33,7,2,4,6,2,0
SP1,2022-04-10,Espanol,Celta,1,0,H,0,0,D,11,10,2,5,2,3,12,21,4,1,0,0,2.75,3.2,2.7,1,-3,-1,-9,3,0
SP1,2022-04-10,Elche,Sociedad,1,2,A,1,2,A,10,17,1,6,8,9,15,12,3,3,0,0,3.9,3.4,2.0,-7,-5,-1,3,0,0
SP1,2022-04-10,Levante,Barcelona,2,3,A,0,0,D,11,14,6,7,4,3,8,7,1,1,0,0,6.0,5.0,1.45,-3,-1,1,1,0,0
SP1,2022-04-11,Vallecano,Valencia,1,1,D,0,0,D,11,6,4,2,5,4,13,17,3,4,0,0,2.2,3.3,3.3,5,2,1,-4,-1,0
SP1,2022-04-15,Sociedad,Betis,0,0,D,0,0,D,9,9,2,2,8,1,17,7,4,4,1,0,2.1,3.5,3.4,0,0,7,10,0,1
SP1,2022-04-16,Getafe,Villarreal,1,2,A,0,2,A,12,11,5,6,6,6,17,6,2,0,0,0,3.1,3.1,2.5,1,-1,0,11,2,0
SP1,2022-04-16,Valencia,Osasuna,1,2,A,0,0,D,11,9,4,3,9,5,11,22,1,2,0,0,2.15,3.2,3.7,2,1,4,-11,-1,0
SP1,2022-04-16,Elche,Mallorca,3,0,H,1,0,H,6,13,2,2,2,1,17,13,2,3,0,0,2.7,3.0,2.9,-7,0,1,4,-1,0
SP1,2022-04-16,Alaves,Vallecano,1,0,H,0,0,D,11,20,5,3,2,12,10,9,2,3,0,1,2.7,3.1,2.8,-9,2,-10,1,-1,-1
SP1,2022-04-17,Granada,Levante,1,4,A,0,1,A,16,17,4,8,13,2,10,9,5,2,1,0,2.37,3.4,3.0,-1,-4,11,1,3,1
SP1,2022-04-17,Ath Madrid,Espanol,2,1,H,0,0,D,10,11,3,5,6,3,18,12,5,5,1,0,1.4,4.5,8.5,-1,-2,3,6,0,1
SP1,2022-04-17,Ath Bilbao,Celta,0,2,A,0,2,A,10,6,2,4,5,4,13,15,2,2,0,0,1.75,3.6,5.0,4,-2,1,-2,0,0
SP1,2022-04-17,Sevilla,Real Madrid,2,3,A,2,0,H,7,15,2,6,0,3,11,9,3,4,0,0,3.0,3.4,2.4,-8,-4,-3,2,-1,0
SP1,2022-04-18,Barcelona,Cadiz,0,1,A,0,0,D,18,6,6,4,8,1,16,9,4,1,0,0,1.2,6.5,15.0,12,2,7,7,3,0
SP1,2022-04-19,Mallorca,Alaves,2,1,H,2,0,H,5,12,3,4,0,6,25,15,2,6,0,0,1.95,3.3,4.2,-7,-1,-6,10,-4,0
SP1,2022-04-19,Betis,Elche,0,1,A,0,0,D,18,9,3,1,2,3,9,14,2,3,1,0,1.55,4.0,6.0,9,2,-1,-5,-1,1
SP1,2022-04-19,Villarreal,Valencia,2,0,H,2,0,H,12,5,5,1,3,2,14,12,2,3,0,0,1.44,4.75,6.5,7,4,1,2,-1,0
SP1,2022-04-20,Osasuna,Real Madrid,1,3,A,1,2,A,12,23,3,11,3,4,13,7,1,3,0,0,5.0,3.75,1.66,-11,-8,-1,6,-2,0
SP1,2022-04-20,Ath Madrid,Granada,0,0,D,0,0,D,22,7,1,2,11,1,9,12,4,5,0,0,1.3,5.25,10.0,15,-1,10,-3,-1,0
SP1,2022-04-20,Celta,Getafe,0,2,A,0,1,A,9,6,2,3,2,1,13,13,2,5,0,0,2.15,3.1,3.75,3,-1,1,0,-3,0
SP1,2022-04-21,Cadiz,Ath Bilbao,2,3,A,0,3,A,27,9,8,7,4,1,9,15,3,5,0,1,3.4,3.0,2.3,18,1,3,-6,-2,-1
SP1,2022-04-21,Sociedad,Barcelona,0,1,A,0,1,A,8,11,5,1,5,3,12,9,1,2,0,0,3.5,3.5,2.1,-3,4,2,3,-1,0
SP1,2022-04-21,Espanol,Vallecano,0,1,A,0,1,A,6,13,2,2,3,10,14,18,4,4,0,0,2.37,3.2,3.1,-7,0,-7,-4,0,0
SP1,2022-04-21,Levante,Sevilla,2,3,A,1,2,A,15,13,6,6,10,4,9,12,1,5,0,0,3.5,3.5,2.1,2,0,6,-3,-4,0
SP1,2022-04-24,Barcelona,Vallecano,0,1,A,0,1,A,18,3,5,1,9,1,10,1,4,6,0,0,1.3,5.5,10.0,15,4,8,9,-2,0
SP1,2022-04-29,Sevilla,Cadiz,1,1,D,1,0,H,11,10,6,4,5,6,15,11,2,2,0,0,1.65,3.5,6.0,1,2,-1,4,0,0
SP1,2022-04-30,Valencia,Levante,1,1,D,1,0,H,6,24,1,6,1,7,11,21,4,3,1,0,2.2,3.5,3.2,-18,-5,-6,-10,1,1
SP1,2022-04-30,Ath Bilbao,Ath Madrid,2,0,H,1,0,H,11,9,4,3,5,3,18,15,3,3,0,0,3.0,3.0,2.55,2,1,2,3,0,0
SP1,2022-04-30,Alaves,Villarreal,2,1,H,2,0,H,11,16,5,6,5,8,14,5,5,2,0,0,3.4,3.5,2.1,-5,-1,-3,9,3,0
SP1,2022-04-30,Real Madrid,Espanol,4,0,H,2,0,H,11,20,5,6,6,8,11,6,2,0,0,0,1.5,4.5,6.0,-9,-1,-2,5,2,0
SP1,2022-05-01,Elche,Osasuna,1,1,D,0,0,D,11,9,4,3,7,4,13,18,4,2,0,0,2.8,3.2,2.7,2,1,3,-5,2,0
SP1,2022-05-01,Granada,Celta,1,1,D,0,0,D,15,13,6,6,5,4,11,13,1,3,0,0,2.8,3.2,2.62,2,0,1,-2,-2,0
SP1,2022-05-01,Vallecano,Sociedad,1,1,D,0,1,A,13,8,7,3,8,5,15,7,2,1,0,0,3.3,3.1,2.37,5,4,3,8,1,0
SP1,2022-05-01,Barcelona,Mallorca,2,1,H,1,0,H,17,6,5,2,5,2,13,12,2,3,0,0,1.3,5.5,9.0,11,3,3,1,-1,0
SP1,2022-05-02,Getafe,Betis,0,0,D,0,0,D,13,9,2,4,2,4,13,13,1,1,0,0,2.75,3.1,2.7,4,-2,-2,0,0,0
SP1,2022-05-06,Levante,Sociedad,2,1,H,0,0,D,16,21,7,6,7,6,10,11,2,3,0,0,3.3,3.6,2.1,-5,1,1,-1,-1,0
SP1,2022-05-07,Betis,Barcelona,1,2,A,0,0,D,14,11,5,5,4,8,16,18,1,2,0,0,3.0,3.6,2.25,3,0,-4,-2,-1,0
SP1,2022-05-07,Celta,Alaves,4,0,H,2,0,H,15,3,7,1,7,1,7,7,1,3,0,1,1.9,3.4,4.33,12,6,6,0,-2,-1
SP1,2022-05-07,Cadiz,Elche,3,0,H,0,0,D,17,4,7,2,8,1,18,13,1,0,0,1,1.7,3.75,5.0,13,5,7,5,1,-1
SP1,2022-05-07,Ath Bilbao,Valencia,0,0,D,0,0,D,10,4,5,1,4,2,13,22,4,4,0,1,1.55,4.0,6.5,6,4,2,-9,0,-1
SP1,2022-05-07,Mallorca,Granada,2,6,A,1,1,D,18,14,8,7,5,5,11,13,3,2,0,0,1.95,3.5,4.0,4,1,0,-2,1,0
SP1,2022-05-08,Getafe,Vallecano,0,0,D,0,0,D,12,12,6,1,4,5,20,14,3,4,0,0,2.05,3.1,4.2,0,5,-1,6,-1,0
SP1,2022-05-08,Villarreal,Sevilla,1,1,D,0,0,D,14,7,6,2,4,2,14,15,3,0,0,0,2.3,3.3,3.1,7,4,2,-1,3,0
SP1,2022-05-08,Espanol,Osasuna,1,1,D,0,1,A,12,12,3,5,6,6,6,15,1,3,0,0,2.3,3.3,3.2,0,-2,0,-9,-2,0
SP1,2022-05-08,Ath Madrid,Real Madrid,1,0,H,1,0,H,16,15,2,6,4,6,17,7,2,4,0,0,2.1,3.5,3.5,1,-4,-2,10,-2,0
SP1,2022-05-10,Valencia,Betis,0,3,A,0,0,D,19,9,5,5,7,3,17,11,1,3,0,0,3.1,3.4,2.2,10,0,4,6,-2,0
SP1,2022-05-10,Granada,Ath Bilbao,1,0,H,1,0,H,12,8,2,1,2,7,20,11,4,2,0,1,3.2,3.3,2.25,4,1,-5,9,2,-1
SP1,2022-05-10,Barcelona,Celta,3,1,H,2,0,H,10,13,4,5,2,8,18,6,3,0,0,1,1.44,5.0,6.0,-3,-1,-6,12,3,-1
SP1,2022-05-11,Elche,Ath Madrid,0,2,A,0,1,A,9,11,0,6,6,3,16,7,2,2,0,0,6.0,3.6,1.65,-2,-6,3,9,0,0
SP1,2022-05-11,Sevilla,Mallorca,0,0,D,0,0,D,18,10,4,2,6,3,11,18,4,6,0,0,1.61,4.0,5.5,8,2,3,-7,-2,0
SP1,2022-05-11,Osasuna,Getafe,1,1,D,1,1,D,12,6,1,0,7,2,10,17,2,4,0,1,2.7,2.9,3.0,6,1,5,-7,-2,-1
SP1,2022-05-11,Alaves,Espanol,2,1,H,1,1,D,27,5,9,3,12,3,11,15,3,3,0,1,2.1,3.4,3.5,22,6,9,-4,0,-1
SP1,2022-05-12,Sociedad,Cadiz,3,0,H,1,0,H,13,14,7,1,2,12,13,11,4,2,0,0,1.66,3.6,5.5,-1,6,-10,2,2,0
SP1,2022-05-12,Vallecano,Villarreal,1,5,A,1,4,A,17,11,3,8,9,3,13,10,5,2,0,0,4.2,3.8,1.8,6,-5,6,3,3,0
SP1,2022-05-12,Real Madrid,Levante,6,0,H,4,0,H,27,16,16,1,6,6,8,6,2,1,0,0,1.45,5.25,5.5,11,15,0,2,1,0
SP1,2022-05-14,Espanol,Valencia,1,1,D,1,1,D,5,18,3,5,2,3,18,15,4,1,0,0,2.5,3.4,2.8,-13,-2,-1,3,3,0
SP1,2022-05-15,Villarreal,Sociedad,1,2,A,1,0,H,10,11,4,6,4,3,12,16,4,2,0,0,2.1,3.6,3.3,-1,-2,1,-4,2,0
SP1,2022-05-15,Mallorca,Vallecano,2,1,H,1,0,H,12,11,5,4,5,3,13,8,1,0,0,0,1.57,3.8,6.5,1,1,2,5,1,0
SP1,2022-05-15,Levante,Alaves,3,1,H,0,1,A,15,6,5,2,3,4,19,10,8,6,0,0,2.8,3.8,2.25,9,3,-1,9,2,0
SP1,2022-05-15,Getafe,Barcelona,0,0,D,0,0,D,9,5,3,1,5,5,9,8,1,2,0,0,3.75,3.25,2.1,4,2,0,1,-1,0
SP1,2022-05-15,Celta,Elche,1,0,H,1,0,H,14,10,5,1,7,5,11,12,2,2,0,0,1.65,3.8,5.5,4,4,2,-1,0,0
SP1,2022-05-15,Cadiz,Real Madrid,1,1,D,1,1,D,21,16,7,7,10,2,13,11,7,2,0,0,3.3,3.3,2.2,5,0,8,2,5,0
SP1,2022-05-15,Betis,Granada,2,0,H,1,0,H,11,14,4,4,4,9,11,17,0,1,0,0,1.5,4.33,6.0,-3,0,-5,-6,-1,0
SP1,2022-05-15,Ath Madrid,Sevilla,1,1,D,1,0,H,12,8,3,4,4,5,14,18,2,5,0,0,2.25,3.0,3.6,4,-1,-1,-4,-3,0
SP1,2022-05-15,Ath Bilbao,Osasuna,2,0,H,1,0,H,14,8,8,1,10,6,6,14,0,0,0,0,1.53,4.2,6.0,6,7,4,-8,0,0
SP1,2022-05-20,Real Madrid,Betis,0,0,D,0,0,D,17,11,3,2,8,5,7,12,0,0,0,0,1.65,4.5,4.33,6,1,3,-5,0,0
SP1,2022-05-20,Vallecano,Levante,2,4,A,1,3,A,19,14,8,7,7,3,8,12,0,3,0,0,1.85,4.0,3.8,5,1,4,-4,-3,0
SP1,2022-05-21,Valencia,Celta,2,0,H,1,0,H,10,9,3,3,3,3,22,19,3,3,0,0,2.75,3.3,2.62,1,0,0,3,0,0
SP1,2022-05-22,Sociedad,Ath Madrid,1,2,A,0,0,D,12,6,3,5,3,2,16,11,4,2,0,0,2.62,3.3,2.7,6,-2,1,5,2,0
SP1,2022-05-22,Sevilla,Ath Bilbao,1,0,H,0,0,D,13,9,3,1,5,0,13,12,3,3,0,0,2.5,3.3,2.87,4,2,5,1,0,0
SP1,2022-05-22,Osasuna,Mallorca,0,2,A,0,0,D,11,14,1,6,5,7,8,14,2,2,0,0,3.3,3.4,2.2,-3,-5,-2,-6,0,0
SP1,2022-05-22,Barcelona,Villarreal,0,2,A,0,1,A,14,4,3,3,12,1,12,7,3,1,0,0,2.1,4.0,3.0,10,0,11,5,2,0
SP1,2022-05-22,Granada,Espanol,0,0,D,0,0,D,15,10,5,5,7,3,9,12,1,0,0,0,1.44,4.33,7.5,5,0,4,-3,1,0
SP1,2022-05-22,Alaves,Cadiz,0,1,A,0,0,D,9,13,2,6,4,4,11,13,0,1,0,0,4.2,3.7,1.83,-4,-4,0,-2,-1,0
SP1,2022-05-22,Elche,Getafe,3,1,H,1,1,D,19,7,9,2,8,3,11,9,2,2,0,0,3.1,2.87,2.62,12,7,5,2,0,0
SP1,2022-08-12,Osasuna,Sevilla,2,1,H,1,1,D,12,10,5,3,5,2,16,9,5,3,0,0,3.2,3.1,2.4,2,2,3,7,2,0
SP1,2022-08-13,Celta,Espanol,2,2,D,1,0,H,8,10,3,2,3,3,17,15,5,2,0,0,1.8,3.75,4.75,-2,1,0,2,3,0
SP1,2022-08-13,Valladolid,Villarreal,0,3,A,0,0,D,12,10,6,4,4,5,6,10,1,0,0,0,3.9,3.6,1.9,2,2,-1,-4,1,0
SP1,2022-08-13,Barcelona,Vallecano,0,0,D,0,0,D,21,4,6,2,8,0,16,14,3,6,1,0,1.22,7.0,12.0,17,4,8,2,-3,1
SP1,2022-08-14,Cadiz,Sociedad,0,1,A,0,1,A,7,15,2,7,3,6,9,20,4,2,0,0,3.6,3.2,2.2,-8,-5,-3,-11,2,0
SP1,2022-08-14,Valencia,Girona,1,0,H,1,0,H,17,5,2,1,4,4,18,14,2,3,1,0,1.85,3.4,4.5,12,1,0,4,-1,1
SP1,2022-08-14,Almeria,Real Madrid,1,2,A,1,0,H,10,29,6,15,2,15,11,4,3,1,0,0,7.5,5.0,1.4,-19,-9,-13,7,2,0
SP1,2022-08-15,Betis,Elche,3,0,H,2,0,H,17,4,8,2,8,4,10,18,3,6,0,1,1.44,4.5,7.0,13,6,4,-8,-3,-1
SP1,2022-08-15,Ath Bilbao,Mallorca,0,0,D,0,0,D,23,6,6,2,7,2,13,12,0,6,0,0,1.6,3.75,6.5,17,4,5,1,-6,0
SP1,2022-08-15,Getafe,Ath Madrid,0,3,A,0,1,A,10,12,0,5,3,6,14,19,2,1,0,0,5.0,3.1,1.9,-2,-5,-3,-5,1,0
SP1,2022-08-19,Espanol,Vallecano,0,2,A,0,1,A,13,8,1,3,9,2,12,17,2,5,1,1,2.45,3.1,3.1,5,-2,7,-5,-3,0
SP1,2022-08-19,Sevilla,Valladolid,1,1,D,0,0,D,18,6,2,3,12,2,20,10,3,2,1,1,1.5,4.2,6.5,12,-1,10,10,1,0
SP1,2022-08-20,Osasuna,Cadiz,2,0,H,1,0,H,16,9,3,2,2,2,11,13,2,5,0,1,1.9,3.25,4.5,7,1,0,-2,-3,-1
SP1,2022-08-20,Mallorca,Betis,1,2,A,0,1,A,13,8,7,3,5,2,22,17,7,8,0,0,3.1,3.2,2.4,5,4,3,5,-1,0
SP1,2022-08-20,Celta,Real Madrid,1,4,A,1,2,A,15,16,2,7,2,2,12,8,2,2,0,0,4.5,4.2,1.66,-1,-5,0,4,0,0
SP1,2022-08-21,Sociedad,Barcelona,1,4,A,1,1,D,10,15,5,7,3,6,16,9,2,1,0,0,3.3,3.6,2.1,-5,-2,-3,7,1,0
SP1,2022-08-21,Ath Bilbao,Valencia,1,0,H,1,0,H,12,10,2,0,6,3,11,15,5,2,0,0,1.8,3.75,4.5,2,2,3,-4,3,0
SP1,2022-08-21,Ath Madrid,Villarreal,0,2,A,0,0,D,13,19,5,5,5,6,8,11,2,3,1,0,1.85,3.5,4.33,-6,0,-1,-3,-1,1
SP1,2022-08-22,Girona,Getafe,3,1,H,1,0,H,12,7,6,3,5,2,16,18,3,6,0,1,2.8,2.9,2.9,5,3,3,-2,-3,-1
SP1,2022-08-22,Elche,Almeria,1,1,D,1,1,D,13,12,3,7,6,5,12,16,1,4,0,1,2.5,3.2,3.0,1,-4,1,-4,-3,-1
SP1,2022-08-26,Girona,Celta,0,1,A,0,0,D,11,11,3,6,2,4,16,13,2,1,0,0,2.8,3.1,2.75,0,-3,-2,3,1,0
SP1,2022-08-26,Betis,Osasuna,1,0,H,1,0,H,7,12,1,2,2,4,9,21,0,3,1,0,1.8,3.6,4.75,-5,-1,-2,-12,-3,1
SP1,2022-08-27,Elche,Sociedad,0,1,A,0,1,A,12,9,5,5,4,6,13,18,3,3,0,0,3.6,3.2,2.15,3,0,-2,-5,0,0
SP1,2022-08-27,Vallecano,Mallorca,0,2,A,0,1,A,15,9,0,4,7,3,11,18,1,3,0,0,2.05,3.25,4.0,6,-4,4,-7,-2,0
SP1,2022-08-27,Almeria,Sevilla,2,1,H,1,1,D,11,13,5,5,5,2,18,11,5,8,0,0,3.6,3.25,2.15,-2,0,3,7,-3,0
SP1,2022-08-28,Getafe,Villarreal,0,0,D,0,0,D,8,11,2,6,1,4,11,19,1,5,0,0,4.33,3.4,1.85,-3,-4,-3,-8,-4,0
SP1,2022-08-28,Barcelona,Valladolid,4,0,H,2,0,H,24,8,9,3,14,4,9,8,0,3,0,0,1.14,8.5,15.0,16,6,10,1,-3,0
SP1,2022-08-28,Espanol,Real Madrid,1,3,A,1,1,D,15,19,4,6,7,7,15,12,0,0,1,0,6.5,4.75,1.45,-4,-2,0,3,0,1
SP1,2022-08-29,Valencia,Ath Madrid,0,1,A,0,0,D,12,13,2,7,6,2,15,17,4,3,0,0,4.0,3.3,2.0,-1,-5,4,-2,1,0
SP1,2022-08-29,Cadiz,Ath Bilbao,0,4,A,0,1,A,9,20,3,8,0,6,18,4,2,1,0,0,3.6,3.2,2.15,-11,-5,-6,14,1,0
SP1,2022-09-02,Celta,Cadiz,3,0,H,0,0,D,9,7,5,0,2,2,13,23,1,2,0,0,1.66,3.6,5.5,2,5,0,-10,-1,0
SP1,2022-09-03,Mallorca,Girona,1,1,D,0,0,D,10,10,4,4,6,3,23,9,4,2,0,0,2.15,3.2,3.6,0,0,3,14,2,0
SP1,2022-09-03,Real Madrid,Betis,2,1,H,1,1,D,22,8,4,4,9,2,8,12,0,1,0,0,1.4,5.25,6.5,14,0,7,-4,-1,0
SP1,2022-09-03,Sociedad,Ath Madrid,1,1,D,0,1,A,12,15,5,7,7,7,18,13,5,4,0,0,2.9,3.2,2.55,-3,-2,0,5,1,0
SP1,2022-09-03,Sevilla,Barcelona,0,3,A,0,2,A,9,18,4,7,4,4,15,14,2,4,0,0,4.5,3.6,1.8,-9,-3,0,1,-2,0
SP1,2022-09-04,Valencia,Getafe,5,1,H,3,0,H,24,7,9,4,9,1,11,21,3,6,1,1,1.9,3.2,4.5,17,5,8,-10,-3,0
SP1,2022-09-04,Osasuna,Vallecano,2,1,H,0,0,D,13,5,6,3,4,0,14,16,2,2,0,0,2.0,3.1,4.33,8,3,4,-2,0,0
SP1,2022-09-04,Ath Bilbao,Espanol,0,1,A,0,0,D,17,9,2,2,4,2,12,12,3,2,0,0,1.53,4.0,6.5,8,0,2,0,1,0
SP1,2022-09-04,Villarreal,Elche,4,0,H,2,0,H,18,7,10,0,6,4,10,9,1,3,0,0,1.33,5.0,10.0,11,10,2,1,-2,0
SP1,2022-09-05,Valladolid,Almeria,1,0,H,0,0,D,14,12,6,1,2,8,11,20,1,6,0,0,2.3,3.3,3.1,2,5,-6,-9,-5,0
SP1,2022-09-09,Girona,Valladolid,2,1,H,1,1,D,14,14,5,4,3,12,11,15,0,2,0,0,2.25,3.25,3.4,0,1,-9,-4,-2,0
SP1,2022-09-10,Ath Madrid,Celta,4,1,H,1,0,H,10,14,4,3,4,7,11,6,2,3,0,0,1.61,3.8,6.0,-4,1,-3,5,-1,0
SP1,2022-09-10,Cadiz,Barcelona,0,4,A,0,0,D,6,16,0,8,5,6,12,13,1,2,0,0,13.0,6.5,1.22,-10,-8,-1,-1,-1,0
SP1,2022-09-10,Espanol,Sevilla,2,3,A,1,3,A,19,11,5,7,9,3,11,14,3,5,0,1,2.87,3.25,2.5,8,-2,6,-3,-2,-1
SP1,2022-09-10,Vallecano,Valencia,2,1,H,1,0,H,14,17,6,4,7,7,22,11,5,2,0,0,2.62,3.1,2.87,-3,2,0,11,3,0
SP1,2022-09-11,Real Madrid,Mallorca,4,1,H,1,1,D,22,5,7,2,4,3,7,15,3,5,0,0,1.25,6.0,11.0,17,5,1,-8,-2,0
SP1,2022-09-11,Elche,Ath Bilbao,1,4,A,0,4,A,9,16,2,8,5,5,15,9,3,0,0,0,4.0,3.6,1.9,-7,-6,0,6,3,0
SP1,2022-09-11,Getafe,Sociedad,2,1,H,1,0,H,8,13,3,6,3,7,9,16,4,1,0,0,3.75,3.0,2.15,-5,-3,-4,-7,3,0
SP1,2022-09-11,Betis,Villarreal,1,0,H,0,0,D,16,14,5,3,9,8,11,14,1,1,0,0,2.8,3.4,2.5,2,2,1,-3,0,0
SP1,2022-09-12,Almeria,Osasuna,0,1,A,0,1,A,7,15,2,4,5,10,4,9,0,2,0,0,2.6,3.25,2.75,-8,-2,-5,-5,-2,0
SP1,2022-09-16,Valladolid,Cadiz,0,1,A,0,0,D,18,7,6,1,8,2,12,19,1,4,0,0,2.0,3.25,4.0,11,5,6,-7,-3,0
SP1,2022-09-17,Ath Bilbao,Vallecano,3,2,H,3,1,H,14,11,7,2,2,7,13,13,1,2,0,0,1.53,4.0,6.5,3,5,-5,0,-1,0
SP1,2022-09-17,Valencia,Celta,3,0,H,1,0,H,14,6,7,2,5,4,18,23,3,2,0,1,2.3,3.2,3.3,8,5,1,-5,1,-1
SP1,2022-09-17,Barcelona,Elche,3,0,H,2,0,H,25,1,9,1,6,0,11,9,2,2,0,1,1.08,11.0,26.0,24,8,6,2,0,-1
SP1,2022-09-17,Mallorca,Almeria,1,0,H,1,0,H,5,9,2,3,5,2,15,14,3,6,0,0,2.0,3.3,4.0,-4,-1,3,1,-3,0
SP1,2022-09-18,Osasuna,Getafe,0,2,A,0,1,A,12,10,4,4,8,1,15,15,7,3,1,1,1.8,3.4,5.0,2,0,7,0,4,0
SP1,2022-09-18,Villarreal,Sevilla,1,1,D,0,1,A,17,12,7,1,6,4,15,12,1,5,0,0,1.7,3.8,5.0,5,6,2,3,-4,0
SP1,2022-09-18,Betis,Girona,2,1,H,1,1,D,9,8,3,3,2,4,9,8,0,3,0,0,1.75,3.6,5.0,1,0,-2,1,-3,0
SP1,2022-09-18,Sociedad,Espanol,2,1,H,2,1,H,14,14,6,4,4,2,18,8,3,0,0,0,1.7,3.6,5.0,0,2,2,10,3,0
SP1,2022-09-18,Ath Madrid,Real Madrid,1,2,A,0,2,A,12,6,5,3,8,1,15,16,4,2,1,0,3.1,3.4,2.3,6,2,7,-1,2,1
SP1,2022-09-30,Ath Bilbao,Almeria,4,0,H,2,0,H,17,8,4,2,11,2,17,8,1,3,0,0,1.33,5.0,9.5,9,2,9,9,-2,0
SP1,2022-10-01,Mallorca,Barcelona,0,1,A,0,1,A,13,11,3,3,5,5,9,13,2,4,0,0,9.0,5.0,1.36,2,0,0,-4,-2,0
SP1,2022-10-01,Sevilla,Ath Madrid,0,2,A,0,1,A,14,20,3,6,5,7,9,12,3,2,0,0,3.0,3.2,2.5,-6,-3,-2,-3,1,0
SP1,2022-10-01,Cadiz,Villarreal,0,0,D,0,0,D,10,14,2,6,6,5,13,8,2,3,1,0,6.0,4.0,1.57,-4,-4,1,5,-1,1
SP1,2022-10-01,Getafe,Valladolid,2,3,A,2,2,D,14,14,6,7,4,2,23,13,2,4,0,0,2.3,3.0,3.5,0,-1,2,10,-2,0
SP1,2022-10-02,Espanol,Valencia,2,2,D,0,0,D,10,12,5,5,6,4,16,15,2,1,1,1,2.62,3.3,2.7,-2,0,2,1,1,0
SP1,2022-10-02,Celta,Betis,1,0,H,1,0,H,11,9,4,4,5,3,26,3,4,3,0,1,2.45,3.4,2.87,2,0,2,23,1,-1
SP1,2022-10-02,Girona,Sociedad,3,5,A,2,2,D,16,11,8,5,2,2,9,19,3,1,0,0,3.25,3.2,2.3,5,3,0,-10,2,0
SP1,2022-10-02,Real Madrid,Osasuna,1,1,D,1,0,H,22,8,4,2,10,2,9,13,1,2,0,1,1.3,5.5,9.5,14,2,8,-4,-1,-1
SP1,2022-10-03,Vallecano,Elche,2,1,H,1,1,D,15,5,6,2,13,3,5,19,1,8,0,0,1.72,3.6,5.25,10,4,10,-14,-7,0
SP1,2022-10-07,Osasuna,Valencia,1,2,A,0,1,A,11,15,2,7,7,5,11,19,3,6,2,1,2.4,3.2,3.1,-4,-5,2,-8,-3,1
SP1,2022-10-08,Sevilla,Ath Bilbao,1,1,D,1,0,H,10,21,3,4,5,7,19,14,4,0,0,1,3.0,3.3,2.4,-11,-1,-2,5,4,-1
SP1,2022-10-08,Getafe,Real Madrid,0,1,A,0,1,A,9,19,2,4,4,4,10,5,0,0,0,0,6.5,4.5,1.5,-10,-2,0,5,0,0
SP1,2022-10-08,Ath Madrid,Girona,2,1,H,1,0,H,13,11,7,4,8,3,12,13,3,1,0,0,1.45,4.33,7.5,2,3,5,-1,2,0
SP1,2022-10-08,Almeria,Vallecano,3,1,H,3,0,H,10,12,4,4,7,6,22,12,4,2,1,0,2.9,3.3,2.55,-2,0,1,10,2,1
SP1,2022-10-09,Valladolid,Betis,0,0,D,0,0,D,12,4,3,1,3,1,12,16,1,1,0,1,2.8,3.4,2.4,8,2,2,-4,0,-1
SP1,2022-10-09,Cadiz,Espanol,2,2,D,1,0,H,8,9,3,6,8,3,13,12,4,4,0,0,2.87,3.2,2.55,-1,-3,5,1,0,0
SP1,2022-10-09,Sociedad,Villarreal,1,0,H,1,0,H,17,5,5,1,9,3,21,18,5,3,0,0,2.5,3.4,2.75,12,4,6,3,2,0
SP1,2022-10-09,Barcelona,Celta,1,0,H,1,0,H,13,14,5,3,6,3,16,9,2,4,0,0,1.28,6.0,9.0,-1,2,3,7,-2,0
SP1,2022-10-10,Elche,Mallorca,1,1,D,1,0,H,7,11,2,4,5,7,12,17,4,5,1,1,3.0,3.1,2.5,-4,-2,-2,-5,-1,0
SP1,2022-10-14,Vallecano,Getafe,0,0,D,0,0,D,16,6,3,3,4,1,13,17,2,3,0,0,2.05,3.2,3.8,10,0,3,-4,-1,0
SP1,2022-10-15,Valencia,Elche,2,2,D,2,1,H,20,8,8,6,6,1,14,19,3,6,0,0,1.4,4.75,7.5,12,2,5,-5,-3,0
SP1,2022-10-15,Mallorca,Sevilla,0,1,A,0,0,D,9,4,5,1,1,3,17,15,2,3,0,0,2.9,3.0,2.7,5,4,-2,2,-1,0
SP1,2022-10-15,Girona,Cadiz,1,1,D,0,0,D,23,9,6,2,6,2,16,9,5,4,0,0,1.9,3.3,4.5,14,4,4,7,1,0
SP1,2022-10-15,Ath Bilbao,Ath Madrid,0,1,A,0,0,D,13,3,3,1,6,1,14,17,0,6,0,0,2.45,3.2,3.0,10,2,5,-3,-6,0
SP1,2022-10-16,Betis,Almeria,3,1,H,1,0,H,15,12,6,5,9,3,6,7,1,1,0,0,1.57,4.1,5.75,3,1,6,-1,0,0
SP1,2022-10-16,Espanol,Valladolid,1,0,H,0,0,D,15,14,3,2,6,4,13,11,1,4,0,0,2.2,3.3,3.5,1,1,2,2,-3,0
SP1,2022-10-16,Real Madrid,Barcelona,3,1,H,2,0,H,8,18,4,5,2,3,11,14,2,2,0,0,2.2,3.6,3.1,-10,-1,-1,-3,0,0
SP1,2022-10-16,Celta,Sociedad,1,2,A,1,1,D,10,8,3,6,1,6,14,17,5,7,1,0,2.6,3.2,2.8,2,-3,-5,-3,-2,1
SP1,2022-10-17,Villarreal,Osasuna,2,0,H,1,0,H,12,14,9,3,8,4,14,23,2,6,0,0,1.57,4.2,6.0,-2,6,4,-9,-4,0
SP1,2022-10-18,Sevilla,Valencia,1,1,D,0,1,A,18,13,5,5,11,6,11,26,4,7,1,0,2.25,3.4,3.2,5,0,5,-15,-3,1
SP1,2022-10-18,Getafe,Ath Bilbao,2,2,D,1,1,D,11,14,4,4,7,4,14,11,7,4,0,0,4.75,3.3,1.83,-3,0,3,3,3,0
SP1,2022-10-18,Ath Madrid,Vallecano,1,1,D,1,0,H,12,14,4,4,3,4,11,11,3,0,0,0,1.55,3.75,7.0,-2,0,-1,0,3,0
SP1,2022-10-19,Cadiz,Betis,0,0,D,0,0,D,13,12,3,3,4,9,15,7,1,2,0,1,4.0,3.3,2.0,1,0,-5,8,-1,-1
SP1,2022-10-19,Valladolid,Celta,4,1,H,1,1,D,9,22,7,5,3,7,12,11,1,1,0,0,2.9,3.3,2.45,-13,2,-4,1,0,0
SP1,2022-10-19,Sociedad,Mallorca,1,0,H,1,0,H,14,12,7,3,10,7,18,9,1,2,0,0,1.55,4.0,6.5,2,4,3,9,-1,0
SP1,2022-10-19,Elche,Real Madrid,0,3,A,0,1,A,10,10,3,7,8,2,14,10,1,1,0,0,8.5,5.75,1.3,0,-4,6,4,0,0
SP1,2022-10-20,Barcelona,Villarreal,3,0,H,3,0,H,16,5,5,1,8,0,18,11,0,1,0,0,1.5,4.5,6.0,11,4,8,7,-1,0
SP1,2022-10-20,Osasuna,Espanol,1,0,H,0,0,D,17,5,5,3,9,2,17,15,1,2,0,0,2.05,3.6,3.5,12,2,7,2,-1,0
SP1,2022-10-20,Almeria,Girona,3,2,H,3,0,H,13,14,7,5,4,5,14,14,1,3,0,0,2.6,3.25,2.8,-1,2,-1,0,-2,0
SP1,2022-10-22,Vallecano,Cadiz,5,1,H,2,0,H,28,3,11,0,10,1,13,12,1,4,1,2,1.72,3.5,5.25,25,11,9,1,-3,-1
SP1,2022-10-22,Valladolid,Sociedad,1,0,H,1,0,H,9,20,2,2,4,10,19,14,2,3,0,0,3.6,3.4,2.05,-11,0,-6,5,-1,0
SP1,2022-10-22,Valencia,Mallorca,1,2,A,0,0,D,13,10,3,5,5,3,14,19,3,5,0,0,1.75,3.5,5.0,3,-2,2,-5,-2,0
SP1,2022-10-22,Real Madrid,Sevilla,3,1,H,1,0,H,18,9,6,2,4,3,9,12,1,4,0,0,1.36,4.75,8.5,9,4,1,-3,-3,0
SP1,2022-10-23,Espanol,Elche,2,2,D,1,1,D,13,9,5,4,5,3,13,10,2,3,0,0,1.66,3.75,5.25,4,1,2,3,-1,0
SP1,2022-10-23,Betis,Ath Madrid,1,2,A,0,0,D,17,9,4,3,7,4,10,17,2,3,0,0,3.2,3.3,2.3,8,1,3,-7,-1,0
SP1,2022-10-23,Girona,Osasuna,1,1,D,1,1,D,7,9,1,2,3,5,11,11,2,3,0,0,2.55,3.2,2.9,-2,-1,-2,0,-1,0
SP1,2022-10-23,Villarreal,Almeria,2,1,H,0,1,A,11,15,5,4,10,4,7,8,4,1,1,0,1.36,4.75,9.0,-4,1,6,-1,3,1
SP1,2022-10-23,Barcelona,Ath Bilbao,4,0,H,3,0,H,10,5,7,3,1,2,7,13,2,2,0,0,1.55,4.5,5.5,5,4,-1,-6,0,0
SP1,2022-10-24,Celta,Getafe,1,1,D,0,1,A,17,4,5,1,10,0,10,13,1,1,0,0,1.75,3.5,5.0,13,4,10,-3,0,0
SP1,2022-10-28,Mallorca,Espanol,1,1,D,0,0,D,12,7,5,2,4,4,15,9,4,1,0,0,2.25,3.1,3.4,5,3,0,6,3,0
SP1,2022-10-29,Almeria,Celta,3,1,H,0,1,A,19,8,5,3,6,4,10,7,4,0,0,1,3.3,3.3,2.25,11,2,2,3,4,-1
SP1,2022-10-29,Cadiz,Ath Madrid,3,2,H,1,0,H,10,15,7,7,5,3,15,12,2,4,0,0,7.0,3.6,1.6,-5,0,2,3,-2,0
SP1,2022-10-29,Sevilla,Vallecano,0,1,A,0,0,D,10,15,4,5,6,6,9,20,6,1,0,0,2.0,3.3,4.0,-5,-1,0,-11,5,0
SP1,2022-10-29,Valencia,Barcelona,0,1,A,0,0,D,3,13,2,2,3,10,13,7,4,5,0,0,5.0,4.33,1.57,-10,0,-7,6,-1,0
SP1,2022-10-30,Osasuna,Valladolid,2,0,H,2,0,H,20,7,10,2,1,8,14,16,1,3,0,0,1.9,3.4,4.33,13,8,-7,-2,-2,0
SP1,2022-10-30,Real Madrid,Girona,1,1,D,0,0,D,19,8,6,2,7,1,16,8,3,3,1,0,1.2,6.5,13.0,11,4,6,8,0,1
SP1,2022-10-30,Ath Bilbao,Villarreal,1,0,H,0,0,D,19,6,7,3,6,2,12,10,2,1,0,0,2.2,3.3,3.4,13,4,4,2,1,0
SP1,2022-10-30,Sociedad,Betis,0,2,A,0,0,D,14,10,7,4,5,3,22,16,4,4,0,0,2.0,3.5,3.8,4,3,2,6,0,0
SP1,2022-10-31,Elche,Getafe,0,1,A,0,0,D,12,8,5,3,6,2,12,11,0,3,0,1,2.7,3.0,2.87,4,2,4,1,-3,-1
SP1,2022-11-04,Girona,Ath Bilbao,2,1,H,0,0,D,19,11,10,7,7,1,11,11,1,1,0,0,3.75,3.5,2.0,8,3,6,0,0,0
SP1,2022-11-05,Getafe,Cadiz,0,0,D,0,0,D,13,15,2,4,5,5,15,16,5,2,2,1,2.2,3.1,3.75,-2,-2,0,-1,3,1
SP1,2022-11-05,Valladolid,Elche,2,1,H,1,0,H,16,4,11,2,8,4,9,10,2,0,0,0,1.83,3.6,4.33,12,9,4,-1,2,0
SP1,2022-11-05,Celta,Osasuna,1,2,A,1,2,A,13,8,5,4,2,3,12,20,1,5,0,0,2.1,3.3,3.75,5,1,-1,-8,-4,0
SP1,2022-11-05,Barcelona,Almeria,2,0,H,0,0,D,27,4,13,1,9,1,14,13,2,1,0,0,1.08,10.0,26.0,23,12,8,1,1,0
SP1,2022-11-06,Ath Madrid,Espanol,1,1,D,0,0,D,27,6,7,2,12,2,13,10,3,5,0,1,1.44,4.5,8.0,21,5,10,3,-2,-1
SP1,2022-11-06,Sociedad,Valencia,1,1,D,1,1,D,9,14,4,3,1,11,11,12,2,0,1,0,1.95,3.4,4.0,-5,1,-10,-1,2,1
SP1,2022-11-06,Villarreal,Mallorca,0,2,A,0,1,A,9,7,2,5,5,2,17,16,4,6,0,0,1.57,4.0,5.75,2,-3,3,1,-2,0
SP1,2022-11-06,Betis,Sevilla,1,1,D,1,0,H,9,22,4,6,1,4,6,20,4,5,2,1,2.2,3.2,3.6,-13,-2,-3,-14,-1,1
SP1,2022-11-07,Vallecano,Real Madrid,3,2,H,2,2,D,15,16,7,2,4,5,22,11,4,5,0,0,4.75,4.2,1.65,-1,5,-1,11,-1,0
SP1,2022-11-08,Ath Bilbao,Valladolid,3,0,H,1,0,H,19,8,6,0,10,2,20,6,3,1,0,0,1.4,4.5,7.5,11,6,8,14,2,0
SP1,2022-11-08,Osasuna,Barcelona,1,2,A,1,0,H,15,9,3,3,2,5,15,6,4,4,0,2,5.75,4.2,1.53,6,0,-3,9,0,-2
SP1,2022-11-08,Elche,Girona,1,2,A,1,1,D,11,21,2,3,2,5,16,9,3,2,0,0,3.25,3.3,2.2,-10,-1,-3,7,1,0
SP1,2022-11-09,Espanol,Villarreal,0,1,A,0,0,D,14,10,6,3,4,7,11,6,1,3,0,0,3.2,3.2,2.37,4,3,-3,5,-2,0
SP1,2022-11-09,Mallorca,Ath Madrid,1,0,H,1,0,H,9,17,3,5,2,5,14,17,5,3,0,0,3.8,3.1,2.1,-8,-2,-3,-3,2,0
SP1,2022-11-09,Almeria,Getafe,1,0,H,1,0,H,8,11,3,3,7,6,17,8,8,4,1,0,2.15,3.3,3.5,-3,0,1,9,4,1
SP1,2022-11-09,Sevilla,Sociedad,1,2,A,1,2,A,6,17,3,9,2,1,9,12,2,2,2,0,2.6,3.2,2.8,-11,-6,1,-3,0,2
SP1,2022-11-10,Vallecano,Celta,0,0,D,0,0,D,10,11,3,3,5,3,19,16,7,1,0,0,2.2,3.2,3.5,-1,0,2,3,6,0
SP1,2022-11-10,Valencia,Betis,3,0,H,0,0,D,15,5,7,1,5,5,12,9,1,3,0,1,2.1,3.4,3.6,10,6,0,3,-2,-1
SP1,2022-11-10,Real Madrid,Cadiz,2,1,H,1,0,H,18,10,5,5,7,1,12,16,3,3,0,0,1.14,8.5,15.0,8,0,6,-4,0,0
SP1,2022-12-29,Girona,Vallecano,2,2,D,1,1,D,16,12,7,4,2,4,14,14,3,2,0,0,2.3,3.2,3.3,4,3,-2,0,1,0
SP1,2022-12-29,Betis,Ath Bilbao,0,0,D,0,0,D,9,10,5,0,2,6,8,17,1,4,1,0,2.88,3.3,2.5,-1,5,-4,-9,-3,1
SP1,2022-12-29,Ath Madrid,Elche,2,0,H,0,0,D,18,5,4,1,3,5,14,20,3,4,1,2,1.29,5.5,10.0,13,3,-2,-6,-1,-1
SP1,2022-12-30,Celta,Sevilla,1,1,D,1,0,H,17,7,5,5,5,6,11,13,2,4,0,1,2.2,3.3,3.4,10,0,-1,-2,-2,-1
SP1,2022-12-30,Valladolid,Real Madrid,0,2,A,0,0,D,14,19,4,8,5,9,7,9,2,0,1,0,6.5,4.75,1.45,-5,-4,-4,-2,2,1
SP1,2022-12-30,Getafe,Mallorca,2,0,H,0,0,D,14,3,6,0,4,2,10,19,0,1,0,0,2.75,2.75,3.1,11,6,2,-9,-1,0
SP1,2022-12-30,Cadiz,Almeria,1,1,D,0,1,A,12,18,6,9,3,2,7,14,2,0,0,0,2.38,3.1,3.25,-6,-3,1,-7,2,0
SP1,2022-12-31,Barcelona,Espanol,1,1,D,1,0,H,21,4,6,1,10,2,11,15,6,7,1,1,1.25,6.5,10.0,17,5,8,-4,-1,0
SP1,2022-12-31,Sociedad,Osasuna,2,0,H,1,0,H,9,11,2,3,3,2,10,15,1,1,0,0,1.85,3.3,4.75,-2,-1,1,-5,0,0
SP1,2022-12-31,Villarreal,Valencia,2,1,H,1,1,D,14,13,8,4,5,2,12,16,1,3,0,0,1.95,3.4,4.2,1,4,3,-4,-2,0
SP1,2023-01-06,Elche,Celta,0,1,A,0,1,A,13,14,5,7,8,4,15,15,3,1,1,0,4.0,3.25,1.95,-1,-2,4,0,2,1
SP1,2023-01-06,Valencia,Cadiz,0,1,A,0,1,A,11,6,2,2,13,2,14,21,5,6,0,0,1.57,4.0,5.75,5,0,11,-7,-1,0
SP1,2023-01-07,Espanol,Girona,2,2,D,0,1,A,12,12,6,5,5,2,13,16,3,2,0,0,2.25,3.4,3.2,0,1,3,-3,1,0
SP1,2023-01-07,Villarreal,Real Madrid,2,1,H,0,0,D,17,13,5,3,6,5,13,6,4,1,0,0,3.25,3.8,2.05,4,2,1,7,3,0
SP1,2023-01-07,Mallorca,Valladolid,1,0,H,0,0,D,13,9,4,1,6,2,14,17,2,3,0,0,1.95,3.3,4.2,4,3,4,-3,-1,0
SP1,2023-01-08,Sevilla,Getafe,2,1,H,1,0,H,11,11,5,2,4,4,13,16,3,3,0,0,1.75,3.4,5.25,0,3,0,-3,0,0
SP1,2023-01-08,Ath Madrid,Barcelona,0,1,A,0,1,A,20,10,5,2,7,4,8,16,2,3,1,1,3.1,3.4,2.3,10,3,3,-8,-1,0
SP1,2023-01-08,Almeria,Sociedad,0,2,A,0,0,D,6,9,1,6,4,2,13,14,1,0,0,0,4.2,3.3,1.95,-3,-5,2,-1,1,0
SP1,2023-01-08,Vallecano,Betis,1,2,A,1,2,A,15,14,3,3,5,7,10,16,3,2,0,0,2.3,3.3,3.2,1,0,-2,-6,1,0
SP1,2023-01-09,Ath Bilbao,Osasuna,0,0,D,0,0,D,17,3,3,1,14,1,8,13,0,1,0,0,1.67,3.6,5.75,14,2,13,-5,-1,0
SP1,2023-01-13,Celta,Villarreal,1,1,D,0,1,A,21,3,8,1,14,3,11,8,0,2,0,0,2.88,3.3,2.5,18,7,11,3,-2,0
SP1,2023-01-14,Valladolid,Vallecano,0,1,A,0,0,D,9,13,2,6,4,8,17,18,2,2,0,0,2.75,3.25,2.63,-4,-4,-4,-1,0,0
SP1,2023-01-14,Girona,Sevilla,2,1,H,0,1,A,19,10,7,2,5,2,11,7,3,1,0,0,2.38,3.4,3.0,9,5,3,4,2,0
SP1,2023-01-14,Osasuna,Mallorca,1,0,H,0,0,D,15,6,4,2,3,1,15,19,2,3,0,0,2.0,3.1,4.33,9,2,2,-4,-1,0
SP1,2023-01-14,Sociedad,Ath Bilbao,3,1,H,2,1,H,11,6,5,2,4,2,20,15,5,1,0,1,2.4,3.2,3.1,5,3,2,5,4,-1
SP1,2023-01-15,Getafe,Espanol,1,2,A,1,1,D,10,10,2,4,5,1,20,13,2,3,0,0,2.5,3.0,3.1,0,-2,4,7,-1,0
SP1,2023-01-15,Almeria,Ath Madrid,1,1,D,1,1,D,14,12,3,6,3,4,14,12,4,4,0,1,5.0,3.75,1.7,2,-3,-1,2,0,-1
SP1,2023-01-16,Cadiz,Elche,1,1,D,1,0,H,16,12,3,5,3,6,11,21,3,2,0,0,1.91,3.4,4.33,4,-2,-3,-10,1,0
SP1,2023-01-20,Mallorca,Celta,1,0,H,0,0,D,8,10,3,3,4,6,15,11,2,3,0,0,2.8,2.75,3.0,-2,0,-2,4,-1,0
SP1,2023-01-21,Vallecano,Sociedad,0,2,A,0,2,A,14,12,2,7,3,4,11,11,0,0,0,0,3.1,3.2,2.38,2,-5,-1,0,0,0
SP1,2023-01-21,Espanol,Betis,1,0,H,1,0,H,8,13,2,4,7,4,18,8,3,2,0,0,2.7,3.2,2.7,-5,-2,3,10,1,0
SP1,2023-01-21,Ath Madrid,Valladolid,3,0,H,3,0,H,18,7,8,1,4,1,12,7,1,1,0,0,1.4,4.75,8.5,11,7,3,5,0,0
SP1,2023-01-21,Sevilla,Cadiz,1,0,H,0,0,D,17,4,9,1,8,1,15,14,1,4,0,1,1.7,3.75,5.0,13,8,7,1,-3,-1
SP1,2023-01-22,Villarreal,Girona,1,0,H,0,0,D,19,8,9,1,3,2,21,15,5,5,0,1,1.73,3.8,4.5,11,8,1,6,0,-1
SP1,2023-01-22,Elche,Osasuna,1,1,D,0,1,A,13,8,4,4,7,2,19,9,2,1,0,0,3.5,3.25,2.15,5,0,5,10,1,0
SP1,2023-01-22,Barcelona,Getafe,1,0,H,1,0,H,8,7,4,3,4,2,11,6,1,2,0,0,1.18,8.0,15.0,1,1,2,5,-1,0
SP1,2023-01-22,Ath Bilbao,Real Madrid,0,2,A,0,1,A,18,10,3,4,12,2,17,10,3,2,0,0,2.9,3.4,2.38,8,-1,10,7,1,0
SP1,2023-01-23,Valencia,Almeria,2,2,D,0,0,D,16,14,6,3,6,2,8,8,2,1,0,0,1.6,4.2,5.25,2,3,4,0,1,0
SP1,2023-01-27,Almeria,Espanol,3,1,H,1,0,H,19,6,7,3,2,2,16,6,3,3,0,0,2.38,3.1,3.2,13,4,0,10,0,0
SP1,2023-01-28,Getafe,Betis,0,1,A,0,0,D,6,13,1,2,6,1,25,12,4,2,0,0,3.2,2.88,2.63,-7,-1,5,13,2,0
SP1,2023-01-28,Sevilla,Elche,3,0,H,3,0,H,22,6,8,1,5,2,7,8,1,3,0,1,1.53,4.0,7.0,16,7,3,-1,-2,-1
SP1,2023-01-28,Girona,Barcelona,0,1,A,0,0,D,8,8,2,3,4,2,10,15,2,3,1,0,5.0,4.33,1.57,0,-1,2,-5,-1,1
SP1,2023-01-28,Cadiz,Mallorca,2,0,H,2,0,H,11,9,4,2,6,2,13,12,2,2,0,0,2.88,2.8,2.9,2,2,4,1,0,0
SP1,2023-01-29,Valladolid,Valencia,1,0,H,0,0,D,13,15,6,2,4,7,14,15,3,1,0,0,3.25,3.1,2.4,-2,4,-3,-1,2,0
SP1,2023-01-29,Osasuna,Ath Madrid,0,1,A,0,0,D,14,13,4,5,5,4,13,7,1,0,0,0,3.6,3.1,2.2,1,-1,1,6,1,0
SP1,2023-01-29,Celta,Ath Bilbao,1,0,H,0,0,D,9,5,3,0,2,5,17,19,3,2,0,0,2.88,3.0,2.7,4,3,-3,-2,1,0
SP1,2023-01-29,Real Madrid,Sociedad,0,0,D,0,0,D,20,8,7,3,10,3,8,19,1,4,0,0,1.67,3.8,5.0,12,4,7,-11,-3,0
SP1,2023-01-30,Villarreal,Vallecano,0,1,A,0,0,D,12,11,3,3,5,4,11,18,2,3,0,0,1.67,3.8,5.25,1,0,1,-7,-1,0
SP1,2023-02-01,Betis,Barcelona,1,2,A,0,0,D,5,13,1,3,1,6,17,9,3,0,1,0,5.0,3.8,1.67,-8,-2,-5,8,3,1
SP1,2023-02-02,Real Madrid,Valencia,2,0,H,0,0,D,19,4,7,0,6,6,12,17,3,1,0,1,1.44,4.75,6.5,15,7,0,-5,2,-1
SP1,2023-02-03,Ath Bilbao,Cadiz,4,1,H,3,1,H,17,15,9,3,0,3,14,12,2,1,1,0,1.36,4.5,9.5,2,6,-3,2,1,1
SP1,2023-02-04,Betis,Celta,3,4,A,2,2,D,15,9,7,7,5,5,11,13,2,3,1,0,2.2,3.2,3.5,6,0,0,-2,-1,1
SP1,2023-02-04,Ath Madrid,Getafe,1,1,D,0,0,D,12,9,4,1,8,0,11,18,3,5,0,0,1.4,4.33,9.0,3,3,8,-7,-2,0
SP1,2023-02-04,Espanol,Osasuna,1,1,D,0,1,A,9,9,4,3,4,3,9,17,3,5,1,1,2.55,3.0,3.0,0,1,1,-8,-2,0
SP1,2023-02-04,Elche,Villarreal,3,1,H,2,1,H,18,14,7,2,6,10,19,8,4,2,0,0,5.0,3.8,1.67,4,5,-4,11,2,0
SP1,2023-02-05,Mallorca,Real Madrid,1,0,H,1,0,H,4,20,1,1,1,12,29,14,5,5,0,0,5.0,3.5,1.73,-16,0,-11,15,0,0
SP1,2023-02-05,Girona,Valencia,1,0,H,0,0,D,20,8,8,4,8,4,11,10,1,4,0,0,2.2,3.2,3.5,12,4,4,1,-3,0
SP1,2023-02-05,Sociedad,Valladolid,0,1,A,0,0,D,15,7,4,2,0,4,17,14,4,5,0,0,1.44,4.33,7.5,8,2,-4,3,-1,0
SP1,2023-02-05,Barcelona,Sevilla,3,0,H,0,0,D,16,3,7,1,8,3,8,10,0,2,0,0,1.33,5.25,8.5,13,6,5,-2,-2,0
SP1,2023-02-06,Vallecano,Almeria,2,0,H,0,0,D,15,14,11,5,3,7,16,9,3,3,0,0,1.73,3.6,5.0,1,6,-4,7,0,0
SP1,2023-02-10,Cadiz,Girona,2,0,H,2,0,H,12,7,3,1,5,6,17,11,4,4,0,0,3.0,3.2,2.45,5,2,-1,6,0,0
SP1,2023-02-11,Sevilla,Mallorca,2,0,H,2,0,H,15,6,6,0,8,2,9,14,5,2,0,0,1.91,3.2,4.5,9,6,6,-5,3,0
SP1,2023-02-11,Valencia,Ath Bilbao,1,2,A,1,1,D,18,11,8,3,7,1,11,17,2,2,0,0,3.0,3.2,2.45,7,5,6,-6,0,0
SP1,2023-02-11,Almeria,Betis,2,3,A,1,2,A,16,12,9,7,8,2,12,10,2,3,0,0,2.8,3.4,2.5,4,2,6,2,-1,0
SP1,2023-02-12,Getafe,Vallecano,1,1,D,0,1,A,13,19,4,4,5,6,21,19,4,4,1,0,2.8,2.9,2.88,-6,0,-1,2,0,1
SP1,2023-02-12,Celta,Ath Madrid,0,1,A,0,0,D,14,10,3,2,7,5,10,13,2,2,0,1,3.6,3.1,2.2,4,1,2,-3,0,-1
SP1,2023-02-12,Valladolid,Osasuna,0,0,D,0,0,D,18,15,5,4,10,4,13,16,1,3,0,0,2.75,3.1,2.7,3,1,6,-3,-2,0
SP1,2023-02-12,Villarreal,Barcelona,0,1,A,0,1,A,11,7,2,4,6,2,22,18,4,4,0,0,3.75,4.0,1.85,4,-2,4,4,0,0
SP1,2023-02-13,Espanol,Sociedad,2,3,A,0,1,A,10,11,6,5,4,3,9,17,4,1,1,0,3.5,3.0,2.3,-1,1,1,-8,3,1
SP1,2023-02-15,Real Madrid,Elche,4,0,H,3,0,H,26,7,13,0,6,4,5,13,1,3,0,0,1.18,7.5,15.0,19,13,2,-8,-2,0
SP1,2023-02-17,Girona,Almeria,6,2,H,4,0,H,14,16,8,4,1,7,10,8,1,1,0,0,1.8,3.75,4.33,-2,4,-6,2,0,0
SP1,2023-02-18,Osasuna,Real Madrid,0,2,A,0,0,D,11,11,4,6,5,5,17,7,3,2,0,0,4.33,3.6,1.8,0,-2,0,10,1,0
SP1,2023-02-18,Mallorca,Villarreal,4,2,H,2,1,H,13,8,5,4,4,4,19,8,5,0,0,1,3.2,3.0,2.45,5,1,0,11,5,-1
SP1,2023-02-18,Betis,Valladolid,2,1,H,2,1,H,16,17,10,3,4,6,18,15,3,5,0,0,1.6,3.75,6.5,-1,7,-2,3,-2,0
SP1,2023-02-18,Sociedad,Celta,1,1,D,1,0,H,9,18,3,4,3,7,14,12,3,5,0,1,1.8,3.3,5.25,-9,-1,-4,2,-2,-1
SP1,2023-02-19,Elche,Espanol,0,1,A,0,0,D,19,11,5,4,10,5,11,12,2,3,1,0,2.9,3.1,2.63,8,1,5,-1,-1,1
SP1,2023-02-19,Vallecano,Sevilla,1,1,D,0,1,A,18,7,5,2,7,3,15,6,4,1,0,0,2.5,3.1,3.0,11,3,4,9,3,0
SP1,2023-02-19,Ath Madrid,Ath Bilbao,1,0,H,0,0,D,17,8,5,2,6,5,7,13,2,3,0,0,2.0,3.3,4.0,9,3,1,-6,-1,0
SP1,2023-02-19,Barcelona,Cadiz,2,0,H,2,0,H,16,14,5,4,5,6,15,18,2,3,0,0,1.18,7.0,13.0,2,1,-1,-3,-1,0
SP1,2023-02-20,Getafe,Valencia,1,0,H,0,0,D,15,8,6,3,4,5,11,8,6,1,0,0,2.75,3.0,2.8,7,3,-1,3,5,0
SP1,2023-02-24,Elche,Betis,2,3,A,2,0,H,4,21,2,9,3,3,16,9,4,1,2,0,3.5,3.3,2.1,-17,-7,0,7,3,2
SP1,2023-02-25,Real Madrid,Ath Madrid,1,1,D,0,0,D,18,7,7,2,7,4,10,8,3,3,0,1,1.8,3.5,5.0,11,5,3,2,0,-1
SP1,2023-02-25,Valencia,Sociedad,1,0,H,1,0,H,8,11,3,3,7,8,13,12,6,3,0,0,3.1,3.1,2.5,-3,0,-1,1,3,0
SP1,2023-02-25,Espanol,Mallorca,2,1,H,1,1,D,9,15,3,4,0,4,15,18,2,2,0,0,2.5,2.9,3.2,-6,-1,-4,-3,0,0
SP1,2023-02-25,Cadiz,Vallecano,1,0,H,0,0,D,5,11,3,2,4,6,19,19,3,4,0,1,2.9,3.0,2.7,-6,1,-2,0,-1,-1
SP1,2023-02-26,Sevilla,Osasuna,2,3,A,0,1,A,22,11,8,4,10,2,10,15,4,2,1,0,1.85,3.25,4.5,11,4,8,-5,2,1
SP1,2023-02-26,Almeria,Barcelona,1,0,H,1,0,H,7,14,4,1,4,7,13,11,3,3,0,0,7.0,4.75,1.44,-7,3,-3,2,0,0
SP1,2023-02-26,Ath Bilbao,Girona,2,3,A,1,3,A,17,8,3,4,11,3,17,8,5,5,0,0,1.67,3.8,5.25,9,-1,8,9,0,0
SP1,2023-02-26,Celta,Valladolid,3,0,H,2,0,H,18,6,4,3,5,4,6,5,1,3,0,1,1.7,3.75,5.25,12,1,1,1,-2,-1
SP1,2023-02-27,Villarreal,Getafe,2,1,H,1,1,D,11,8,5,3,6,6,9,13,0,1,0,0,1.67,3.6,5.75,3,2,0,-4,-1,0
SP1,2023-03-03,Sociedad,Cadiz,0,0,D,0,0,D,15,6,3,2,4,0,18,18,0,1,0,0,1.5,3.9,7.5,9,1,4,0,-1,0
SP1,2023-03-04,Getafe,Girona,3,2,H,3,0,H,10,9,6,7,3,3,24,11,5,4,0,0,2.75,3.0,2.8,1,-1,0,13,1,0
SP1,2023-03-04,Almeria,Villarreal,0,2,A,0,0,D,6,16,0,6,2,10,11,10,2,4,0,0,3.5,3.6,2.05,-10,-6,-8,1,-2,0
SP1,2023-03-04,Mallorca,Elche,0,1,A,0,0,D,14,15,3,6,6,7,17,14,3,3,0,0,1.7,3.4,5.75,-1,-3,-1,3,0,0
SP1,2023-03-04,Ath Madrid,Sevilla,6,1,H,2,1,H,18,8,8,1,7,3,12,11,1,4,0,1,1.67,3.6,5.25,10,7,4,1,-3,-1
SP1,2023-03-05,Vallecano,Ath Bilbao,0,0,D,0,0,D,18,16,2,3,7,9,9,17,1,0,0,1,2.9,3.1,2.6,2,-1,-2,-8,1,-1
SP1,2023-03-05,Betis,Real Madrid,0,0,D,0,0,D,8,15,4,5,5,3,12,13,3,4,0,0,4.75,3.75,1.73,-7,-1,2,-1,-1,0
SP1,2023-03-05,Valladolid,Espanol,2,1,H,1,0,H,15,12,5,2,9,6,4,11,3,2,0,0,2.5,3.2,2.88,3,3,3,-7,1,0
SP1,2023-03-05,Barcelona,Valencia,1,0,H,1,0,H,13,13,4,1,5,2,11,13,0,0,1,0,1.53,4.5,5.75,0,3,3,-2,0,1
SP1,2023-03-06,Osasuna,Celta,0,0,D,0,0,D,10,6,5,0,6,4,12,12,0,2,0,0,2.8,3.0,2.8,4,5,2,0,-2,0
SP1,2023-03-10,Cadiz,Getafe,2,2,D,1,0,H,11,16,4,10,2,6,13,16,4,5,1,1,2.5,2.88,3.3,-5,-6,-4,-3,-1,0
SP1,2023-03-11,Real Madrid,Espanol,3,1,H,2,1,H,22,10,7,3,7,4,12,17,3,2,0,0,1.25,6.5,9.5,12,4,3,-5,1,0
SP1,2023-03-11,Elche,Valladolid,1,1,D,0,1,A,24,5,10,1,10,3,19,11,4,6,0,2,2.7,3.3,2.7,19,9,7,8,-2,-2
SP1,2023-03-11,Celta,Vallecano,3,0,H,0,0,D,15,12,6,3,3,7,13,12,2,3,0,0,2.1,3.2,4.0,3,3,-4,1,-1,0
SP1,2023-03-11,Valencia,Osasuna,1,0,H,0,0,D,8,7,4,0,12,3,8,19,2,5,0,0,2.1,3.2,3.8,1,4,9,-11,-3,0
SP1,2023-03-12,Villarreal,Betis,1,1,D,0,1,A,15,6,4,3,2,4,8,11,3,2,0,0,1.95,3.6,3.8,9,1,-2,-3,1,0
SP1,2023-03-12,Mallorca,Sociedad,1,1,D,0,1,A,8,8,2,2,3,2,19,20,2,2,0,1,3.5,2.9,2.38,0,0,1,-1,0,-1
SP1,2023-03-12,Sevilla,Almeria,2,1,H,1,1,D,27,13,5,5,6,4,8,11,4,4,0,0,1.73,3.6,5.25,14,0,2,-3,0,0
SP1,2023-03-12,Ath Bilbao,Barcelona,0,1,A,0,1,A,15,10,5,2,5,3,13,7,2,1,0,0,3.5,3.3,2.15,5,3,2,6,1,0
SP1,2023-03-13,Girona,Ath Madrid,0,1,A,0,0,D,6,14,4,4,1,3,6,12,2,3,0,0,3.75,3.4,2.05,-8,0,-2,-6,-1,0
SP1,2023-03-17,Valladolid,Ath Bilbao,1,3,A,0,1,A,15,15,3,6,2,9,9,14,2,2,0,0,4.2,3.6,1.83,0,-3,-7,-5,0,0
SP1,2023-03-18,Almeria,Cadiz,1,1,D,0,0,D,17,10,5,4,5,2,12,12,1,4,0,0,2.0,3.5,3.6,7,1,3,0,-3,0
SP1,2023-03-18,Vallecano,Girona,2,2,D,2,1,H,15,12,3,4,3,5,15,16,2,2,0,0,2.0,3.4,3.8,3,-1,-2,-1,0,0
SP1,2023-03-18,Espanol,Celta,1,3,A,0,2,A,11,8,3,4,4,1,11,12,2,2,0,0,2.75,3.25,2.55,3,-1,3,-1,0,0
SP1,2023-03-18,Ath Madrid,Valencia,3,0,H,1,0,H,14,9,6,1,4,2,12,9,2,0,0,0,1.55,4.2,5.75,5,5,2,3,2,0
SP1,2023-03-19,Betis,Mallorca,1,0,H,0,0,D,10,5,3,1,4,4,8,15,1,2,0,0,1.8,3.2,5.25,5,2,0,-7,-1,0
SP1,2023-03-19,Osasuna,Villarreal,0,3,A,0,1,A,10,12,2,6,7,1,15,7,3,2,0,0,3.0,3.1,2.45,-2,-4,6,8,1,0
SP1,2023-03-19,Sociedad,Elche,2,0,H,0,0,D,17,4,4,3,5,3,16,16,2,1,0,0,1.4,4.75,8.5,13,1,2,0,1,0
SP1,2023-03-19,Getafe,Sevilla,2,0,H,0,0,D,15,11,4,4,4,1,22,10,4,2,0,0,2.9,3.1,2.5,4,0,3,12,2,0
SP1,2023-03-19,Barcelona,Real Madrid,2,1,H,1,1,D,17,11,7,3,8,1,12,13,4,3,0,0,2.15,3.5,3.25,6,4,7,-1,1,0
SP1,2023-03-31,Mallorca,Osasuna,0,0,D,0,0,D,10,11,1,2,2,3,19,17,7,3,1,0,2.2,2.9,3.9,-1,-1,-1,2,4,1
SP1,2023-04-01,Girona,Espanol,2,1,H,0,0,D,14,5,4,1,5,2,12,16,4,2,0,1,1.91,3.3,4.33,9,3,3,-4,2,-1
SP1,2023-04-01,Ath Bilbao,Getafe,0,0,D,0,0,D,17,9,3,1,13,3,8,9,0,0,0,0,1.57,3.8,6.5,8,2,10,-1,0,0
SP1,2023-04-01,Cadiz,Sevilla,0,2,A,0,0,D,14,11,3,5,8,4,9,14,3,4,0,0,3.4,3.1,2.3,3,-2,4,-5,-1,0
SP1,2023-04-01,Elche,Barcelona,0,4,A,0,1,A,15,12,2,6,11,3,11,11,0,3,0,0,9.5,5.0,1.33,3,-4,8,0,-3,0
SP1,2023-04-02,Celta,Almeria,2,2,D,2,2,D,21,8,5,3,4,1,13,12,3,5,0,0,1.55,4.0,6.0,13,2,3,1,-2,0
SP1,2023-04-02,Real Madrid,Valladolid,6,0,H,4,0,H,30,12,17,2,9,1,17,11,0,1,0,0,1.2,7.5,11.0,18,15,8,6,-1,0
SP1,2023-04-02,Villarreal,Sociedad,2,0,H,0,0,D,16,16,4,3,4,4,12,19,5,3,1,0,2.4,3.1,3.2,0,1,0,-7,2,1
SP1,2023-04-02,Ath Madrid,Betis,1,0,H,0,0,D,13,6,7,2,5,1,20,11,1,2,0,0,1.53,4.0,6.5,7,5,4,9,-1,0
SP1,2023-04-03,Valencia,Vallecano,1,1,D,0,1,A,18,7,4,2,13,3,15,16,2,3,0,0,2.05,3.2,3.8,11,2,10,-1,-1,0
SP1,2023-04-07,Sevilla,Celta,2,2,D,1,0,H,7,9,2,4,8,3,11,9,6,2,2,0,2.1,3.4,3.5,-2,-2,5,2,4,2
SP1,2023-04-08,Real Madrid,Villarreal,2,3,A,1,1,D,18,17,4,8,6,7,8,19,0,3,0,0,1.53,4.33,5.75,1,-4,-1,-11,-3,0
SP1,2023-04-08,Sociedad,Getafe,2,0,H,1,0,H,11,6,6,4,3,2,11,9,2,1,0,0,1.7,3.3,6.0,5,2,1,2,1,0
SP1,2023-04-08,Osasuna,Elche,2,1,H,0,1,A,22,7,6,1,9,2,15,7,1,3,0,0,1.73,3.6,5.0,15,5,7,8,-2,0
SP1,2023-04-08,Espanol,Ath Bilbao,1,2,A,0,1,A,9,12,2,7,8,7,14,18,6,4,1,0,3.5,3.2,2.2,-3,-5,1,-4,2,1
SP1,2023-04-09,Valladolid,Mallorca,3,3,D,1,0,H,10,14,6,6,1,2,13,20,3,5,0,0,2.5,2.9,3.2,-4,0,-1,-7,-2,0
SP1,2023-04-09,Betis,Cadiz,0,2,A,0,0,D,9,15,3,4,5,6,18,16,3,3,2,0,1.62,3.75,5.75,-6,-1,-1,2,0,2
SP1,2023-04-09,Almeria,Valencia,2,1,H,0,0,D,10,11,4,4,3,7,11,11,3,2,0,0,3.0,3.3,2.4,-1,0,-4,0,1,0
SP1,2023-04-09,Vallecano,Ath Madrid,1,2,A,0,2,A,15,14,3,4,8,2,8,7,0,0,1,0,4.33,3.5,1.85,1,-1,6,1,0,1
SP1,2023-04-10,Barcelona,Girona,0,0,D,0,0,D,18,5,3,0,12,2,14,14,0,2,0,0,1.3,5.5,10.0,13,3,10,0,-2,0
SP1,2023-04-14,Vallecano,Osasuna,2,1,H,2,0,H,12,8,3,4,2,3,18,16,2,3,0,0,2.2,3.1,3.6,4,-1,-1,2,-1,0
SP1,2023-04-15,Villarreal,Valladolid,1,2,A,0,2,A,22,14,7,7,8,5,9,18,1,6,0,0,1.44,4.75,6.5,8,0,3,-9,-5,0
SP1,2023-04-15,Ath Bilbao,Sociedad,2,0,H,1,0,H,13,13,5,4,5,2,16,14,5,2,0,0,2.25,3.1,3.5,0,1,3,2,3,0
SP1,2023-04-15,Betis,Espanol,3,1,H,2,0,H,15,13,8,4,4,13,9,13,2,2,0,0,1.83,3.5,4.5,2,4,-9,-4,0,0
SP1,2023-04-15,Cadiz,Real Madrid,0,2,A,0,0,D,12,35,3,11,2,9,12,7,1,0,0,0,5.75,4.2,1.55,-23,-8,-7,5,1,0
SP1,2023-04-16,Valencia,Sevilla,0,2,A,0,0,D,13,6,3,3,6,2,10,17,1,4,1,0,2.2,3.2,3.6,7,0,4,-7,-3,1
SP1,2023-04-16,Ath Madrid,Almeria,2,1,H,2,1,H,19,2,7,0,9,2,7,8,3,3,0,0,1.22,7.0,11.0,17,7,7,-1,0,0
SP1,2023-04-16,Girona,Elche,2,0,H,1,0,H,14,13,4,5,3,4,9,14,3,3,0,1,1.53,4.33,6.0,1,-1,-1,-5,0,-1
SP1,2023-04-16,Getafe,Barcelona,0,0,D,0,0,D,5,15,1,3,1,5,13,12,2,1,0,0,6.0,3.8,1.6,-10,-2,-4,1,1,0
SP1,2023-04-17,Celta,Mallorca,0,1,A,0,1,A,12,8,3,2,7,5,10,19,2,1,1,0,1.8,3.3,5.25,4,1,2,-9,1,1
SP1,2023-04-21,Espanol,Cadiz,0,0,D,0,0,D,14,11,5,2,6,3,8,22,4,2,0,0,2.05,3.25,3.8,3,3,3,-14,2,0
SP1,2023-04-22,Osasuna,Betis,3,2,H,3,1,H,10,21,5,6,5,13,20,13,2,0,0,0,2.55,3.2,2.88,-11,-1,-8,7,2,0
SP1,2023-04-22,Almeria,Ath Bilbao,1,2,A,0,1,A,12,14,4,3,3,4,8,20,2,4,0,0,3.8,3.75,1.85,-2,1,-1,-12,-2,0
SP1,2023-04-22,Sociedad,Vallecano,2,1,H,0,0,D,7,7,1,2,3,3,18,19,1,2,0,0,1.67,3.5,6.0,0,-1,0,-1,-1,0
SP1,2023-04-22,Valladolid,Girona,1,0,H,1,0,H,15,12,6,6,5,7,14,9,1,1,0,0,2.5,3.4,2.8,3,0,-2,5,0,0
SP1,2023-04-22,Real Madrid,Celta,2,0,H,1,0,H,17,12,5,2,8,3,10,10,1,2,0,0,1.36,5.0,9.0,5,3,5,0,-1,0
SP1,2023-04-23,Sevilla,Villarreal,2,1,H,1,0,H,17,17,4,5,5,3,12,10,1,2,0,0,2.75,3.4,2.55,0,-1,2,2,-1,0
SP1,2023-04-23,Mallorca,Getafe,3,1,H,0,1,A,8,3,4,1,2,2,15,18,2,3,0,0,2.3,2.88,3.75,5,3,0,-3,-1,0
SP1,2023-04-23,Elche,Valencia,0,2,A,0,2,A,7,5,1,3,11,6,12,6,3,1,0,0,4.33,3.5,1.85,2,-2,5,6,2,0
SP1,2023-04-23,Barcelona,Ath Madrid,1,0,H,1,0,H,13,13,4,3,3,3,15,16,4,7,0,0,1.95,3.3,4.2,0,1,0,-1,-3,0
SP1,2023-04-25,Cadiz,Osasuna,0,1,A,0,0,D,20,6,4,4,11,2,8,15,0,1,0,1,2.3,3.1,3.4,14,0,9,-7,-1,-1
SP1,2023-04-25,Girona,Real Madrid,4,2,H,2,1,H,13,18,5,3,3,8,7,6,1,2,0,0,5.25,4.33,1.57,-5,2,-5,1,-1,0
SP1,2023-04-25,Betis,Sociedad,0,0,D,0,0,D,10,10,1,3,2,4,13,23,1,3,0,0,2.75,3.25,2.63,0,-2,-2,-10,-2,0
SP1,2023-04-26,Ath Madrid,Mallorca,3,1,H,1,1,D,24,6,9,2,5,8,10,9,0,0,0,0,1.4,4.33,8.5,18,7,-3,1,0,0
SP1,2023-04-26,Getafe,Almeria,1,2,A,0,1,A,21,23,9,11,4,6,15,9,2,2,1,0,1.91,3.3,4.5,-2,-2,-2,6,0,1
SP1,2023-04-26,Celta,Elche,1,0,H,0,0,D,17,16,9,1,10,6,9,12,0,0,0,0,1.3,5.25,10.0,1,8,4,-3,0,0
SP1,2023-04-26,Vallecano,Barcelona,2,1,H,1,0,H,9,10,6,5,3,9,10,14,1,4,0,0,4.75,3.75,1.73,-1,1,-6,-4,-3,0
SP1,2023-04-27,Ath Bilbao,Sevilla,0,1,A,0,0,D,7,4,2,1,8,2,7,11,3,3,0,0,1.75,3.6,4.5,3,1,6,-4,0,0
SP1,2023-04-27,Villarreal,Espanol,4,2,H,0,1,A,31,13,13,4,9,2,14,10,2,4,0,1,1.57,4.0,6.0,18,9,7,4,-2,-1
SP1,2023-04-27,Valencia,Valladolid,2,1,H,0,1,A,18,8,5,2,6,2,16,17,0,4,0,0,1.75,3.75,4.75,10,3,4,-1,-4,0
SP1,2023-04-28,Osasuna,Sociedad,0,2,A,0,1,A,13,12,1,8,4,2,12,15,3,1,0,0,3.75,3.0,2.2,1,-7,2,-3,2,0
SP1,2023-04-29,Elche,Vallecano,4,0,H,1,0,H,18,14,9,3,3,8,13,16,1,2,0,1,4.75,3.5,1.8,4,6,-5,-3,-1,-1
SP1,2023-04-29,Real Madrid,Almeria,4,2,H,3,1,H,15,9,12,3,7,0,12,16,2,2,0,0,1.14,8.5,15.0,6,9,7,-4,0,0
SP1,2023-04-29,Barcelona,Betis,4,0,H,3,0,H,15,4,8,1,10,0,10,9,0,2,0,1,1.33,5.0,9.0,11,7,10,1,-2,-1
SP1,2023-04-30,Cadiz,Valencia,2,1,H,1,0,H,8,16,4,4,5,6,14,10,6,2,0,0,3.1,3.1,2.45,-8,0,-1,4,4,0
SP1,2023-04-30,Villarreal,Celta,3,1,H,2,1,H,9,14,3,5,4,9,12,11,1,4,0,0,1.8,3.6,4.5,-5,-2,-5,1,-3,0
SP1,2023-04-30,Espanol,Getafe,1,0,H,1,0,H,17,7,8,2,6,3,12,23,3,5,0,0,2.38,3.0,3.3,10,6,3,-11,-2,0
SP1,2023-04-30,Valladolid,Ath Madrid,2,5,A,1,3,A,19,9,6,6,9,1,14,8,2,1,0,0,5.5,3.8,1.65,10,0,8,6,1,0
SP1,2023-05-01,Sevilla,Girona,0,2,A,0,1,A,23,9,5,3,6,1,14,11,1,1,0,0,1.95,3.5,3.8,14,2,5,3,0,0
SP1,2023-05-01,Mallorca,Ath Bilbao,1,1,D,0,0,D,9,16,2,6,5,7,17,9,4,2,0,0,3.6,3.0,2.25,-7,-4,-2,8,2,0
SP1,2023-05-02,Barcelona,Osasuna,1,0,H,0,0,D,21,7,4,2,11,0,7,10,0,0,0,1,1.14,7.5,19.0,14,2,11,-3,0,-1
SP1,2023-05-02,Sociedad,Real Madrid,2,0,H,0,0,D,9,10,4,5,2,6,17,9,1,5,0,1,2.55,3.4,2.8,-1,-1,-4,8,-4,-1
SP1,2023-05-02,Almeria,Elche,2,1,H,1,0,H,10,14,4,1,7,13,8,9,2,2,0,0,1.62,4.33,5.0,-4,3,-6,-1,0,0
SP1,2023-05-03,Valencia,Villarreal,1,1,D,0,0,D,8,11,1,4,6,6,14,13,4,2,0,0,2.75,3.3,2.55,-3,-3,0,1,2,0
SP1,2023-05-03,Ath Madrid,Cadiz,5,1,H,2,0,H,18,2,8,1,5,2,12,9,3,2,0,0,1.29,5.5,12.0,16,7,3,3,1,0
SP1,2023-05-03,Getafe,Celta,1,0,H,1,0,H,14,7,4,1,1,5,21,14,7,5,0,1,2.55,3.0,3.1,7,3,-4,7,2,-1
SP1,2023-05-04,Girona,Mallorca,2,1,H,1,0,H,17,8,7,2,9,5,9,13,4,0,0,0,2.1,3.2,3.75,9,5,4,-4,4,0
SP1,2023-05-04,Sevilla,Espanol,3,2,H,1,2,A,18,7,6,3,9,0,15,11,1,2,0,0,1.83,3.6,4.2,11,3,9,4,-1,0
SP1,2023-05-04,Ath Bilbao,Betis,0,1,A,0,1,A,21,12,6,2,13,2,13,7,1,3,1,0,1.7,4.0,4.75,9,4,11,6,-2,1
SP1,2023-05-04,Vallecano,Valladolid,2,1,H,0,0,D,16,7,6,4,3,4,18,15,0,0,0,0,1.73,3.8,4.75,9,2,-1,3,0,0
SP1,2023-05-12,Mallorca,Cadiz,1,0,H,1,0,H,8,14,3,4,3,7,16,14,5,3,0,0,2.15,2.9,4.0,-6,-1,-4,2,2,0
SP1,2023-05-13,Real Madrid,Getafe,1,0,H,0,0,D,16,9,3,2,1,3,5,23,1,4,0,0,1.55,4.0,6.5,7,1,-2,-18,-3,0
SP1,2023-05-13,Villarreal,Ath Bilbao,5,1,H,2,1,H,17,11,11,5,7,5,11,13,4,3,0,0,2.1,3.5,3.4,6,6,2,-2,1,0
SP1,2023-05-13,Osasuna,Almeria,3,1,H,0,0,D,18,8,7,3,4,1,7,7,0,0,0,0,2.05,3.5,3.6,10,4,3,0,0,0
SP1,2023-05-13,Sociedad,Girona,2,2,D,2,2,D,18,13,6,6,7,4,22,13,5,3,0,1,1.62,4.0,5.5,5,0,3,9,2,-1
SP1,2023-05-14,Celta,Valencia,1,2,A,0,1,A,10,12,6,5,5,4,13,19,3,5,0,1,2.2,3.3,3.4,-2,1,1,-6,-2,-1
SP1,2023-05-14,Elche,Ath Madrid,1,0,H,1,0,H,15,13,4,4,3,5,16,3,2,0,0,0,8.0,5.0,1.36,2,0,-2,13,2,0
SP1,2023-05-14,Valladolid,Sevilla,0,3,A,0,0,D,28,17,6,5,8,3,9,16,2,1,0,0,2.25,3.5,3.1,11,1,5,-7,1,0
SP1,2023-05-14,Espanol,Barcelona,2,4,A,0,3,A,15,15,7,5,4,3,12,9,1,3,0,0,5.25,4.0,1.65,0,2,1,3,-2,0
SP1,2023-05-15,Betis,Vallecano,3,1,H,2,0,H,11,16,5,4,6,5,11,9,3,2,0,1,1.91,3.5,4.0,-5,1,1,2,1,-1
SP1,2023-05-19,Cadiz,Valladolid,2,0,H,0,0,D,11,6,4,2,4,3,18,18,4,4,0,1,2.2,3.4,3.3,5,2,1,0,0,-1
SP1,2023-05-20,Barcelona,Sociedad,1,2,A,0,1,A,13,13,4,6,8,2,8,16,4,4,0,0,1.8,3.75,4.33,0,-2,6,-8,0,0
SP1,2023-05-20,Getafe,Elche,1,1,D,1,1,D,9,13,5,4,5,6,19,11,3,1,0,0,1.5,4.0,7.0,-4,1,-1,8,2,0
SP1,2023-05-20,Almeria,Mallorca,3,0,H,2,0,H,12,7,3,3,4,6,11,15,1,2,0,0,2.25,3.25,3.3,5,0,-2,-4,-1,0
SP1,2023-05-20,Ath Bilbao,Celta,2,1,H,1,0,H,10,8,3,3,8,5,17,12,4,1,0,0,1.62,3.8,5.5,2,0,3,5,3,0
SP1,2023-05-20,Girona,Villarreal,1,2,A,1,1,D,9,10,3,5,3,1,16,11,2,1,0,0,2.8,3.75,2.3,-1,-2,2,5,1,0
SP1,2023-05-21,Vallecano,Espanol,1,2,A,1,1,D,15,10,5,6,4,4,8,11,2,2,0,0,2.15,3.4,3.4,5,-1,0,-3,0,0
SP1,2023-05-21,Ath Madrid,Osasuna,3,0,H,1,0,H,15,12,5,2,8,10,6,11,0,2,0,0,1.36,4.75,8.0,3,3,-2,-5,-2,0
SP1,2023-05-21,Valencia,Real Madrid,1,0,H,1,0,H,12,13,6,5,2,9,13,4,4,2,0,1,3.2,3.5,2.2,-1,1,-7,9,2,-1
SP1,2023-05-21,Sevilla,Betis,0,0,D,0,0,D,10,5,4,0,4,3,14,11,2,2,0,1,2.3,3.3,3.1,5,4,1,3,0,-1
SP1,2023-05-23,Celta,Girona,1,1,D,1,0,H,16,11,7,4,9,3,13,13,0,0,0,0,2.0,3.5,3.75,5,3,6,0,0,0
SP1,2023-05-23,Sociedad,Almeria,1,0,H,1,0,H,15,2,2,2,10,2,20,8,0,1,0,1,1.36,5.0,8.0,13,0,8,12,-1,-1
SP1,2023-05-23,Valladolid,Barcelona,3,1,H,2,0,H,8,16,4,6,2,6,13,9,1,0,0,0,3.6,3.8,1.91,-8,-2,-4,4,1,0
SP1,2023-05-24,Espanol,Ath Madrid,3,3,D,0,2,A,26,16,13,7,16,1,6,9,2,3,0,0,2.88,3.5,2.38,10,6,15,-3,-1,0
SP1,2023-05-24,Betis,Getafe,0,1,A,0,0,D,11,9,4,2,2,5,8,12,2,5,1,0,2.0,3.2,4.2,2,2,-3,-4,-3,1
SP1,2023-05-24,Real Madrid,Vallecano,2,1,H,1,0,H,12,15,3,6,5,2,11,14,1,3,0,0,1.62,4.0,5.25,-3,-3,3,-3,-2,0
SP1,2023-05-24,Elche,Sevilla,1,1,D,1,1,D,20,9,7,3,9,5,12,10,1,4,0,1,4.0,3.75,1.91,11,4,4,2,-3,-1
SP1,2023-05-24,Villarreal,Cadiz,2,0,H,2,0,H,13,16,7,8,7,6,14,8,1,2,0,0,1.44,4.5,7.0,-3,-1,1,6,-1,0
SP1,2023-05-25,Mallorca,Valencia,1,0,H,0,0,D,4,15,3,5,2,4,15,12,4,2,0,0,3.3,3.0,2.4,-11,-2,-2,3,2,0
SP1,2023-05-25,Osasuna,Ath Bilbao,2,0,H,0,0,D,9,10,3,5,3,6,17,13,3,3,0,0,3.0,3.25,2.45,-1,-2,-3,4,0,0
SP1,2023-05-27,Sevilla,Real Madrid,1,2,A,1,1,D,11,6,1,3,1,1,23,10,2,4,1,0,2.88,3.5,2.4,5,-2,0,13,-2,1
SP1,2023-05-28,Getafe,Osasuna,2,1,H,1,1,D,16,10,6,2,1,1,11,6,3,1,0,0,2.2,3.1,3.5,6,4,0,5,2,0
SP1,2023-05-28,Vallecano,Villarreal,2,1,H,0,0,D,15,7,4,2,4,6,9,9,3,5,0,0,3.0,3.6,2.2,8,2,-2,0,-2,0
SP1,2023-05-28,Valencia,Espanol,2,2,D,1,1,D,19,9,4,5,10,3,12,12,0,4,0,0,2.0,3.75,3.4,10,-1,7,0,-4,0
SP1,2023-05-28,Cadiz,Celta,1,0,H,0,0,D,13,9,3,4,3,3,16,10,9,5,0,0,2.6,3.1,2.75,4,-1,0,6,4,0
SP1,2023-05-28,Girona,Betis,1,2,A,1,0,H,9,18,3,7,8,5,14,12,0,1,0,0,1.95,3.6,3.6,-9,-4,3,2,-1,0
SP1,2023-05-28,Ath Madrid,Sociedad,2,1,H,1,0,H,11,10,5,5,6,4,8,10,2,2,0,0,2.0,3.5,3.6,1,0,2,-2,0,0
SP1,2023-05-28,Barcelona,Mallorca,3,0,H,2,0,H,28,3,9,1,14,3,4,9,0,0,0,1,1.33,5.0,9.5,25,8,11,-5,0,-1
SP1,2023-05-28,Ath Bilbao,Elche,0,1,A,0,0,D,27,6,8,2,19,3,7,10,1,1,0,0,1.3,5.0,11.0,21,6,16,-3,0,0
SP1,2023-05-28,Almeria,Valladolid,0,0,D,0,0,D,23,8,7,2,2,4,11,16,0,4,0,0,2.25,3.4,3.1,15,5,-2,-5,-4,0
SP1,2023-06-04,Valladolid,Getafe,0,0,D,0,0,D,15,4,0,1,6,1,9,25,1,3,0,0,2.2,3.3,3.4,11,-1,5,-16,-2,0
SP1,2023-06-04,Espanol,Almeria,3,3,D,1,1,D,12,11,8,4,7,6,11,12,2,3,0,0,2.75,3.8,2.38,1,4,1,-1,-1,0
SP1,2023-06-04,Elche,Cadiz,1,1,D,0,1,A,12,14,5,3,7,4,18,8,4,3,0,0,2.63,3.4,2.63,-2,2,3,10,1,0
SP1,2023-06-04,Betis,Valencia,1,1,D,1,0,H,8,10,3,3,5,4,11,11,3,0,0,1,2.63,3.6,2.5,-2,0,1,0,3,-1
SP1,2023-06-04,Celta,Barcelona,2,1,H,1,0,H,12,9,9,2,2,4,13,9,2,2,0,0,2.6,3.8,2.5,3,7,-2,4,0,0
SP1,2023-06-04,Sociedad,Sevilla,2,1,H,1,0,H,17,9,6,4,5,2,10,13,0,1,0,0,1.73,3.9,4.6,8,2,3,-3,-1,0
SP1,2023-06-04,Real Madrid,Ath Bilbao,1,1,D,0,0,D,9,15,2,9,5,6,11,14,2,2,0,0,1.91,3.75,3.75,-6,-7,-1,-3,0,0
SP1,2023-06-04,Osasuna,Girona,2,1,H,0,0,D,14,11,7,6,5,2,12,9,1,5,0,0,2.05,3.6,3.4,3,1,3,3,-4,0
SP1,2023-06-04,Mallorca,Vallecano,3,0,H,0,0,D,8,20,4,4,2,6,14,15,0,0,0,0,3.0,3.3,2.38,-12,0,-4,-1,0,0
SP1,2023-06-04,Villarreal,Ath Madrid,2,2,D,1,1,D,22,9,7,3,12,1,9,12,3,2,0,1,2.7,3.5,2.5,13,4,11,-3,1,-1
SP1,2023-08-11,Almeria,Vallecano,0,2,A,0,2,A,19,10,5,4,8,3,16,25,1,3,0,0,2.45,3.3,2.9,9,1,5,-9,-2,0
SP1,2023-08-11,Sevilla,Valencia,1,2,A,0,0,D,9,10,3,3,8,1,15,17,3,2,1,0,1.91,3.5,4.2,-1,0,7,-2,1,1
SP1,2023-08-12,Sociedad,Girona,1,1,D,1,0,H,15,6,2,1,4,1,22,9,2,5,0,0,1.62,4.0,5.25,9,1,3,13,-3,0
SP1,2023-08-12,Las Palmas,Mallorca,1,1,D,1,0,H,5,12,2,2,3,6,11,21,3,2,0,0,2.4,3.0,3.3,-7,0,-3,-10,1,0
SP1,2023-08-12,Ath Bilbao,Real Madrid,0,2,A,0,2,A,7,14,1,8,7,5,18,6,3,1,0,0,3.3,3.5,2.15,-7,-7,2,12,2,0
SP1,2023-08-13,Villarreal,Betis,1,2,A,0,1,A,18,12,5,5,9,4,13,17,1,3,0,0,1.75,4.0,4.2,6,0,5,-4,-2,0
SP1,2023-08-13,Celta,Osasuna,0,2,A,0,1,A,11,11,1,5,7,2,11,15,1,1,0,0,2.05,3.2,3.9,0,-4,5,-4,0,0
SP1,2023-08-13,Getafe,Barcelona,0,0,D,0,0,D,5,14,2,4,3,4,20,11,8,2,1,1,6.5,3.8,1.57,-9,-2,-1,9,6,0
SP1,2023-08-14,Ath Madrid,Granada,3,1,H,1,0,H,14,7,6,4,3,3,15,9,3,1,0,0,1.3,5.5,9.5,7,2,0,6,2,0
SP1,2023-08-14,Cadiz,Alaves,1,0,H,1,0,H,12,10,3,2,2,4,19,15,3,2,1,0,2.2,3.0,3.75,2,1,-2,4,1,1
SP1,2023-08-18,Mallorca,Villarreal,0,1,A,0,0,D,8,15,1,3,6,5,12,11,2,4,0,0,2.8,3.2,2.6,-7,-2,1,1,-2,0
SP1,2023-08-18,Valencia,Las Palmas,1,0,H,0,0,D,9,7,4,1,6,4,12,6,0,0,0,0,1.57,3.9,6.0,2,3,2,6,0,0
SP1,2023-08-19,Sociedad,Celta,1,1,D,1,0,H,11,17,2,6,9,7,12,12,2,1,0,0,1.73,3.4,5.5,-6,-4,2,0,1,0
SP1,2023-08-19,Almeria,Real Madrid,1,3,A,1,1,D,20,24,8,9,4,5,10,13,1,0,0,0,8.0,4.75,1.4,-4,-1,-1,-3,1,0
SP1,2023-08-19,Osasuna,Ath Bilbao,0,2,A,0,2,A,18,8,7,2,5,3,9,14,1,5,1,1,2.9,3.0,2.63,10,5,2,-5,-4,0
SP1,2023-08-20,Girona,Getafe,3,0,H,1,0,H,7,9,6,2,3,2,11,20,2,5,0,0,2.05,3.1,4.0,-2,4,1,-9,-3,0
SP1,2023-08-20,Barcelona,Cadiz,2,0,H,0,0,D,23,10,10,1,10,2,9,22,4,3,0,0,1.2,7.0,13.0,13,9,8,-13,1,0
SP1,2023-08-20,Betis,Ath Madrid,0,0,D,0,0,D,14,5,0,1,2,7,10,8,2,1,0,0,3.8,3.4,2.0,9,-1,-5,2,1,0
SP1,2023-08-21,Alaves,Sevilla,4,3,H,2,2,D,14,12,7,2,4,4,14,13,1,2,0,0,3.3,3.1,2.35,2,5,0,1,-1,0
SP1,2023-08-21,Granada,Vallecano,0,2,A,0,0,D,14,17,7,9,5,6,14,11,2,1,1,0,2.75,3.0,2.8,-3,-2,-1,3,1,1
SP1,2023-08-25,Celta,Real Madrid,0,1,A,0,0,D,13,10,4,3,3,5,19,14,2,3,0,0,4.75,3.9,1.7,3,1,-2,5,-1,0
SP1,2023-08-25,Las Palmas,Sociedad,0,0,D,0,0,D,11,8,5,1,5,7,7,29,1,4,0,0,4.33,3.1,2.0,3,4,-2,-22,-3,0
SP1,2023-08-26,Cadiz,Almeria,1,1,D,0,0,D,11,5,3,2,7,3,16,22,0,5,1,1,2.25,3.2,3.3,6,1,4,-6,-5,0
SP1,2023-08-26,Granada,Mallorca,3,2,H,1,1,D,10,10,4,5,5,3,11,27,2,7,0,0,2.6,3.0,3.0,0,-1,2,-16,-5,0
SP1,2023-08-26,Sevilla,Girona,1,2,A,1,1,D,21,8,4,3,6,6,11,18,2,1,0,0,2.05,3.4,3.6,13,1,0,-7,1,0
SP1,2023-08-27,Villarreal,Barcelona,3,4,A,2,2,D,13,21,6,11,2,6,12,14,3,3,0,0,3.6,3.5,2.0,-8,-5,-4,-2,0,0
SP1,2023-08-27,Valencia,Osasuna,1,2,A,0,1,A,16,7,4,2,6,3,13,12,3,4,0,0,1.91,3.4,4.0,9,2,3,1,-1,0
SP1,2023-08-27,Ath Bilbao,Betis,4,2,H,3,2,H,14,7,6,3,5,3,23,11,4,2,0,0,1.85,3.5,4.2,7,3,2,12,2,0
SP1,2023-08-28,Getafe,Alaves,1,0,H,0,0,D,15,16,4,2,4,5,13,15,1,2,0,0,2.2,2.88,3.8,-1,2,-1,-2,-1,0
SP1,2023-08-28,Vallecano,Ath Madrid,0,7,A,0,3,A,12,17,3,10,8,3,19,17,4,3,0,0,4.2,3.3,1.95,-5,-7,5,2,1,0
SP1,2023-09-01,Cadiz,Villarreal,3,1,H,2,1,H,18,7,4,3,7,3,21,15,5,4,0,1,3.4,3.4,2.15,11,1,4,6,1,-1
SP1,2023-09-01,Almeria,Celta,2,3,A,0,2,A,16,14,5,8,6,5,9,9,1,1,0,0,2.8,3.4,2.5,2,-3,1,0,0,0
SP1,2023-09-02,Betis,Vallecano,1,0,H,0,0,D,14,15,5,6,2,3,22,20,3,5,0,0,1.95,3.4,4.0,-1,-1,-1,2,-2,0
SP1,2023-09-02,Alaves,Valencia,1,0,H,1,0,H,7,9,1,4,1,2,18,9,4,2,0,0,2.9,2.88,2.75,-2,-3,-1,9,2,0
SP1,2023-09-02,Real Madrid,Getafe,2,1,H,0,1,A,26,6,12,2,11,1,12,16,2,6,0,0,1.33,5.25,9.5,20,10,10,-4,-4,0
SP1,2023-09-02,Sociedad,Granada,5,3,H,2,1,H,15,8,6,5,2,5,15,14,1,5,0,0,1.44,4.5,7.0,7,1,-3,1,-4,0
SP1,2023-09-03,Girona,Las Palmas,1,0,H,0,0,D,11,10,6,5,3,5,15,10,3,3,0,0,1.67,3.8,5.25,1,1,-2,5,0,0
SP1,2023-09-03,Mallorca,Ath Bilbao,0,0,D,0,0,D,8,11,2,3,3,5,12,17,0,1,0,0,3.3,3.0,2.38,-3,-1,-2,-5,-1,0
SP1,2023-09-03,Osasuna,Barcelona,1,2,A,0,1,A,11,9,3,4,8,5,6,16,1,3,1,0,5.25,4.0,1.65,2,-1,3,-10,-2,1
SP1,2023-09-15,Vallecano,Alaves,2,0,H,1,0,H,20,9,11,1,5,3,15,14,2,3,0,0,2.0,3.25,4.0,11,10,2,1,-1,0
SP1,2023-09-16,Ath Bilbao,Cadiz,3,0,H,0,0,D,20,5,9,4,5,4,10,20,1,4,0,0,1.53,4.0,7.0,15,5,1,-10,-3,0
SP1,2023-09-16,Valencia,Ath Madrid,3,0,H,2,0,H,12,11,8,3,5,8,13,17,1,5,0,0,3.8,3.3,2.05,1,5,-3,-4,-4,0
SP1,2023-09-16,Celta,Mallorca,0,1,A,0,0,D,16,7,4,4,10,1,9,15,1,3,0,0,2.0,3.1,4.33,9,0,9,-6,-2,0
SP1,2023-09-16,Barcelona,Betis,5,0,H,2,0,H,17,11,9,2,9,5,9,10,1,2,0,0,1.36,5.25,7.5,6,7,4,-1,-1,0
SP1,2023-09-17,Real Madrid,Sociedad,2,1,H,0,1,A,17,15,8,5,4,3,11,14,3,2,0,0,1.65,4.0,5.0,2,3,1,-3,1,0
SP1,2023-09-17,Sevilla,Las Palmas,1,0,H,0,0,D,26,12,9,2,7,3,13,12,3,5,0,0,1.62,4.0,5.5,14,7,4,1,-2,0
SP1,2023-09-17,Villarreal,Almeria,2,1,H,1,1,D,10,17,4,7,7,6,16,6,2,3,0,0,1.44,4.5,7.0,-7,-3,1,10,-1,0
SP1,2023-09-17,Getafe,Osasuna,3,2,H,1,1,D,11,8,6,3,6,3,15,11,6,2,0,0,2.63,3.0,3.0,3,3,3,4,4,0
SP1,2023-09-18,Granada,Girona,2,4,A,0,3,A,12,13,5,7,4,5,13,21,3,3,0,0,2.63,3.5,2.6,-1,-2,-1,-8,0,0
SP1,2023-09-22,Alaves,Ath Bilbao,0,2,A,0,1,A,15,11,5,3,3,4,13,9,2,2,0,0,4.2,3.0,2.05,4,2,-1,4,0,0
SP1,2023-09-23,Girona,Mallorca,5,3,H,4,1,H,23,15,10,5,6,5,10,12,1,5,0,0,1.85,3.5,4.2,8,5,1,-2,-4,0
SP1,2023-09-23,Osasuna,Sevilla,0,0,D,0,0,D,16,15,2,3,7,4,11,7,2,3,0,0,2.6,3.1,2.88,1,-1,3,4,-1,0
SP1,2023-09-23,Barcelona,Celta,3,2,H,0,1,A,15,13,6,7,2,3,10,11,2,1,0,0,1.29,6.0,9.0,2,-1,-1,-1,1,0
SP1,2023-09-23,Almeria,Valencia,2,2,D,0,1,A,17,7,10,5,8,3,12,10,4,2,0,0,3.0,3.6,2.3,10,5,5,2,2,0
SP1,2023-09-24,Las Palmas,Granada,1,0,H,0,0,D,10,2,3,1,6,7,13,19,6,4,1,0,1.95,3.5,3.6,8,2,-1,-6,2,1
SP1,2023-09-24,Betis,Cadiz,1,1,D,0,1,A,21,5,7,1,11,8,10,14,2,3,0,0,1.8,3.5,4.5,16,6,3,-4,-1,0
SP1,2023-09-24,Ath Madrid,Real Madrid,3,1,H,2,1,H,10,20,4,5,6,11,13,10,1,3,0,0,2.7,3.4,2.55,-10,-1,-5,3,-2,0
SP1,2023-09-24,Sociedad,Getafe,4,3,H,1,2,A,10,10,6,7,2,1,13,24,3,2,0,0,1.53,3.8,7.0,0,-1,1,-11,1,0
SP1,2023-09-24,Vallecano,Villarreal,1,1,D,1,1,D,11,13,6,6,2,8,20,18,2,3,0,1,2.5,3.5,2.63,-2,0,-6,2,-1,-1
SP1,2023-09-26,Sevilla,Almeria,5,1,H,3,0,H,18,10,9,1,9,4,15,16,3,2,0,0,1.67,3.8,5.0,8,8,5,-1,1,0
SP1,2023-09-26,Mallorca,Barcelona,2,2,D,2,1,H,10,10,5,4,7,2,19,7,4,1,1,0,7.5,4.2,1.5,0,1,5,12,3,1
SP1,2023-09-27,Ath Bilbao,Getafe,2,2,D,1,0,H,9,13,4,5,5,4,9,19,5,6,1,0,1.62,3.6,6.5,-4,-1,1,-10,-1,1
SP1,2023-09-27,Real Madrid,Las Palmas,2,0,H,1,0,H,21,16,9,2,7,2,7,9,0,1,0,0,1.2,7.0,11.0,5,7,5,-2,-1,0
SP1,2023-09-27,Villarreal,Girona,1,2,A,0,0,D,14,17,3,5,5,6,9,11,3,2,0,0,2.25,3.5,3.1,-3,-2,-1,-2,1,0
SP1,2023-09-27,Cadiz,Vallecano,0,0,D,0,0,D,9,9,2,4,1,2,16,13,5,6,0,1,2.5,3.2,2.88,0,-2,-1,3,-1,-1
SP1,2023-09-27,Valencia,Sociedad,0,1,A,0,1,A,9,2,2,1,0,2,14,17,4,7,1,0,2.63,3.1,2.8,7,1,-2,-3,-3,1
SP1,2023-09-28,Celta,Alaves,1,1,D,1,0,H,8,21,0,11,2,8,9,11,5,3,1,0,1.7,3.6,5.25,-13,-11,-6,-2,2,1
SP1,2023-09-28,Granada,Betis,1,1,D,0,0,D,19,13,7,3,5,7,14,10,2,1,0,0,3.0,3.3,2.38,6,4,-2,4,1,0
SP1,2023-09-28,Osasuna,Ath Madrid,0,2,A,0,1,A,13,4,2,3,7,2,14,4,3,3,1,1,3.4,3.4,2.15,9,-1,5,10,0,0
SP1,2023-09-29,Barcelona,Sevilla,1,0,H,0,0,D,18,12,5,3,13,3,11,15,2,3,0,0,1.36,5.25,8.0,6,2,10,-4,-1,0
SP1,2023-09-30,Getafe,Villarreal,0,0,D,0,0,D,22,3,9,0,6,4,19,11,2,4,0,1,2.9,3.1,2.6,19,9,2,8,-2,-1
SP1,2023-09-30,Vallecano,Mallorca,2,2,D,1,1,D,19,9,5,4,5,0,12,20,2,5,0,0,2.1,3.1,4.0,10,1,5,-8,-3,0
SP1,2023-09-30,Girona,Real Madrid,0,3,A,0,2,A,13,14,3,7,1,4,13,14,2,2,0,1,3.5,4.0,1.95,-1,-4,-3,-1,0,-1
SP1,2023-09-30,Sociedad,Ath Bilbao,3,0,H,1,0,H,8,18,5,3,5,7,20,9,2,2,0,0,2.2,3.2,3.5,-10,2,-2,11,0,0
SP1,2023-10-01,Almeria,Granada,3,3,D,3,0,H,17,19,5,4,1,5,18,14,2,1,0,0,1.95,3.6,3.75,-2,1,-4,4,1,0
SP1,2023-10-01,Alaves,Osasuna,0,2,A,0,1,A,17,10,3,3,4,2,13,13,2,3,1,0,2.75,3.0,2.8,7,0,2,0,-1,1
SP1,2023-10-01,Ath Madrid,Cadiz,3,2,H,1,2,A,18,8,9,4,5,3,5,10,1,3,0,0,1.33,5.0,10.0,10,5,2,-5,-2,0
SP1,2023-10-01,Betis,Valencia,3,0,H,1,0,H,15,9,7,2,5,3,11,10,2,2,0,0,2.3,3.25,3.3,6,5,2,1,0,0
SP1,2023-10-02,Las Palmas,Celta,2,1,H,0,0,D,16,11,5,3,4,5,13,14,2,1,0,0,2.5,3.2,3.0,5,2,-1,-1,1,0
SP1,2023-10-06,Ath Bilbao,Almeria,3,0,H,1,0,H,23,4,9,1,6,2,11,7,2,0,0,0,1.36,5.0,8.0,19,8,4,4,2,0
SP1,2023-10-07,Sevilla,Vallecano,2,2,D,0,2,A,22,7,6,4,12,2,16,19,5,2,0,0,1.85,3.6,4.2,15,2,10,-3,3,0
SP1,2023-10-07,Mallorca,Valencia,1,1,D,1,1,D,9,11,5,3,3,6,17,11,2,1,0,0,2.5,3.0,3.2,-2,2,-3,6,1,0
SP1,2023-10-07,Cadiz,Girona,0,1,A,0,0,D,8,20,2,5,5,5,12,13,1,3,1,0,3.25,3.4,2.25,-12,-3,0,-1,-2,1
SP1,2023-10-07,Real Madrid,Osasuna,4,0,H,1,0,H,19,7,9,1,5,4,9,6,2,2,0,0,1.29,6.0,9.5,12,8,1,3,0,0
SP1,2023-10-08,Villarreal,Las Palmas,1,2,A,0,1,A,9,8,4,5,7,2,17,7,4,4,0,0,1.6,4.0,5.75,1,-1,5,10,0,0
SP1,2023-10-08,Ath Madrid,Sociedad,2,1,H,1,0,H,14,13,5,4,1,4,9,12,3,3,0,0,1.83,3.4,4.5,1,1,-3,-3,0,0
SP1,2023-10-08,Alaves,Betis,1,1,D,1,1,D,15,6,5,2,5,3,13,9,3,3,0,1,2.8,3.25,2.6,9,3,2,4,0,-1
SP1,2023-10-08,Celta,Getafe,2,2,D,2,2,D,26,3,11,2,13,1,14,20,1,8,0,1,2.05,3.1,4.2,23,9,12,-6,-7,-1
SP1,2023-10-08,Granada,Barcelona,2,2,D,2,1,H,7,22,2,10,1,11,12,7,4,1,0,0,6.5,5.25,1.4,-15,-8,-10,5,3,0
SP1,2023-10-20,Osasuna,Granada,2,0,H,1,0,H,12,13,6,3,1,7,19,13,3,4,0,1,1.73,3.8,4.75,-1,3,-6,6,-1,-1
SP1,2023-10-21,Getafe,Betis,1,1,D,1,1,D,14,13,4,3,4,8,17,11,5,2,0,0,2.5,3.0,3.1,1,1,-4,6,3,0
SP1,2023-10-21,Sociedad,Mallorca,1,0,H,0,0,D,14,18,6,7,2,5,14,16,3,3,0,0,1.55,3.8,7.0,-4,-1,-3,-2,0,0
SP1,2023-10-21,Sevilla,Real Madrid,1,1,D,0,0,D,17,14,7,5,4,6,13,6,5,2,0,0,4.2,3.6,1.85,3,2,-2,7,3,0
SP1,2023-10-21,Celta,Ath Madrid,0,3,A,0,1,A,16,12,3,7,7,5,10,10,3,2,1,0,3.5,3.5,2.1,4,-4,2,0,1,1
SP1,2023-10-22,Barcelona,Ath Bilbao,1,0,H,0,0,D,12,10,7,3,4,7,11,18,3,3,0,0,1.62,4.0,5.5,2,4,-3,-7,0,0
SP1,2023-10-22,Villarreal,Alaves,1,1,D,0,0,D,12,16,3,7,9,3,15,10,4,3,0,0,1.7,3.75,5.0,-4,-4,6,5,1,0
SP1,2023-10-22,Las Palmas,Vallecano,0,1,A,0,0,D,12,12,6,4,10,5,13,11,4,3,0,1,2.63,3.1,2.8,0,2,5,2,1,-1
SP1,2023-10-22,Girona,Almeria,5,2,H,3,2,H,19,9,8,5,9,6,11,14,1,2,0,0,1.45,4.5,7.0,10,3,3,-3,-1,0
SP1,2023-10-23,Valencia,Cadiz,2,0,H,2,0,H,12,5,4,4,4,6,16,16,0,3,0,1,1.75,3.6,5.0,7,0,-2,0,-3,-1
SP1,2023-10-27,Girona,Celta,1,0,H,0,0,D,12,4,2,2,10,1,15,12,3,2,0,0,1.7,4.2,4.5,8,0,9,3,1,0
SP1,2023-10-28,Cadiz,Sevilla,2,2,D,2,1,H,10,20,5,10,2,4,17,12,6,4,0,0,3.3,3.25,2.25,-10,-5,-2,5,2,0
SP1,2023-10-28,Mallorca,Getafe,0,0,D,0,0,D,15,8,4,0,8,3,10,25,0,1,0,0,2.25,3.0,3.5,7,4,5,-15,-1,0
SP1,2023-10-28,Almeria,Las Palmas,1,2,A,0,1,A,10,10,4,3,3,2,13,19,3,1,0,0,2.25,3.5,3.1,0,1,1,-6,2,0
SP1,2023-10-28,Barcelona,Real Madrid,1,2,A,1,0,H,15,13,3,4,6,3,15,15,2,1,0,0,2.55,3.6,2.6,2,-1,3,0,1,0
SP1,2023-10-29,Ath Madrid,Alaves,2,1,H,2,0,H,11,8,7,1,4,4,10,11,3,2,0,0,1.4,4.75,8.5,3,6,0,-1,1,0
SP1,2023-10-29,Ath Bilbao,Valencia,2,2,D,1,0,H,12,11,7,5,10,4,11,10,3,1,0,0,1.62,3.8,5.75,1,2,6,1,2,0
SP1,2023-10-29,Betis,Osasuna,2,1,H,1,0,H,9,7,2,1,6,3,10,25,3,4,0,0,2.05,3.5,3.6,2,1,3,-15,-1,0
SP1,2023-10-29,Vallecano,Sociedad,2,2,D,1,1,D,16,15,7,3,4,5,17,16,3,2,0,0,3.1,3.2,2.38,1,4,-1,1,1,0
SP1,2023-10-30,Granada,Villarreal,2,3,A,2,3,A,18,6,8,5,4,1,14,15,0,4,0,0,3.1,3.5,2.25,12,3,3,-1,-4,0
SP1,2023-11-03,Las Palmas,Ath Madrid,2,1,H,0,0,D,9,13,3,5,3,4,12,9,0,3,0,0,5.75,3.6,1.65,-4,-2,-1,3,-3,0
SP1,2023-11-04,Osasuna,Girona,2,4,A,1,1,D,15,11,3,4,2,7,14,10,5,3,0,0,2.9,3.4,2.4,4,-1,-5,4,2,0
SP1,2023-11-04,Betis,Mallorca,2,0,H,1,0,H,22,8,3,1,6,1,13,16,1,4,0,1,1.91,3.3,4.5,14,2,5,-3,-3,-1
SP1,2023-11-04,Celta,Sevilla,1,1,D,1,0,H,15,13,3,5,4,6,14,10,2,5,1,0,2.6,3.4,2.7,2,-2,-2,4,-3,1
SP1,2023-11-04,Sociedad,Barcelona,0,1,A,0,0,D,13,12,6,4,8,3,16,8,3,3,0,0,3.1,3.5,2.25,1,2,5,8,0,0
SP1,2023-11-05,Alaves,Almeria,1,0,H,0,0,D,23,9,3,3,12,6,13,14,2,3,0,0,1.75,3.75,4.75,14,0,6,-1,-1,0
SP1,2023-11-05,Valencia,Granada,1,0,H,1,0,H,11,6,2,1,0,4,20,15,3,5,0,0,1.65,4.0,5.0,5,1,-4,5,-2,0
SP1,2023-11-05,Villarreal,Ath Bilbao,2,3,A,0,3,A,17,17,6,7,9,3,11,18,4,4,0,0,2.8,3.6,2.4,0,-1,6,-7,0,0
SP1,2023-11-05,Real Madrid,Vallecano,0,0,D,0,0,D,22,4,5,0,11,1,12,15,3,5,0,0,1.29,5.5,12.0,18,5,10,-3,-2,0
SP1,2023-11-06,Getafe,Cadiz,1,0,H,0,0,D,13,6,3,2,6,3,18,12,7,1,1,0,1.91,3.1,4.75,7,1,3,6,6,1
SP1,2023-11-10,Ath Bilbao,Celta,4,3,H,2,2,D,21,13,12,5,7,2,15,13,2,2,0,0,1.67,3.8,5.0,8,7,5,2,0,0
SP1,2023-11-11,Osasuna,Las Palmas,1,1,D,0,0,D,11,6,3,1,8,3,25,10,1,1,0,0,1.95,3.4,4.0,5,2,5,15,0,0
SP1,2023-11-11,Granada,Getafe,1,1,D,1,1,D,12,10,6,6,3,5,14,9,4,2,0,0,2.5,3.1,3.0,2,0,-2,5,2,0
SP1,2023-11-11,Real Madrid,Valencia,5,1,H,2,0,H,16,10,7,4,4,4,7,26,1,3,0,0,1.33,5.5,8.5,6,3,0,-19,-2,0
SP1,2023-11-11,Vallecano,Girona,1,2,A,1,1,D,22,19,9,7,8,3,15,13,1,2,0,0,2.88,3.5,2.4,3,2,5,2,-1,0
SP1,2023-11-11,Almeria,Sociedad,1,3,A,0,0,D,7,18,2,6,5,5,18,19,2,2,0,0,4.75,3.8,1.73,-11,-4,0,-1,0,0
SP1,2023-11-12,Ath Madrid,Villarreal,3,1,H,1,1,D,25,11,10,7,6,3,8,8,0,2,0,0,1.36,5.5,7.5,14,3,3,0,-2,0
SP1,2023-11-12,Sevilla,Betis,1,1,D,0,0,D,13,14,4,6,9,5,18,14,1,1,0,0,2.05,3.5,3.6,-1,-2,4,4,0,0
SP1,2023-11-12,Barcelona,Alaves,2,1,H,0,1,A,11,8,6,1,2,1,11,10,2,1,0,0,1.25,6.0,11.0,3,5,1,1,1,0
SP1,2023-11-24,Alaves,Granada,3,1,H,2,0,H,8,11,5,4,6,2,10,13,1,3,0,0,1.7,3.6,5.0,-3,1,4,-3,-2,0
SP1,2023-11-25,Vallecano,Barcelona,1,1,D,1,0,H,10,15,4,4,1,4,23,13,3,4,0,0,5.25,4.0,1.65,-5,0,-3,10,-1,0
SP1,2023-11-25,Valencia,Celta,0,0,D,0,0,D,8,13,0,1,5,7,13,7,3,2,0,0,2.2,3.25,3.5,-5,-1,-2,6,1,0
SP1,2023-11-25,Getafe,Almeria,2,1,H,2,1,H,18,13,5,4,3,6,12,8,2,4,0,0,1.65,3.75,5.5,5,1,-3,4,-2,0
SP1,2023-11-25,Ath Madrid,Mallorca,1,0,H,0,0,D,20,8,3,1,7,3,8,19,0,0,0,0,1.33,5.0,9.5,12,2,4,-11,0,0
SP1,2023-11-26,Villarreal,Osasuna,3,1,H,0,0,D,10,15,3,7,2,4,9,14,0,0,0,0,2.15,3.5,3.3,-5,-4,-2,-5,0,0
SP1,2023-11-26,Sociedad,Sevilla,2,1,H,2,0,H,11,8,8,2,4,4,22,8,2,1,0,2,1.75,3.6,4.75,3,6,0,14,1,-2
SP1,2023-11-26,Cadiz,Real Madrid,0,3,A,0,1,A,13,14,4,5,4,4,16,16,3,3,0,0,6.0,4.5,1.5,-1,-1,0,0,0,0
SP1,2023-11-26,Betis,Las Palmas,1,0,H,1,0,H,12,15,6,4,7,6,7,12,1,2,0,0,1.7,3.75,5.25,-3,2,1,-5,-1,0
SP1,2023-11-27,Girona,Ath Bilbao,1,1,D,0,0,D,12,13,2,6,2,6,8,16,1,1,0,0,2.25,3.5,3.1,-1,-4,-4,-8,0,0
SP1,2023-11-29,Mallorca,Cadiz,1,1,D,1,1,D,16,6,3,3,7,0,14,18,2,3,0,0,1.95,3.2,4.33,10,0,7,-4,-1,0
SP1,2023-12-01,Las Palmas,Getafe,2,0,H,1,0,H,11,12,6,4,4,4,11,9,0,5,0,1,2.38,2.9,3.4,-1,2,0,2,-5,-1
SP1,2023-12-02,Girona,Valencia,2,1,H,0,0,D,9,9,5,3,3,2,6,7,2,3,0,0,1.7,4.0,4.75,0,2,1,-1,-1,0
SP1,2023-12-02,Ath Bilbao,Vallecano,4,0,H,1,0,H,9,11,4,3,7,2,15,11,1,2,0,0,1.57,4.2,5.75,-2,1,5,4,-1,0
SP1,2023-12-02,Real Madrid,Granada,2,0,H,1,0,H,11,1,4,0,6,0,10,12,2,1,0,0,1.17,8.0,15.0,10,4,6,-2,1,0
SP1,2023-12-02,Osasuna,Sociedad,1,1,D,1,1,D,9,17,3,5,1,8,12,10,3,3,0,0,3.4,3.25,2.2,-8,-2,-7,2,0,0
SP1,2023-12-03,Mallorca,Alaves,0,0,D,0,0,D,7,7,3,4,5,4,16,15,4,2,0,0,2.45,3.0,3.25,0,-1,1,1,2,0
SP1,2023-12-03,Almeria,Betis,0,0,D,0,0,D,20,6,8,2,4,6,12,8,0,3,0,1,3.2,3.6,2.2,14,6,-2,4,-3,-1
SP1,2023-12-03,Sevilla,Villarreal,1,1,D,0,0,D,18,5,4,4,8,4,6,16,3,2,0,0,2.0,3.6,3.6,13,0,4,-10,1,0
SP1,2023-12-03,Barcelona,Ath Madrid,1,0,H,1,0,H,13,9,2,4,7,2,17,12,5,4,0,0,2.0,3.75,3.5,4,-2,5,5,1,0
SP1,2023-12-04,Celta,Cadiz,1,1,D,0,1,A,26,2,7,1,12,1,14,18,1,6,0,1,1.57,3.8,6.5,24,6,11,-4,-5,-1
SP1,2023-12-08,Getafe,Valencia,1,0,H,0,0,D,8,3,6,0,7,0,15,14,2,4,1,2,2.6,2.9,3.1,5,6,7,1,-2,-1
SP1,2023-12-09,Alaves,Las Palmas,0,1,A,0,1,A,19,9,5,2,12,3,13,13,3,4,0,0,2.1,3.0,4.2,10,3,9,0,-1,0
SP1,2023-12-09,Betis,Real Madrid,1,1,D,0,0,D,14,12,6,2,8,6,14,7,2,1,0,0,4.2,3.8,1.8,2,4,2,7,1,0
SP1,2023-12-09,Villarreal,Sociedad,0,3,A,0,3,A,20,16,4,5,5,3,10,22,2,1,0,0,3.4,3.4,2.1,4,-1,2,-12,1,0
SP1,2023-12-09,Mallorca,Sevilla,1,0,H,1,0,H,6,19,3,5,4,12,15,6,2,2,0,0,2.75,3.1,2.75,-13,-2,-8,9,0,0
SP1,2023-12-10,Ath Madrid,Almeria,2,1,H,2,0,H,13,19,4,5,3,15,13,11,1,0,0,0,1.22,6.5,12.0,-6,-1,-12,2,1,0
SP1,2023-12-10,Cadiz,Osasuna,1,1,D,1,0,H,12,13,5,5,2,4,15,16,1,2,0,0,2.9,3.1,2.55,-1,0,-2,-1,-1,0
SP1,2023-12-10,Barcelona,Girona,2,4,A,1,2,A,31,15,11,7,8,3,7,10,1,2,0,0,1.53,5.0,5.5,16,4,5,-3,-1,0
SP1,2023-12-11,Granada,Ath Bilbao,1,1,D,0,1,A,7,19,4,4,1,8,9,11,0,2,0,0,5.0,4.0,1.67,-12,0,-7,-2,-2,0
SP1,2023-12-11,Vallecano,Celta,0,0,D,0,0,D,17,4,4,2,8,1,15,10,3,0,0,0,2.45,3.1,3.1,13,2,7,5,3,0
SP1,2023-12-15,Osasuna,Vallecano,1,0,H,0,0,D,10,9,4,3,9,1,20,13,2,3,0,0,2.2,3.2,3.5,1,1,8,7,-1,0
SP1,2023-12-16,Celta,Granada,1,0,H,1,0,H,11,7,4,2,7,1,20,18,6,2,1,0,1.67,4.0,5.0,4,2,6,2,4,1
SP1,2023-12-16,Ath Bilbao,Ath Madrid,2,0,H,0,0,D,16,7,7,3,3,7,7,10,0,1,0,0,2.45,3.3,2.9,9,4,-4,-3,-1,0
SP1,2023-12-16,Sevilla,Getafe,0,3,A,0,2,A,12,14,4,7,4,2,18,18,3,3,0,0,1.95,3.4,4.2,-2,-3,2,0,0,0
SP1,2023-12-16,Valencia,Barcelona,1,1,D,0,0,D,11,16,4,8,4,6,9,11,1,2,0,0,5.0,3.8,1.67,-5,-4,-2,-2,-1,0
SP1,2023-12-17,Almeria,Mallorca,0,0,D,0,0,D,7,20,1,2,4,4,12,9,2,1,0,0,2.7,3.2,2.7,-13,-1,0,3,1,0
SP1,2023-12-17,Sociedad,Betis,0,0,D,0,0,D,12,12,4,3,3,7,12,12,3,4,0,0,1.7,4.0,5.0,0,1,-4,0,-1,0
SP1,2023-12-17,Las Palmas,Cadiz,1,1,D,1,0,H,7,13,2,5,4,6,9,12,1,3,0,0,1.91,3.3,4.33,-6,-3,-2,-3,-2,0
SP1,2023-12-17,Real Madrid,Villarreal,4,1,H,2,0,H,22,3,9,1,11,0,14,12,2,3,0,0,1.29,6.0,9.0,19,8,11,2,-1,0
SP1,2023-12-18,Girona,Alaves,3,0,H,2,0,H,9,12,4,2,3,2,9,7,0,1,0,0,1.53,4.0,6.5,-3,2,1,2,-1,0
SP1,2023-12-19,Ath Madrid,Getafe,3,3,D,1,0,H,8,29,4,9,1,12,7,14,3,3,1,0,1.45,4.33,7.5,-21,-5,-11,-7,0,1
SP1,2023-12-19,Granada,Sevilla,0,3,A,0,2,A,12,12,3,5,6,4,10,18,2,1,0,0,2.8,3.4,2.5,0,-2,2,-8,1,0
SP1,2023-12-19,Vallecano,Valencia,0,1,A,0,0,D,7,8,1,3,8,1,16,18,1,5,0,1,2.2,3.2,3.5,-1,-2,7,-2,-4,-1
SP1,2023-12-20,Barcelona,Almeria,3,2,H,1,1,D,30,10,11,5,12,0,16,9,3,3,0,0,1.14,8.5,15.0,20,6,12,7,0,0
SP1,2023-12-20,Ath Bilbao,Las Palmas,1,0,H,0,0,D,19,5,10,1,5,2,12,11,1,3,0,0,1.36,5.0,7.0,14,9,3,1,-2,0
SP1,2023-12-20,Villarreal,Celta,3,2,H,2,0,H,12,15,8,5,4,7,16,15,2,4,0,0,2.4,3.6,2.88,-3,3,-3,1,-2,0
SP1,2023-12-21,Betis,Girona,1,1,D,0,1,A,21,12,4,4,7,6,6,9,2,2,0,0,2.8,3.5,2.38,9,0,1,-3,0,0
SP1,2023-12-21,Cadiz,Sociedad,0,0,D,0,0,D,10,8,2,1,7,5,16,15,3,1,0,0,4.75,3.1,1.75,2,1,2,1,2,0
SP1,2023-12-21,Alaves,Real Madrid,0,1,A,0,0,D,8,9,2,4,3,3,18,13,3,1,0,1,5.75,4.0,1.53,-1,-2,0,5,2,-1
SP1,2023-12-21,Mallorca,Osasuna,3,2,H,1,1,D,15,12,8,7,6,0,11,12,3,1,0,0,2.3,2.9,3.3,3,1,6,-1,2,0
SP1,2023-12-23,Ath Madrid,Sevilla,1,0,H,0,0,D,12,8,4,2,6,5,12,19,7,3,1,0,1.53,4.33,5.75,4,2,1,-7,4,1
SP1,2024-01-02,Valencia,Villarreal,3,1,H,2,0,H,11,8,8,4,4,3,12,15,2,5,0,0,2.05,3.5,3.6,3,4,1,-3,-3,0
SP1,2024-01-02,Sociedad,Alaves,1,1,D,0,0,D,16,7,6,2,6,4,9,17,4,4,1,0,1.6,3.75,6.5,9,4,2,-8,0,1
SP1,2024-01-02,Getafe,Vallecano,0,2,A,0,1,A,5,12,0,8,2,3,16,16,6,3,2,0,2.38,3.0,3.3,-7,-8,-1,0,3,2
SP1,2024-01-03,Granada,Cadiz,2,0,H,1,0,H,15,15,8,2,5,6,17,16,3,4,0,1,2.25,3.1,3.5,0,6,-1,1,-1,-1
SP1,2024-01-03,Celta,Betis,2,1,H,1,1,D,19,14,6,3,8,7,10,12,0,2,0,0,2.4,3.3,3.0,5,3,1,-2,-2,0
SP1,2024-01-03,Real Madrid,Mallorca,1,0,H,0,0,D,17,7,5,0,5,4,5,15,2,3,0,0,1.2,6.5,15.0,10,5,1,-10,-1,0
SP1,2024-01-03,Girona,Ath Madrid,4,3,H,3,2,H,17,18,9,12,7,8,8,10,0,1,0,0,2.55,3.6,2.63,-1,-3,-1,-2,-1,0
SP1,2024-01-04,Osasuna,Almeria,1,0,H,1,0,H,14,4,2,0,5,4,14,5,1,2,0,0,1.7,4.0,4.75,10,2,1,9,-1,0
SP1,2024-01-04,Sevilla,Ath Bilbao,0,2,A,0,1,A,11,15,2,6,5,4,9,19,3,1,0,0,3.0,3.3,2.38,-4,-4,1,-10,2,0
SP1,2024-01-04,Las Palmas,Barcelona,1,2,A,1,0,H,12,15,3,5,5,10,14,5,5,2,1,0,5.5,4.33,1.57,-3,-2,-5,9,3,1
SP1,2024-01-12,Sevilla,Alaves,2,3,A,0,2,A,19,16,4,8,5,4,12,13,4,3,0,0,1.91,3.4,4.2,3,-4,1,-1,1,0
SP1,2024-01-13,Betis,Granada,1,0,H,0,0,D,25,6,6,2,13,1,11,17,3,4,0,0,1.62,4.2,4.75,19,4,12,-6,-1,0
SP1,2024-01-13,Ath Bilbao,Sociedad,2,1,H,2,0,H,10,9,3,1,5,5,16,21,1,4,0,0,2.0,3.4,3.8,1,2,0,-5,-3,0
SP1,2024-01-13,Las Palmas,Villarreal,3,0,H,1,0,H,8,17,3,3,4,6,13,11,4,3,0,0,2.5,3.3,2.8,-9,0,-2,2,1,0
SP1,2024-01-13,Mallorca,Celta,1,1,D,1,1,D,17,6,6,2,10,1,18,18,4,1,0,0,2.5,3.1,3.0,11,4,9,0,3,0
SP1,2024-01-14,Almeria,Girona,0,0,D,0,0,D,20,5,3,1,4,3,13,8,4,4,0,1,4.5,4.0,1.7,15,2,1,5,0,-1
SP1,2024-01-14,Cadiz,Valencia,1,4,A,1,1,D,10,9,2,5,3,1,15,15,4,2,0,0,2.88,3.0,2.7,1,-3,2,0,2,0
SP1,2024-01-19,Alaves,Cadiz,1,0,H,0,0,D,13,9,3,1,4,4,15,18,0,4,0,0,1.7,3.5,5.75,4,2,0,-3,-4,0
SP1,2024-01-20,Vallecano,Las Palmas,0,2,A,0,1,A,16,10,3,5,12,0,19,8,3,1,1,0,1.85,3.3,4.5,6,-2,12,11,2,1
SP1,2024-01-20,Villarreal,Mallorca,1,1,D,1,0,H,18,8,5,2,4,6,13,11,2,2,1,0,2.05,3.5,3.6,10,3,-2,2,0,1
SP1,2024-01-20,Valencia,Ath Bilbao,1,0,H,0,0,D,6,6,1,3,4,2,11,14,0,3,0,0,3.3,3.3,2.25,0,-2,2,-3,-3,0
SP1,2024-01-20,Celta,Sociedad,0,1,A,0,1,A,6,6,2,2,6,3,12,18,1,2,0,0,3.25,3.0,2.4,0,0,3,-6,-1,0
SP1,2024-01-21,Real Madrid,Almeria,3,2,H,0,2,A,18,10,6,2,6,3,9,17,3,5,0,0,1.13,10.0,17.0,8,4,3,-8,-2,0
SP1,2024-01-21,Osasuna,Getafe,3,2,H,2,0,H,13,10,7,7,1,4,14,16,4,4,0,0,2.15,3.0,4.0,3,0,-3,-2,0,0
SP1,2024-01-21,Betis,Barcelona,2,4,A,0,1,A,14,11,5,4,3,4,12,9,1,2,0,0,4.33,3.8,1.8,3,1,-1,3,-1,0
SP1,2024-01-21,Girona,Sevilla,5,1,H,3,1,H,12,9,8,3,4,5,9,11,0,2,0,0,1.73,4.0,4.5,3,5,-1,-2,-2,0
SP1,2024-01-22,Granada,Ath Madrid,0,1,A,0,0,D,17,10,2,5,6,2,11,16,2,2,1,0,4.75,3.8,1.7,7,-3,4,-5,0,1
SP1,2024-01-26,Almeria,Alaves,0,3,A,0,1,A,19,11,7,3,11,3,17,12,1,2,0,0,2.6,3.2,2.8,8,4,8,5,-1,0
SP1,2024-01-27,Barcelona,Villarreal,3,5,A,0,1,A,22,9,10,6,10,0,8,13,3,4,0,0,1.36,5.5,8.0,13,4,10,-5,-1,0
SP1,2024-01-27,Mallorca,Betis,0,1,A,0,1,A,14,8,1,2,5,4,14,6,2,1,0,0,2.3,3.2,3.2,6,-1,1,8,1,0
SP1,2024-01-27,Sociedad,Vallecano,0,0,D,0,0,D,6,5,3,0,2,2,16,14,2,4,0,0,1.67,3.75,5.5,1,3,0,2,-2,0
SP1,2024-01-27,Las Palmas,Real Madrid,1,2,A,0,0,D,7,13,2,5,1,6,17,14,3,3,0,0,6.5,4.75,1.45,-6,-3,-5,3,0,0
SP1,2024-01-28,Sevilla,Osasuna,1,1,D,1,0,H,10,11,5,4,2,4,19,13,3,0,1,0,2.0,3.4,3.75,-1,1,-2,6,3,1
SP1,2024-01-28,Ath Madrid,Valencia,2,0,H,1,0,H,12,10,8,3,3,6,9,9,2,0,0,0,1.45,4.33,7.0,2,5,-3,0,2,0
SP1,2024-01-28,Celta,Girona,0,1,A,0,1,A,10,15,5,6,5,7,13,11,1,1,0,0,2.8,3.4,2.5,-5,-1,-2,2,0,0
SP1,2024-01-28,Cadiz,Ath Bilbao,0,0,D,0,0,D,9,8,2,0,6,8,13,14,4,2,0,0,5.5,3.4,1.73,1,2,-2,-1,2,0
SP1,2024-01-29,Getafe,Granada,2,0,H,2,0,H,7,16,4,3,4,3,17,11,2,1,0,0,1.8,3.4,4.75,-9,1,1,6,1,0
SP1,2024-01-31,Ath Madrid,Vallecano,2,1,H,1,1,D,8,10,3,2,5,6,11,13,0,3,0,0,1.5,4.2,6.5,-2,1,-1,-2,-3,0
SP1,2024-01-31,Barcelona,Osasuna,1,0,H,0,0,D,16,9,4,1,6,6,9,12,1,2,0,1,1.33,5.0,10.0,7,3,0,-3,-1,-1
SP1,2024-02-01,Getafe,Real Madrid,0,2,A,0,1,A,10,16,2,9,2,6,16,5,1,2,0,0,6.0,4.2,1.55,-6,-7,-4,11,-1,0
SP1,2024-02-02,Ath Bilbao,Mallorca,4,0,H,2,0,H,13,6,6,2,6,2,17,15,0,1,0,0,1.53,3.9,7.0,7,4,4,2,-1,0
SP1,2024-02-03,Valencia,Almeria,2,1,H,2,0,H,7,15,2,5,0,6,17,16,4,5,0,0,1.65,3.75,5.5,-8,-3,-6,1,-1,0
SP1,2024-02-03,Granada,Las Palmas,1,1,D,1,0,H,3,16,1,6,2,9,6,16,4,3,1,1,2.3,3.2,3.3,-13,-5,-7,-10,1,0
SP1,2024-02-03,Alaves,Barcelona,1,3,A,0,1,A,13,8,2,5,14,5,15,10,2,2,0,1,4.33,3.6,1.85,5,-3,9,5,0,-1
SP1,2024-02-03,Girona,Sociedad,0,0,D,0,0,D,11,11,3,2,3,4,8,19,2,3,0,0,2.1,3.4,3.5,0,1,-1,-11,-1,0
SP1,2024-02-04,Real Madrid,Ath Madrid,1,1,D,1,0,H,17,10,4,5,2,8,6,15,0,5,0,0,1.73,4.0,4.5,7,-1,-6,-9,-5,0
SP1,2024-02-04,Villarreal,Cadiz,0,0,D,0,0,D,19,8,4,2,13,2,14,14,3,1,0,0,1.62,4.0,5.5,11,2,11,0,2,0
SP1,2024-02-04,Osasuna,Celta,0,3,A,0,2,A,18,6,1,5,9,1,10,10,2,0,0,0,2.38,3.1,3.3,12,-4,8,0,2,0
SP1,2024-02-04,Betis,Getafe,1,1,D,1,1,D,9,11,3,2,3,5,9,19,7,4,0,0,1.91,3.4,4.2,-2,1,-2,-10,3,0
SP1,2024-02-05,Vallecano,Sevilla,1,2,A,1,2,A,22,10,5,6,6,0,8,10,2,2,0,0,2.15,3.3,3.5,12,-1,6,-2,0,0
SP1,2024-02-09,Cadiz,Betis,0,2,A,0,1,A,14,13,5,5,5,3,12,10,1,1,0,0,3.0,3.0,2.6,1,0,2,2,0,0
SP1,2024-02-10,Alaves,Villarreal,1,1,D,1,1,D,17,12,4,4,10,9,7,11,0,2,0,0,2.2,3.4,3.3,5,0,1,-4,-2,0
SP1,2024-02-10,Sociedad,Osasuna,0,1,A,0,0,D,21,9,3,2,7,4,11,11,0,0,0,0,1.85,3.2,5.0,12,1,3,0,0,0
SP1,2024-02-10,Real Madrid,Girona,4,0,H,2,0,H,16,5,6,0,0,2,9,12,1,2,0,0,1.45,5.0,6.0,11,6,-2,-3,-1,0
SP1,2024-02-10,Las Palmas,Valencia,2,0,H,0,0,D,8,7,3,1,5,0,9,9,2,0,0,0,2.75,3.0,2.9,1,2,5,0,2,0
SP1,2024-02-11,Getafe,Celta,3,2,H,2,0,H,11,9,4,4,0,4,16,13,1,2,0,0,2.2,3.1,3.6,2,0,-4,3,-1,0
SP1,2024-02-11,Mallorca,Vallecano,2,1,H,0,0,D,8,11,5,4,5,1,17,11,4,0,0,0,2.3,3.0,3.4,-3,1,4,6,4,0
SP1,2024-02-11,Sevilla,Ath Madrid,1,0,H,1,0,H,10,16,6,5,2,7,8,5,2,1,0,0,3.5,3.5,2.05,-6,1,-5,3,1,0
SP1,2024-02-11,Barcelona,Granada,3,3,D,1,1,D,11,11,6,5,6,2,13,9,1,2,0,0,1.22,7.5,10.0,0,1,4,4,-1,0
SP1,2024-02-12,Almeria,Ath Bilbao,0,0,D,0,0,D,10,12,4,4,4,10,17,15,4,1,1,0,4.33,4.0,1.73,-2,0,-6,2,3,1
SP1,2024-02-16,Villarreal,Getafe,1,1,D,0,1,A,20,11,7,2,8,3,13,13,0,1,0,0,1.95,3.5,3.8,9,5,5,0,-1,0
SP1,2024-02-17,Valencia,Sevilla,0,0,D,0,0,D,14,1,4,1,7,2,5,8,0,1,0,0,2.25,3.3,3.3,13,3,5,-3,-1,0
SP1,2024-02-17,Celta,Barcelona,1,2,A,0,1,A,13,14,4,4,2,5,11,13,2,4,0,0,3.8,3.8,1.85,-1,0,-3,-2,-2,0
SP1,2024-02-17,Ath Madrid,Las Palmas,5,0,H,2,0,H,13,11,7,2,3,5,19,9,2,2,0,0,1.5,4.75,6.5,2,5,-2,10,0,0
SP1,2024-02-17,Osasuna,Cadiz,2,0,H,0,0,D,11,5,4,1,5,4,20,12,4,2,0,0,1.75,3.3,5.5,6,3,1,8,2,0
SP1,2024-02-18,Vallecano,Real Madrid,1,1,D,1,1,D,8,11,3,4,4,10,17,7,4,3,0,1,6.0,3.75,1.62,-3,-1,-6,10,1,-1
SP1,2024-02-18,Granada,Almeria,1,1,D,0,1,A,19,13,7,3,10,4,13,22,2,3,0,0,2.1,3.5,3.4,6,4,6,-9,-1,0
SP1,2024-02-18,Mallorca,Sociedad,1,2,A,1,1,D,4,19,1,5,3,9,12,18,7,5,1,0,3.4,2.8,2.5,-15,-4,-6,-6,2,1
SP1,2024-02-18,Betis,Alaves,0,0,D,0,0,D,13,13,2,4,6,8,13,9,5,2,0,0,2.1,3.3,3.75,0,-2,-2,4,3,0
SP1,2024-02-19,Ath Bilbao,Girona,3,2,H,1,0,H,14,12,7,6,3,4,16,13,1,2,0,0,1.91,3.6,4.0,2,1,-1,3,-1,0
SP1,2024-02-23,Sociedad,Villarreal,1,3,A,0,1,A,21,6,8,4,13,2,15,14,3,4,0,0,1.73,3.6,5.0,15,4,11,1,-1,0
SP1,2024-02-24,Alaves,Mallorca,1,1,D,0,0,D,9,15,1,8,3,3,7,15,0,2,0,0,1.91,3.0,5.0,-6,-7,0,-8,-2,0
SP1,2024-02-24,Barcelona,Getafe,4,0,H,1,0,H,17,10,9,4,5,8,12,18,1,4,0,0,1.4,5.0,7.0,7,5,-3,-6,-3,0
SP1,2024-02-24,Almeria,Ath Madrid,2,2,D,1,1,D,9,18,4,9,2,7,13,12,1,1,0,0,4.75,4.0,1.7,-9,-5,-5,1,0,0
SP1,2024-02-25,Cadiz,Celta,2,2,D,0,1,A,19,7,6,3,9,1,13,20,2,3,0,0,3.1,3.0,2.5,12,3,8,-7,-1,0
SP1,2024-02-25,Betis,Ath Bilbao,3,1,H,2,1,H,13,3,5,1,5,3,14,12,1,6,0,1,3.6,3.1,2.2,10,4,2,2,-5,-1
SP1,2024-02-25,Las Palmas,Osasuna,1,1,D,0,0,D,9,6,3,2,6,7,6,15,2,1,0,0,2.38,2.9,3.5,3,1,-1,-9,1,0
SP1,2024-02-25,Real Madrid,Sevilla,1,0,H,0,0,D,16,4,6,1,7,2,10,13,1,3,0,0,1.29,6.0,9.0,12,5,5,-3,-2,0
SP1,2024-02-26,Girona,Vallecano,3,0,H,0,0,D,14,7,8,1,2,2,13,16,3,5,0,1,1.65,4.2,4.75,7,7,0,-3,-2,-1
SP1,2024-03-01,Celta,Almeria,1,0,H,0,0,D,15,3,6,0,7,0,8,14,1,2,0,1,1.85,3.6,4.2,12,6,7,-6,-1,-1
SP1,2024-03-02,Getafe,Las Palmas,3,3,D,3,1,H,16,14,5,5,4,4,28,9,4,1,0,0,2.0,3.1,4.33,2,0,0,19,3,0
SP1,2024-03-02,Valencia,Real Madrid,2,2,D,2,1,H,12,10,5,5,2,2,18,11,2,3,0,1,5.25,3.8,1.67,2,0,0,7,-1,-1
SP1,2024-03-02,Sevilla,Sociedad,3,2,H,2,1,H,12,13,5,4,2,5,12,15,1,2,0,0,2.6,3.0,3.0,-1,1,-3,-3,-1,0
SP1,2024-03-02,Vallecano,Cadiz,1,1,D,0,0,D,9,16,5,5,4,9,14,17,1,1,0,0,1.8,3.3,5.25,-7,0,-5,-3,0,0
SP1,2024-03-03,Ath Bilbao,Barcelona,0,0,D,0,0,D,8,8,2,2,4,4,14,11,3,3,0,0,2.88,3.5,2.4,0,0,0,3,0,0
SP1,2024-03-03,Mallorca,Girona,1,0,H,1,0,H,16,15,2,4,8,5,19,9,5,0,0,0,3.25,3.2,2.3,1,-2,3,10,5,0
SP1,2024-03-03,Villarreal,Granada,5,1,H,3,0,H,16,9,10,3,6,4,12,15,1,2,0,0,1.65,4.0,5.0,7,7,2,-3,-1,0
SP1,2024-03-03,Ath Madrid,Betis,2,1,H,2,0,H,17,12,12,6,4,6,9,12,1,2,0,0,1.57,4.2,5.75,5,6,-2,-3,-1,0
SP1,2024-03-04,Osasuna,Alaves,1,0,H,0,0,D,15,10,4,4,5,5,15,11,2,1,0,0,2.38,3.1,3.25,5,0,0,4,1,0
SP1,2024-03-08,Barcelona,Mallorca,1,0,H,0,0,D,20,9,6,3,4,1,9,14,1,1,0,0,1.44,4.75,6.5,11,3,3,-5,0,0
SP1,2024-03-09,Valencia,Getafe,1,0,H,1,0,H,10,15,3,5,5,5,10,19,2,3,0,0,2.0,3.2,4.2,-5,-2,0,-9,-1,0
SP1,2024-03-09,Cadiz,Ath Madrid,2,0,H,1,0,H,7,8,3,4,3,1,20,15,4,5,0,0,4.75,3.6,1.73,-1,-1,2,5,-1,0
SP1,2024-03-09,Granada,Sociedad,2,3,A,2,1,H,13,11,6,8,4,6,17,11,1,2,0,0,4.5,3.3,1.85,2,-2,-2,6,-1,0
SP1,2024-03-09,Girona,Osasuna,2,0,H,1,0,H,11,7,6,1,5,7,10,16,3,3,0,0,1.62,4.2,5.25,4,5,-2,-6,0,0
SP1,2024-03-10,Betis,Villarreal,2,3,A,2,1,H,13,6,4,4,11,4,12,17,3,4,1,1,2.05,3.5,3.4,7,0,7,-5,-1,0
SP1,2024-03-10,Real Madrid,Celta,4,0,H,1,0,H,24,11,13,1,12,1,8,13,2,3,0,0,1.3,6.0,8.0,13,12,11,-5,-1,0
SP1,2024-03-10,Alaves,Vallecano,1,0,H,1,0,H,12,9,4,3,7,5,13,10,2,2,0,0,2.15,3.1,3.75,3,1,2,3,0,0
SP1,2024-03-10,Las Palmas,Ath Bilbao,0,2,A,0,1,A,14,7,2,2,10,3,8,14,3,3,0,0,4.0,3.3,2.0,7,0,7,-6,0,0
SP1,2024-03-11,Almeria,Sevilla,2,2,D,1,0,H,14,19,4,6,1,8,6,11,2,2,0,0,3.1,3.3,2.38,-5,-2,-7,-5,0,0
SP1,2024-03-15,Sociedad,Cadiz,2,0,H,1,0,H,14,13,6,2,8,2,15,6,3,1,0,0,1.5,4.0,8.5,1,4,6,9,2,0
SP1,2024-03-16,Mallorca,Granada,1,0,H,0,0,D,18,8,8,3,10,2,17,9,2,0,0,0,1.83,3.3,5.0,10,5,8,8,2,0
SP1,2024-03-16,Osasuna,Real Madrid,2,4,A,1,2,A,9,17,4,9,5,7,18,9,3,2,0,0,5.75,4.2,1.55,-8,-5,-2,9,1,0
SP1,2024-03-16,Getafe,Girona,1,0,H,1,0,H,11,13,3,3,2,5,16,13,4,4,0,0,3.1,3.5,2.25,-2,0,-3,3,0,0
SP1,2024-03-16,Ath Bilbao,Alaves,2,0,H,2,0,H,16,7,4,3,5,4,7,13,1,3,0,0,1.55,3.75,7.0,9,1,1,-6,-2,0
SP1,2024-03-17,Ath Madrid,Barcelona,0,3,A,0,1,A,12,9,3,5,7,3,15,9,3,1,1,0,2.38,3.6,2.8,3,-2,4,6,2,1
SP1,2024-03-17,Vallecano,Betis,2,0,H,1,0,H,8,11,4,1,4,8,22,16,4,4,0,0,2.5,3.25,3.0,-3,3,-4,6,0,0
SP1,2024-03-17,Villarreal,Valencia,1,0,H,0,0,D,13,14,7,7,6,2,12,12,5,1,0,0,2.05,3.5,3.6,-1,0,4,0,4,0
SP1,2024-03-17,Las Palmas,Almeria,0,1,A,0,1,A,21,3,6,2,11,3,8,17,2,2,0,0,1.95,3.5,4.0,18,4,8,-9,0,0
SP1,2024-03-17,Sevilla,Celta,1,2,A,1,0,H,11,18,4,5,3,8,13,6,4,0,0,0,2.0,3.4,3.75,-7,-1,-5,7,4,0
SP1,2024-03-29,Cadiz,Granada,1,0,H,0,0,D,13,10,5,2,5,2,17,14,2,4,0,0,2.0,3.3,4.2,3,3,3,3,-2,0
SP1,2024-03-30,Getafe,Sevilla,0,1,A,0,1,A,18,10,5,3,7,3,11,15,4,5,0,0,2.55,3.1,3.0,8,2,4,-4,-1,0
SP1,2024-03-30,Almeria,Osasuna,0,3,A,0,2,A,12,6,5,4,6,1,12,14,3,2,0,0,2.63,3.2,2.8,6,1,5,-2,1,0
SP1,2024-03-30,Valencia,Mallorca,0,0,D,0,0,D,14,11,5,3,3,3,8,11,0,2,0,0,2.05,3.0,4.2,3,2,0,-3,-2,0
SP1,2024-03-30,Barcelona,Las Palmas,1,0,H,0,0,D,14,8,2,0,6,1,11,9,5,1,0,1,1.25,6.5,10.0,6,2,5,2,4,-1
SP1,2024-03-31,Real Madrid,Ath Bilbao,2,0,H,1,0,H,9,7,4,3,4,7,9,13,2,1,0,0,1.53,4.33,6.0,2,1,-3,-4,1,0
SP1,2024-03-31,Alaves,Sociedad,0,1,A,0,0,D,3,12,0,3,3,8,10,15,2,2,0,0,3.5,2.9,2.38,-9,-3,-5,-5,0,0
SP1,2024-03-31,Celta,Vallecano,0,0,D,0,0,D,13,8,0,2,3,2,12,16,3,3,0,0,1.95,3.3,4.0,5,-2,1,-4,0,0
SP1,2024-03-31,Girona,Betis,3,2,H,1,1,D,9,7,5,4,5,4,13,14,3,4,0,0,1.75,3.8,4.75,2,1,1,-1,-1,0
SP1,2024-04-01,Villarreal,Ath Madrid,1,2,A,0,1,A,11,14,2,8,3,3,14,22,3,3,0,0,2.9,3.75,2.25,-3,-6,0,-8,0,0
SP1,2024-04-04,Granada,Valencia,0,1,A,0,0,D,13,6,3,2,5,4,20,15,3,1,0,0,3.4,3.1,2.3,7,1,1,5,2,0
SP1,2024-04-12,Betis,Celta,2,1,H,0,0,D,15,12,3,5,6,5,7,10,1,0,0,0,2.1,3.4,3.5,3,-2,1,-3,1,0
SP1,2024-04-13,Cadiz,Barcelona,0,1,A,0,1,A,14,12,3,2,8,4,17,15,3,3,0,0,4.33,3.6,1.83,2,1,4,2,0,0
SP1,2024-04-13,Ath Madrid,Girona,3,1,H,2,1,H,17,12,4,5,2,0,18,12,3,2,0,0,1.91,3.6,3.8,5,-1,2,6,1,0
SP1,2024-04-13,Vallecano,Getafe,0,0,D,0,0,D,11,7,2,0,3,0,17,19,4,6,0,0,2.2,3.0,3.7,4,2,3,-2,-2,0
SP1,2024-04-13,Mallorca,Real Madrid,0,1,A,0,0,D,6,16,2,9,4,2,18,7,2,1,0,0,5.0,3.6,1.75,-10,-7,2,11,1,0
SP1,2024-04-14,Granada,Alaves,2,0,H,2,0,H,9,8,3,3,1,5,16,11,3,2,0,0,3.0,3.0,2.55,1,0,-4,5,1,0
SP1,2024-04-14,Ath Bilbao,Villarreal,1,1,D,0,0,D,13,10,6,2,3,1,13,12,3,3,0,1,1.75,4.0,4.33,3,4,2,1,0,-1
SP1,2024-04-14,Las Palmas,Sevilla,0,2,A,0,1,A,5,10,2,3,6,2,8,13,3,3,1,0,2.7,3.2,2.7,-5,-1,4,-5,0,1
SP1,2024-04-14,Sociedad,Almeria,2,2,D,1,1,D,17,7,4,3,5,1,16,8,2,2,1,0,1.33,5.0,10.0,10,1,4,8,0,1
SP1,2024-04-15,Osasuna,Valencia,0,1,A,0,1,A,13,4,2,3,4,1,10,10,0,2,0,0,2.2,3.1,3.75,9,-1,3,0,-2,0
SP1,2024-04-19,Ath Bilbao,Granada,1,1,D,1,1,D,17,5,6,0,11,4,11,15,4,2,0,0,1.25,6.0,11.0,12,6,7,-4,2,0
SP1,2024-04-20,Girona,Cadiz,4,1,H,2,0,H,10,12,5,5,2,4,11,14,1,2,0,0,1.4,4.75,8.0,-2,0,-2,-3,-1,0
SP1,2024-04-20,Valencia,Betis,1,2,A,0,1,A,8,12,5,6,7,6,18,10,2,3,0,0,2.2,3.2,3.5,-4,-1,1,8,-1,0
SP1,2024-04-20,Celta,Las Palmas,4,1,H,2,1,H,21,9,13,4,8,4,10,9,1,0,0,0,1.73,3.75,5.0,12,9,4,1,1,0
SP1,2024-04-20,Vallecano,Osasuna,2,1,H,0,1,A,17,6,6,2,5,1,9,15,4,1,0,0,2.2,3.1,3.6,11,4,4,-6,3,0
SP1,2024-04-21,Getafe,Sociedad,1,1,D,1,1,D,6,7,4,3,0,4,12,18,0,2,0,0,3.8,3.1,2.15,-1,1,-4,-6,-2,0
SP1,2024-04-21,Almeria,Villarreal,1,2,A,1,1,D,24,11,5,3,5,2,10,16,3,4,1,0,3.4,3.8,2.05,13,2,3,-6,-1,1
SP1,2024-04-21,Alaves,Ath Madrid,2,0,H,1,0,H,8,15,3,4,1,11,20,12,5,3,0,0,4.0,3.5,1.95,-7,-1,-10,8,2,0
SP1,2024-04-21,Real Madrid,Barcelona,3,2,H,1,1,D,14,14,8,6,2,8,11,12,3,2,0,0,1.85,3.8,4.0,0,2,-6,-1,1,0
SP1,2024-04-22,Sevilla,Mallorca,2,1,H,0,0,D,11,8,4,6,4,4,10,8,0,2,0,0,1.95,3.1,4.5,3,-2,0,2,-2,0
SP1,2024-04-26,Sociedad,Real Madrid,0,1,A,0,1,A,9,5,3,3,11,3,13,11,3,4,0,0,2.45,3.25,2.9,4,0,8,2,-1,0
SP1,2024-04-27,Las Palmas,Girona,0,2,A,0,1,A,10,6,5,3,4,2,12,10,1,3,0,0,4.5,3.8,1.75,4,2,2,2,-2,0
SP1,2024-04-27,Almeria,Getafe,1,3,A,1,1,D,21,8,11,5,9,2,15,31,5,4,1,0,2.7,3.4,2.63,13,6,7,-16,1,1
SP1,2024-04-27,Alaves,Celta,3,0,H,0,0,D,16,4,8,0,8,3,10,9,3,3,0,0,2.75,3.1,2.7,12,8,5,1,0,0
SP1,2024-04-27,Ath Madrid,Ath Bilbao,3,1,H,1,1,D,8,7,3,1,3,5,16,15,3,2,0,0,1.95,3.5,4.0,1,2,-2,1,1,0
SP1,2024-04-28,Betis,Sevilla,1,1,D,1,0,H,15,10,5,1,4,6,9,20,3,5,0,0,2.05,3.4,3.6,5,4,-2,-11,-2,0
SP1,2024-04-28,Villarreal,Vallecano,3,0,H,1,0,H,15,20,7,4,3,6,15,8,2,1,0,0,1.65,4.0,5.0,-5,3,-3,7,1,0
SP1,2024-04-28,Cadiz,Mallorca,1,1,D,0,1,A,10,9,2,2,3,1,14,21,3,2,0,0,2.5,2.9,3.2,1,0,2,-7,1,0
SP1,2024-04-28,Granada,Osasuna,3,0,H,1,0,H,12,11,4,2,0,6,17,5,4,0,0,0,2.55,3.1,3.0,1,2,-6,12,4,0
SP1,2024-04-29,Barcelona,Valencia,4,2,H,1,2,A,27,5,13,3,15,1,12,5,1,0,0,1,1.36,5.0,7.5,22,10,14,7,1,-1
SP1,2024-05-03,Getafe,Ath Bilbao,0,2,A,0,1,A,34,7,9,2,10,6,6,9,0,2,0,2,4.0,3.2,2.05,27,7,4,-3,-2,-2
SP1,2024-05-04,Sociedad,Las Palmas,2,0,H,2,0,H,9,7,4,1,7,2,12,11,2,1,0,0,1.33,5.0,10.0,2,3,5,1,1,0
SP1,2024-05-04,Real Madrid,Cadiz,3,0,H,0,0,D,19,7,9,2,7,4,6,12,0,1,0,0,1.33,5.25,8.5,12,7,3,-6,-1,0
SP1,2024-05-04,Girona,Barcelona,4,2,H,1,2,A,9,16,7,7,5,4,11,8,0,3,0,0,2.7,3.75,2.4,-7,0,1,3,-3,0
SP1,2024-05-04,Mallorca,Ath Madrid,0,1,A,0,1,A,7,9,4,4,6,2,12,7,2,0,0,0,3.75,3.2,2.15,-2,0,4,5,2,0
SP1,2024-05-05,Vallecano,Almeria,0,1,A,0,1,A,27,7,10,2,9,2,17,15,3,2,0,0,1.57,4.0,5.75,20,8,7,2,1,0
SP1,2024-05-05,Sevilla,Granada,3,0,H,1,0,H,11,8,5,3,5,4,15,13,2,2,0,0,1.65,4.0,5.25,3,2,1,2,0,0
SP1,2024-05-05,Osasuna,Betis,0,2,A,0,2,A,12,10,2,4,8,5,13,13,2,2,1,0,3.2,3.25,2.38,2,-2,3,0,0,1
SP1,2024-05-05,Celta,Villarreal,3,2,H,2,1,H,23,11,7,3,2,1,11,5,4,0,0,1,2.3,3.6,2.88,12,4,1,6,4,-1
SP1,2024-05-05,Valencia,Alaves,0,1,A,0,0,D,13,14,1,4,5,7,9,17,1,3,0,0,2.1,3.0,4.0,-1,-3,-2,-8,-2,0
SP1,2024-05-10,Alaves,Girona,2,2,D,1,2,A,14,15,8,5,5,3,13,6,3,2,0,0,3.5,3.6,2.05,-1,3,2,7,1,0
SP1,2024-05-11,Mallorca,Las Palmas,1,0,H,1,0,H,7,7,2,1,2,2,18,10,6,2,0,0,1.65,3.5,6.5,0,1,0,8,4,0
SP1,2024-05-11,Villarreal,Sevilla,3,2,H,1,2,A,25,8,7,4,10,1,12,14,3,5,0,0,1.83,4.0,3.8,17,3,9,-2,-2,0
SP1,2024-05-11,Granada,Real Madrid,0,4,A,0,2,A,12,13,1,7,8,5,11,10,2,0,0,0,5.5,4.6,1.53,-1,-6,3,1,2,0
SP1,2024-05-11,Ath Bilbao,Osasuna,2,2,D,0,1,A,15,13,6,3,8,6,9,14,2,4,0,0,1.44,4.33,7.5,2,3,2,-5,-2,0
SP1,2024-05-12,Betis,Almeria,3,2,H,2,1,H,14,14,7,7,3,5,9,10,0,2,0,0,1.33,5.5,8.5,0,0,-2,-1,-2,0
SP1,2024-05-12,Valencia,Vallecano,0,0,D,0,0,D,13,12,5,1,6,3,14,21,1,2,0,0,2.25,3.1,3.5,1,4,3,-7,-1,0
SP1,2024-05-12,Cadiz,Getafe,1,0,H,1,0,H,13,10,6,4,6,2,23,16,5,2,0,0,2.1,3.2,3.8,3,2,4,7,3,0
SP1,2024-05-12,Ath Madrid,Celta,1,0,H,0,0,D,21,6,8,2,4,7,7,9,1,1,0,0,1.42,4.75,7.0,15,6,-3,-2,0,0
SP1,2024-05-13,Barcelona,Sociedad,2,0,H,1,0,H,14,10,5,3,6,2,12,14,2,3,0,0,1.8,3.6,4.5,4,2,4,-2,-1,0
SP1,2024-05-14,Osasuna,Mallorca,1,1,D,1,0,H,10,10,4,4,2,4,12,11,0,1,0,0,2.8,2.9,2.88,0,0,-2,1,-1,0
SP1,2024-05-14,Real Madrid,Alaves,5,0,H,3,0,H,22,18,11,10,4,1,6,12,1,1,0,0,1.22,7.5,11.0,4,1,3,-6,0,0
SP1,2024-05-14,Girona,Villarreal,0,1,A,0,0,D,22,11,5,3,5,1,3,14,1,5,0,1,1.7,4.5,4.2,11,2,4,-11,-4,-1
SP1,2024-05-15,Getafe,Ath Madrid,0,3,A,0,2,A,8,7,3,3,6,3,17,7,4,3,0,0,4.75,3.4,1.83,1,0,3,10,1,0
SP1,2024-05-15,Sevilla,Cadiz,0,1,A,0,0,D,14,19,3,7,1,9,13,11,6,2,0,0,1.9,3.6,4.0,-5,-4,-8,2,4,0
SP1,2024-05-15,Vallecano,Granada,2,1,H,1,0,H,18,10,9,1,6,6,12,17,4,3,1,0,1.65,3.8,5.5,8,8,0,-5,1,1
SP1,2024-05-15,Celta,Ath Bilbao,2,1,H,0,1,A,10,7,4,2,2,3,15,14,2,0,0,0,2.63,3.3,2.7,3,2,-1,1,2,0
SP1,2024-05-16,Sociedad,Valencia,1,0,H,1,0,H,10,7,5,3,3,3,11,13,0,2,0,0,1.6,3.9,5.75,3,2,0,-2,-2,0
SP1,2024-05-16,Almeria,Barcelona,0,2,A,0,1,A,12,16,3,7,4,7,9,11,0,1,0,0,6.5,5.0,1.44,-4,-4,-3,-2,-1,0
SP1,2024-05-16,Las Palmas,Betis,2,2,D,1,1,D,16,6,9,4,4,8,9,12,2,1,0,0,4.0,3.5,1.91,10,5,-4,-3,1,0
SP1,2024-05-18,Alaves,Getafe,1,0,H,1,0,H,9,10,2,4,2,1,13,27,5,7,0,1,2.0,3.2,4.1,-1,-2,1,-14,-2,-1
SP1,2024-05-19,Valencia,Girona,1,3,A,0,1,A,20,18,6,5,5,4,10,8,2,0,0,0,3.0,3.5,2.3,2,1,1,2,2,0
SP1,2024-05-19,Mallorca,Almeria,2,2,D,1,1,D,29,7,8,3,12,2,9,9,2,3,0,0,1.5,4.1,7.0,22,5,10,0,-1,0
SP1,2024-05-19,Granada,Celta,1,2,A,0,0,D,11,8,3,5,10,2,15,12,2,1,0,0,3.7,3.6,2.0,3,-2,8,3,1,0
SP1,2024-05-19,Cadiz,Las Palmas,0,0,D,0,0,D,10,9,3,1,5,3,13,12,3,1,1,0,1.8,3.5,4.75,1,2,2,1,2,1
SP1,2024-05-19,Villarreal,Real Madrid,4,4,D,1,4,A,21,12,7,6,3,3,15,12,3,2,0,0,3.2,3.75,2.05,9,1,0,3,1,0
SP1,2024-05-19,Barcelona,Vallecano,3,0,H,1,0,H,14,15,6,4,7,5,10,7,4,2,0,0,1.25,6.0,12.0,-1,2,2,3,2,0
SP1,2024-05-19,Ath Madrid,Osasuna,1,4,A,0,1,A,15,15,2,6,7,5,12,9,2,2,0,0,1.4,4.5,8.0,0,-4,2,3,0,0
SP1,2024-05-19,Ath Bilbao,Sevilla,2,0,H,2,0,H,15,9,6,4,8,3,12,5,1,1,0,0,1.7,3.9,4.75,6,2,5,7,0,0
SP1,2024-05-19,Betis,Sociedad,0,2,A,0,2,A,18,5,9,2,6,2,12,18,3,4,0,0,2.55,3.2,2.88,13,7,4,-6,-1,0
SP1,2024-05-24,Girona,Granada,7,0,H,3,0,H,16,10,9,2,4,2,6,13,3,5,0,1,1.22,6.5,12.0,6,7,2,-7,-2,-1
SP1,2024-05-25,Osasuna,Villarreal,1,1,D,1,0,H,12,11,6,3,6,4,13,6,4,3,0,0,2.9,3.6,2.3,1,3,2,7,1,0
SP1,2024-05-25,Sociedad,Ath Madrid,0,2,A,0,1,A,14,10,4,4,8,4,19,15,3,5,0,1,2.4,3.3,3.0,4,0,4,4,-2,-1
SP1,2024-05-25,Almeria,Cadiz,6,1,H,0,1,A,27,12,12,4,1,4,4,9,2,2,0,0,2.05,3.6,3.5,15,8,-3,-5,0,0
SP1,2024-05-25,Vallecano,Ath Bilbao,0,1,A,0,0,D,17,7,4,1,8,2,6,13,1,1,0,0,2.88,3.5,2.38,10,3,6,-7,0,0
SP1,2024-05-25,Real Madrid,Betis,0,0,D,0,0,D,13,11,5,3,4,5,8,11,2,1,0,0,1.33,6.0,7.5,2,2,-1,-3,1,0
SP1,2024-05-26,Las Palmas,Alaves,1,1,D,0,0,D,10,14,4,4,2,6,16,10,2,1,0,0,2.4,3.3,3.0,-4,0,-4,6,1,0
SP1,2024-05-26,Getafe,Mallorca,1,2,A,0,0,D,16,9,6,4,3,4,12,10,0,2,0,0,2.3,3.25,3.2,7,2,-1,2,-2,0
SP1,2024-05-26,Celta,Valencia,2,2,D,0,1,A,9,12,4,1,2,2,17,18,0,0,0,0,1.95,3.5,3.8,-3,3,0,-1,0,0
SP1,2024-05-26,Sevilla,Barcelona,1,2,A,1,1,D,15,11,6,6,6,5,11,9,2,1,0,0,4.0,4.0,1.8,4,0,1,2,1,0
,2024-08-15,Betis,Girona,1,1,D,1,0,H,19,13,4,2,4,4,11,7,2,0,0,0,2.35,3.4,3.0,6,2,0,4,2,0
,2024-08-15,Ath Bilbao,Getafe,1,1,D,1,0,H,7,9,4,2,5,6,15,12,4,1,0,0,1.48,4.0,8.0,-2,2,-1,3,3,0
,2024-08-16,Celta,Alaves,2,1,H,0,1,A,6,10,4,2,3,3,8,23,3,2,0,0,2.0,3.2,4.1,-4,2,0,-15,1,0
,2024-08-16,Las Palmas,Sevilla,2,2,D,1,1,D,13,16,5,5,6,3,12,13,0,0,0,0,2.8,3.25,2.63,-3,0,3,-1,0,0
,2024-08-17,Osasuna,Leganes,1,1,D,0,1,A,16,10,5,4,6,4,14,12,3,2,0,0,1.85,3.3,4.5,6,1,2,2,1,0
,2024-08-17,Valencia,Barcelona,1,2,A,1,1,D,6,18,1,8,3,8,11,13,2,3,0,0,4.75,3.8,1.73,-12,-7,-5,-2,-1,0
,2024-08-18,Sociedad,Vallecano,1,2,A,0,0,D,11,12,5,5,10,5,14,21,2,4,0,0,1.57,3.75,7.0,-1,0,5,-7,-2,0
,2024-08-18,Mallorca,Real Madrid,1,1,D,0,1,A,12,13,5,4,8,7,11,6,1,0,0,1,8.0,4.2,1.45,-1,1,1,5,1,-1
,2024-08-19,Valladolid,Espanol,1,0,H,1,0,H,12,10,3,2,3,2,15,8,2,2,0,0,2.38,3.0,3.4,2,1,1,7,0,0
,2024-08-19,Villarreal,Ath Madrid,2,2,D,2,2,D,8,10,3,5,2,3,6,10,1,3,0,0,3.3,3.7,2.1,-2,-2,-1,-4,-2,0
,2024-08-23,Celta,Valencia,3,1,H,2,1,H,7,13,5,5,4,7,9,11,3,0,0,0,2.1,3.4,3.6,-6,0,-3,-2,3,0
,2024-08-23,Sevilla,Villarreal,1,2,A,1,1,D,15,6,9,5,7,2,15,7,3,5,0,0,2.4,3.6,2.8,9,4,5,8,-2,0
,2024-08-24,Getafe,Vallecano,0,0,D,0,0,D,12,3,0,1,3,2,16,18,1,2,0,0,2.45,3.0,3.2,9,-1,1,-2,-1,0
,2024-08-24,Espanol,Sociedad,0,1,A,0,0,D,13,8,3,4,7,4,14,18,2,2,0,0,3.9,3.2,2.05,5,-1,3,-4,0,0
,2024-08-24,Osasuna,Mallorca,1,0,H,0,0,D,15,11,5,2,5,4,10,8,2,1,0,0,2.45,3.1,3.1,4,3,1,2,1,0
,2024-08-24,Barcelona,Ath Bilbao,2,1,H,1,1,D,13,9,5,2,5,6,11,16,4,5,0,0,1.62,4.2,5.0,4,3,-1,-5,-1,0
,2024-08-25,Ath Madrid,Girona,3,0,H,1,0,H,11,13,6,5,1,9,11,10,1,3,0,0,1.6,4.1,5.5,-2,1,-8,1,-2,0
,2024-08-25,Real Madrid,Valladolid,3,0,H,0,0,D,17,8,9,2,5,5,10,15,1,1,0,0,1.18,7.5,15.0,9,7,0,-5,0,0
,2024-08-25,Leganes,Las Palmas,2,1,H,0,0,D,10,10,5,5,3,7,11,10,1,1,0,0,2.25,3.0,3.6,0,0,-4,1,0,0
,2024-08-25,Alaves,Betis,0,0,D,0,0,D,3,13,1,3,3,8,16,13,1,4,1,0,2.38,3.1,3.25,-10,-2,-5,3,-3,1
,2024-08-26,Villarreal,Celta,4,3,H,1,2,A,22,18,9,8,7,4,8,6,4,3,0,0,1.91,3.4,3.8,4,1,3,2,1,0
,2024-08-27,Vallecano,Barcelona,1,2,A,1,0,H,8,22,4,5,6,6,17,11,3,1,0,0,5.25,3.8,1.62,-14,-1,0,6,2,0
,2024-08-27,Mallorca,Sevilla,0,0,D,0,0,D,12,16,4,7,5,9,15,10,0,1,0,1,2.38,3.1,3.25,-4,-3,-4,5,-1,-1
,2024-08-28,Sociedad,Alaves,1,2,A,1,1,D,8,12,1,5,8,6,16,12,4,4,1,0,1.7,3.5,5.75,-4,-4,2,4,0,1
,2024-08-28,Ath Madrid,Espanol,0,0,D,0,0,D,24,8,7,1,9,3,6,9,0,2,0,0,1.3,5.25,11.0,16,6,6,-3,-2,0
,2024-08-28,Valladolid,Leganes,0,0,D,0,0,D,12,8,2,1,4,4,13,19,1,5,0,0,2.3,3.0,3.6,4,1,0,-6,-4,0
,2024-08-28,Ath Bilbao,Valencia,1,0,H,1,0,H,13,2,4,0,5,3,14,9,1,3,0,0,1.62,3.9,5.75,11,4,2,5,-2,0
,2024-08-29,Girona,Osasuna,4,0,H,1,0,H,10,1,5,0,5,0,10,9,0,0,0,0,1.7,4.0,4.33,9,5,5,1,0,0
,2024-08-29,Las Palmas,Real Madrid,1,1,D,1,0,H,7,25,3,8,2,6,16,13,0,2,0,0,8.0,5.0,1.38,-18,-5,-4,3,-2,0
,2024-08-31,Barcelona,Valladolid,7,0,H,3,0,H,23,5,10,2,10,1,6,12,0,3,0,0,1.25,6.25,10.0,18,8,9,-6,-3,0
,2024-08-31,Ath Bilbao,Ath Madrid,0,1,A,0,0,D,8,9,1,2,2,2,13,9,3,1,0,0,3.0,3.3,2.38,-1,-1,0,4,2,0
,2024-08-31,Espanol,Vallecano,2,1,H,1,1,D,10,17,5,5,3,7,14,16,3,2,0,0,2.8,3.0,2.8,-7,0,-4,-2,1,0
,2024-08-31,Leganes,Mallorca,0,1,A,0,1,A,4,12,2,3,1,3,11,17,1,3,0,0,2.5,3.0,3.2,-8,-1,-2,-6,-2,0
,2024-08-31,Valencia,Villarreal,1,1,D,1,1,D,22,9,6,3,14,3,15,11,3,5,0,1,2.8,3.4,2.45,13,3,11,4,-2,-1
,2024-09-01,Real Madrid,Betis,2,0,H,0,0,D,20,12,8,2,7,3,8,16,2,0,0,0,1.29,5.75,9.5,8,6,4,-8,2,0
,2024-09-01,Getafe,Sociedad,0,0,D,0,0,D,16,1,1,0,4,1,14,16,1,1,0,0,3.5,2.9,2.38,15,1,3,-2,0,0
,2024-09-01,Alaves,Las Palmas,2,0,H,1,0,H,15,12,5,7,6,5,13,9,3,0,0,0,1.95,3.4,4.0,3,-2,1,4,3,0
,2024-09-01,Osasuna,Celta,3,2,H,2,1,H,10,12,4,3,6,3,19,10,2,0,0,1,2.45,3.25,3.0,-2,1,3,9,2,-1
,2024-09-01,Sevilla,Girona,0,2,A,0,1,A,16,11,5,4,7,5,6,14,3,2,0,0,2.35,3.8,2.75,5,1,2,-8,1,0
,2024-09-13,Betis,Leganes,2,0,H,0,0,D,14,3,5,0,11,1,11,18,1,2,0,0,1.62,3.7,6.25,11,5,10,-7,-1,0
,2024-09-14,Sociedad,Real Madrid,0,2,A,0,0,D,11,16,2,7,6,6,12,9,4,1,0,0,4.75,3.9,1.67,-5,-5,0,3,3,0
,2024-09-14,Mallorca,Villarreal,1,2,A,0,1,A,10,21,5,4,7,6,11,10,3,3,1,0,2.45,3.4,2.88,-11,1,1,1,0,1
,2024-09-14,Espanol,Alaves,3,2,H,1,1,D,9,19,4,6,0,5,17,14,2,3,0,0,2.63,3.2,2.8,-10,-2,-5,3,-1,0
,2024-09-14,Sevilla,Getafe,1,0,H,1,0,H,10,15,4,4,3,4,19,15,3,4,1,0,2.2,3.0,3.7,-5,0,-1,4,-1,1
,2024-09-15,Las Palmas,Ath Bilbao,2,3,A,0,2,A,15,9,6,4,9,3,8,12,1,2,0,1,3.8,3.4,2.0,6,2,6,-4,-1,-1
,2024-09-15,Ath Madrid,Valencia,3,0,H,1,0,H,14,5,5,1,7,3,10,8,1,2,0,0,1.33,4.5,11.0,9,4,4,2,-1,0
,2024-09-15,Celta,Valladolid,3,1,H,2,0,H,14,6,7,1,5,3,14,15,3,5,0,1,1.67,3.75,5.5,8,6,2,-1,-2,-1
,2024-09-15,Girona,Barcelona,1,4,A,0,2,A,9,20,4,9,1,6,13,4,3,2,0,1,4.2,3.8,1.8,-11,-5,-5,9,1,-1
,2024-09-16,Vallecano,Osasuna,3,1,H,0,1,A,17,5,6,2,7,4,12,15,3,2,0,0,2.05,3.1,4.0,12,4,3,-3,1,0
,2024-09-17,Mallorca,Sociedad,1,0,H,1,0,H,10,13,4,4,5,5,5,10,1,1,0,0,2.9,2.75,3.0,-3,0,0,-5,0,0
,2024-09-18,Betis,Getafe,2,1,H,0,0,D,18,15,8,5,8,4,10,20,3,5,0,0,1.91,3.0,5.0,3,3,4,-10,-2,0
,2024-09-19,Leganes,Ath Bilbao,0,2,A,0,0,D,14,10,3,4,4,7,12,11,3,0,0,0,3.75,3.2,2.05,4,-1,-3,1,3,0
,2024-09-20,Alaves,Sevilla,2,1,H,1,0,H,10,8,4,2,3,5,11,16,1,4,0,0,2.15,3.1,3.7,2,2,-2,-5,-3,0
,2024-09-21,Valladolid,Sociedad,0,0,D,0,0,D,15,14,2,4,5,7,15,12,4,4,0,0,3.9,3.0,2.2,1,-2,-2,3,0,0
,2024-09-21,Osasuna,Las Palmas,2,1,H,1,1,D,13,11,2,4,2,4,14,11,2,5,0,0,1.9,3.4,4.2,2,-2,-2,3,-3,0
,2024-09-21,Valencia,Girona,2,0,H,0,0,D,7,8,2,3,5,4,13,10,3,2,0,0,2.88,3.3,2.5,-1,-1,1,3,1,0
,2024-09-21,Real Madrid,Espanol,4,1,H,0,0,D,31,10,14,2,9,4,7,5,4,3,0,0,1.17,7.0,19.0,21,12,5,2,1,0
,2024-09-22,Vallecano,Ath Madrid,1,1,D,1,0,H,15,10,3,5,3,4,9,12,0,0,0,0,5.0,3.4,1.8,5,-2,-1,-3,0,0
,2024-09-22,Villarreal,Barcelona,1,5,A,1,2,A,13,17,4,10,7,3,12,12,6,1,0,0,3.9,3.9,1.85,-4,-6,4,0,5,0
,2024-09-22,Getafe,Leganes,1,1,D,0,0,D,12,6,3,3,6,2,16,17,3,2,0,0,2.05,2.8,4.75,6,0,4,-1,1,0
,2024-09-22,Ath Bilbao,Celta,3,1,H,2,1,H,10,11,7,4,3,6,16,11,3,2,0,0,1.7,3.7,5.25,-1,3,-3,5,1,0
,2024-09-23,Betis,Mallorca,1,2,A,1,1,D,14,6,6,6,6,3,12,12,3,2,0,0,1.85,3.3,4.75,8,0,3,0,1,0
,2024-09-24,Sevilla,Valladolid,2,1,H,1,0,H,22,8,5,2,6,4,14,12,5,4,1,0,1.65,3.8,5.5,14,3,2,2,1,1
,2024-09-24,Valencia,Osasuna,0,0,D,0,0,D,10,9,2,2,10,5,6,11,2,3,0,0,2.0,3.1,4.0,1,0,5,-5,-1,0
,2024-09-24,Real Madrid,Alaves,3,2,H,2,0,H,10,12,4,3,4,4,7,10,4,0,0,0,1.2,6.5,13.0,-2,1,0,-3,4,0
,2024-09-25,Girona,Vallecano,0,0,D,0,0,D,11,2,0,0,4,3,8,16,3,4,0,0,1.73,3.7,4.5,9,0,1,-8,-1,0
,2024-09-25,Barcelona,Getafe,1,0,H,1,0,H,16,7,4,1,7,5,4,14,1,1,0,0,1.25,6.25,10.0,9,3,2,-10,0,0
,2024-09-26,Las Palmas,Betis,1,1,D,1,1,D,8,14,2,5,1,4,21,10,4,2,0,0,3.1,3.1,2.38,-6,-3,-3,11,2,0
,2024-09-26,Espanol,Villarreal,1,2,A,1,1,D,11,15,2,4,4,1,12,14,5,3,0,0,3.25,3.5,2.15,-4,-2,3,-2,2,0
,2024-09-26,Celta,Ath Madrid,0,1,A,0,0,D,9,7,4,2,2,3,10,7,2,2,0,0,3.8,3.7,1.91,2,2,-1,3,0,0
,2024-09-27,Valladolid,Mallorca,1,2,A,0,0,D,11,14,1,6,7,4,15,9,3,2,0,0,3.0,2.9,2.63,-3,-5,3,6,1,0
,2024-09-28,Getafe,Alaves,2,0,H,1,0,H,14,9,8,1,2,2,17,24,3,6,0,0,2.55,2.88,3.1,5,7,0,-7,-3,0
,2024-09-28,Vallecano,Leganes,1,1,D,1,0,H,15,13,6,3,5,5,12,7,2,1,0,0,1.9,3.0,5.0,2,3,0,5,1,0
,2024-09-28,Sociedad,Valencia,3,0,H,1,0,H,11,9,6,4,6,4,7,12,0,0,0,0,1.85,3.25,4.75,2,2,2,-5,0,0
,2024-09-28,Osasuna,Barcelona,4,2,H,2,0,H,11,12,6,5,5,8,13,3,2,2,0,0,7.0,4.5,1.45,-1,1,-3,10,0,0
,2024-09-29,Celta,Girona,1,1,D,0,1,A,12,9,2,4,4,4,9,14,1,0,0,0,2.1,3.6,3.25,3,-2,0,-5,1,0
,2024-09-29,Ath Bilbao,Sevilla,1,1,D,1,0,H,13,13,3,4,4,7,6,7,0,3,1,0,1.7,3.7,5.0,0,-1,-3,-1,-3,1
,2024-09-29,Betis,Espanol,1,0,H,0,0,D,20,8,12,1,8,4,14,20,2,4,0,0,1.65,3.4,5.75,12,11,4,-6,-2,0
,2024-09-29,Ath Madrid,Real Madrid,1,1,D,0,0,D,12,12,4,4,5,5,11,11,3,1,1,0,2.8,3.3,2.5,0,0,0,0,2,1
,2024-09-30,Villarreal,Las Palmas,3,1,H,1,0,H,17,7,7,3,3,2,14,10,0,3,0,0,1.45,4.33,6.5,10,4,1,4,-3,0
,2024-10-04,Leganes,Valencia,0,0,D,0,0,D,8,6,0,1,1,2,15,14,2,2,0,0,2.9,2.88,2.8,2,-1,-1,1,0,0
,2024-10-05,Real Madrid,Villarreal,2,0,H,1,0,H,11,10,2,1,2,5,7,11,0,1,0,0,1.27,6.25,8.5,1,1,-3,-4,-1,0
,2024-10-05,Valladolid,Vallecano,1,2,A,0,0,D,13,17,5,3,5,13,13,18,4,2,0,0,3.1,3.0,2.5,-4,2,-8,-5,2,0
,2024-10-05,Espanol,Mallorca,2,1,H,1,0,H,8,11,3,4,4,6,14,19,1,5,0,0,3.1,3.0,2.55,-3,-1,-2,-5,-4,0
,2024-10-05,Getafe,Osasuna,1,1,D,1,0,H,11,6,3,2,4,2,17,10,2,4,0,0,2.2,2.9,3.9,5,1,2,7,-2,0
,2024-10-05,Las Palmas,Celta,0,1,A,0,1,A,24,8,5,1,11,2,9,13,3,8,0,2,3.1,3.5,2.25,16,4,9,-4,-5,-2
,2024-10-06,Girona,Ath Bilbao,2,1,H,1,1,D,14,13,6,4,6,1,12,13,4,3,0,1,2.35,3.3,3.1,1,2,5,-1,1,-1
,2024-10-06,Alaves,Barcelona,0,3,A,0,3,A,11,14,2,8,11,3,13,8,2,2,0,0,5.25,4.5,1.57,-3,-6,8,5,0,0
,2024-10-06,Sevilla,Betis,1,0,H,0,0,D,14,11,5,3,4,1,15,15,6,3,1,0,2.45,3.2,3.0,3,2,3,0,3,1
,2024-10-06,Sociedad,Ath Madrid,1,1,D,0,1,A,16,4,8,1,5,1,10,9,0,2,0,0,3.3,3.2,2.3,12,7,4,1,-2,0
,2024-10-18,Alaves,Valladolid,2,3,A,1,1,D,10,12,4,4,5,6,15,14,6,2,1,0,1.62,3.9,5.75,-2,0,-1,1,4,1
,2024-10-19,Celta,Real Madrid,1,2,A,0,1,A,13,10,5,3,6,2,16,13,2,1,0,0,4.75,4.5,1.6,3,2,4,3,1,0
,2024-10-19,Girona,Sociedad,0,1,A,0,1,A,8,14,3,4,6,6,10,12,2,1,0,0,2.4,3.4,2.88,-6,-1,0,-2,1,0
,2024-10-19,Osasuna,Betis,1,2,A,0,1,A,19,11,6,7,10,2,12,8,2,1,0,1,2.5,3.4,2.7,8,-1,8,4,1,-1
,2024-10-19,Ath Bilbao,Espanol,4,1,H,3,0,H,10,5,6,2,5,5,15,22,2,3,0,0,1.45,4.2,7.5,5,4,0,-7,-1,0
,2024-10-20,Mallorca,Vallecano,1,0,H,0,0,D,19,10,5,2,9,2,9,13,1,1,0,0,2.05,3.1,4.0,9,3,7,-4,0,0
,2024-10-20,Ath Madrid,Leganes,3,1,H,0,1,A,24,5,9,2,8,2,14,8,5,1,0,0,1.33,4.75,10.0,19,7,6,6,4,0
,2024-10-20,Villarreal,Getafe,1,1,D,1,0,H,10,21,4,4,5,5,18,21,4,3,0,0,1.67,3.8,5.0,-11,0,0,-3,1,0
,2024-10-20,Barcelona,Sevilla,5,1,H,3,0,H,21,7,9,1,5,5,6,14,1,2,0,0,1.3,5.75,8.0,14,8,0,-8,-1,0
,2024-10-21,Valencia,Las Palmas,2,3,A,1,1,D,14,11,7,6,11,2,12,12,4,9,1,0,1.62,3.8,5.5,3,1,9,0,-5,1
,2024-10-25,Espanol,Sevilla,0,2,A,0,2,A,16,6,1,3,13,2,14,9,2,0,0,0,3.0,3.25,2.4,10,-2,11,5,2,0
,2024-10-26,Real Madrid,Barcelona,0,4,A,0,0,D,9,15,4,7,10,3,15,17,2,5,0,0,2.0,4.1,3.25,-6,-3,7,-2,-3,0
,2024-10-26,Las Palmas,Girona,1,0,H,1,0,H,12,8,3,3,3,5,12,14,4,5,0,1,2.88,3.4,2.45,4,0,-2,-2,-1,-1
,2024-10-26,Valladolid,Villarreal,1,2,A,0,1,A,7,21,3,9,4,6,16,13,4,3,0,0,3.5,3.75,2.0,-14,-6,-2,3,1,0
,2024-10-26,Vallecano,Alaves,1,0,H,0,0,D,16,15,4,7,6,2,8,14,2,4,1,0,2.25,3.1,3.5,1,-3,4,-6,-2,1
,2024-10-27,Leganes,Celta,3,0,H,0,0,D,7,18,4,5,4,2,15,17,2,2,0,0,3.25,3.25,2.3,-11,-1,2,-2,0,0
,2024-10-27,Getafe,Valencia,1,1,D,0,1,A,15,2,4,1,8,2,20,20,3,7,0,0,2.1,3.1,3.8,13,3,6,0,-4,0
,2024-10-27,Betis,Ath Madrid,1,0,H,1,0,H,24,10,3,3,3,10,8,4,3,2,0,0,3.1,3.4,2.3,14,0,-7,4,1,0
,2024-10-27,Sociedad,Osasuna,0,2,A,0,2,A,19,10,9,4,14,4,7,14,3,4,0,0,1.75,3.6,5.0,9,5,10,-7,-1,0
,2024-10-28,Mallorca,Ath Bilbao,0,0,D,0,0,D,4,20,1,1,1,14,9,12,5,1,1,0,2.9,3.1,2.55,-16,0,-13,-3,4,1
,2024-11-01,Alaves,Mallorca,1,0,H,0,0,D,13,7,3,2,7,2,19,12,3,2,0,0,2.25,3.0,3.4,6,1,5,7,1,0
,2024-11-02,Girona,Leganes,4,3,H,2,2,D,15,8,6,5,6,1,17,15,2,4,0,0,1.7,3.5,5.5,7,1,5,2,-2,0
,2024-11-02,Osasuna,Valladolid,1,0,H,1,0,H,20,7,4,4,7,2,21,12,1,5,0,0,1.6,3.7,6.25,13,0,5,9,-4,0
,2024-11-03,Barcelona,Espanol,3,1,H,3,0,H,14,10,9,3,9,5,13,14,0,3,0,0,1.13,9.0,19.0,4,6,4,-1,-3,0
,2024-11-03,Sevilla,Sociedad,0,2,A,0,1,A,8,9,0,3,5,9,6,17,2,1,0,0,2.9,3.0,2.63,-1,-3,-4,-11,1,0
,2024-11-03,Ath Madrid,Las Palmas,2,0,H,1,0,H,15,1,3,1,9,1,13,13,1,1,0,0,1.27,6.0,9.5,14,2,8,0,0,0
,2024-11-03,Ath Bilbao,Betis,1,1,D,0,0,D,17,7,8,4,6,2,9,8,0,0,0,0,1.91,3.5,4.0,10,4,4,1,0,0
,2024-11-04,Celta,Getafe,1,0,H,1,0,H,10,10,3,2,0,2,12,11,1,4,0,1,1.95,3.2,4.5,0,1,-2,1,-3,-1
,2024-11-08,Vallecano,Las Palmas,1,3,A,0,1,A,35,11,7,3,12,4,9,13,1,3,0,0,1.83,3.4,4.5,24,4,8,-4,-2,0
,2024-11-09,Real Madrid,Osasuna,4,0,H,2,0,H,18,2,8,0,11,3,9,16,0,2,0,0,1.2,7.0,13.0,16,8,8,-7,-2,0
,2024-11-09,Villarreal,Alaves,3,0,H,1,0,H,13,9,3,3,7,2,17,21,1,3,0,0,1.62,4.0,5.5,4,0,5,-4,-2,0
,2024-11-09,Leganes,Sevilla,1,0,H,0,0,D,8,13,4,2,0,6,7,10,2,1,0,1,2.88,3.2,2.55,-5,2,-6,-3,1,-1
,2024-11-10,Betis,Celta,2,2,D,1,1,D,19,3,6,2,2,0,12,8,3,0,0,0,1.95,3.4,4.0,16,4,2,4,3,0
,2024-11-10,Mallorca,Ath Madrid,0,1,A,0,0,D,12,9,6,2,7,2,10,16,1,3,0,0,3.6,3.1,2.2,3,4,5,-6,-2,0
,2024-11-10,Getafe,Girona,0,1,A,0,1,A,8,3,0,2,5,2,25,16,3,3,0,0,2.45,3.2,3.0,5,-2,3,9,0,0
,2024-11-10,Valladolid,Ath Bilbao,1,1,D,0,0,D,6,17,3,1,5,5,12,12,4,4,0,0,4.5,3.4,1.85,-11,2,0,0,0,0
,2024-11-10,Sociedad,Barcelona,1,0,H,1,0,H,14,11,6,0,7,6,17,6,3,1,0,0,4.75,4.1,1.65,3,6,1,11,2,0
,2024-11-22,Getafe,Valladolid,2,0,H,0,0,D,12,6,5,3,3,2,15,15,3,2,0,0,1.65,3.4,6.5,6,2,1,0,1,0
,2024-11-23,Celta,Barcelona,2,2,D,0,1,A,15,9,8,4,5,1,13,9,5,5,0,1,4.75,4.33,1.65,6,4,4,4,0,-1
,2024-11-23,Las Palmas,Mallorca,2,3,A,0,0,D,14,10,3,3,4,3,10,18,4,2,0,1,2.8,3.0,2.7,4,0,1,-8,2,-1
,2024-11-23,Valencia,Betis,4,2,H,1,1,D,11,7,5,3,2,4,10,16,4,2,0,0,3.0,3.0,2.6,4,2,-2,-6,2,0
,2024-11-23,Ath Madrid,Alaves,2,1,H,0,1,A,11,4,8,1,5,0,18,19,3,3,0,0,1.36,4.75,9.0,7,7,5,-1,0,0
,2024-11-23,Girona,Espanol,4,1,H,4,0,H,12,9,5,1,6,3,4,19,0,3,0,0,1.67,3.9,5.25,3,4,3,-15,-3,0
,2024-11-24,Osasuna,Villarreal,2,2,D,2,0,H,4,17,3,7,0,8,12,13,6,5,0,0,2.55,3.4,2.75,-13,-4,-8,-1,1,0
,2024-11-24,Sevilla,Vallecano,1,0,H,1,0,H,11,9,3,1,8,3,14,14,2,5,0,1,2.3,3.2,3.3,2,2,5,0,-3,-1
,2024-11-24,Leganes,Real Madrid,0,3,A,0,1,A,4,16,0,9,2,4,17,11,2,0,0,0,7.5,4.5,1.42,-12,-9,-2,6,2,0
,2024-11-24,Ath Bilbao,Sociedad,1,0,H,1,0,H,12,6,4,1,4,4,18,9,3,4,0,0,2.25,3.0,3.6,6,3,0,9,-1,0
,2024-11-29,Mallorca,Valencia,2,1,H,1,1,D,9,7,3,1,3,6,9,14,0,0,0,0,2.0,3.0,4.5,2,2,-3,-5,0,0
,2024-11-30,Valladolid,Ath Madrid,0,5,A,0,3,A,9,13,1,9,3,5,6,11,1,2,0,0,6.0,4.2,1.53,-4,-8,-2,-5,-1,0
,2024-11-30,Espanol,Celta,3,1,H,1,0,H,9,16,5,2,2,5,13,7,2,2,0,0,3.3,3.4,2.2,-7,3,-3,6,0,0
,2024-11-30,Alaves,Leganes,1,1,D,0,0,D,18,6,7,3,13,8,15,15,1,4,0,0,1.8,3.4,5.0,12,4,5,0,-3,0
,2024-11-30,Barcelona,Las Palmas,1,2,A,0,0,D,27,5,8,3,7,0,7,11,0,0,0,0,1.17,8.5,13.0,22,5,7,-4,0,0
,2024-12-01,Villarreal,Girona,2,2,D,1,0,H,13,13,4,6,1,5,8,13,2,6,0,0,1.83,3.7,4.2,0,-2,-4,-5,-4,0
,2024-12-01,Real Madrid,Getafe,2,0,H,2,0,H,13,8,4,3,5,3,7,26,2,6,0,0,1.36,4.5,10.0,5,1,2,-19,-4,0
,2024-12-01,Vallecano,Ath Bilbao,1,2,A,1,0,H,7,12,4,7,1,7,14,8,3,0,0,0,2.8,3.1,2.7,-5,-3,-6,6,3,0
,2024-12-01,Sociedad,Betis,2,0,H,2,0,H,2,7,1,2,0,4,28,10,3,2,0,0,1.8,3.6,4.5,-5,-1,-4,18,1,0
,2024-12-02,Sevilla,Osasuna,1,1,D,0,0,D,12,7,5,3,5,1,11,15,1,1,0,0,2.1,3.4,3.5,5,2,4,-4,0,0
,2024-12-03,Mallorca,Barcelona,1,5,A,1,1,D,6,20,1,9,2,5,13,13,4,3,0,0,5.75,4.33,1.53,-14,-8,-3,0,1,0
,2024-12-04,Ath Bilbao,Real Madrid,2,1,H,0,0,D,9,10,3,5,5,2,21,9,3,3,0,0,3.2,3.3,2.25,-1,-2,3,12,0,0
,2024-12-06,Celta,Mallorca,2,0,H,1,0,H,12,9,5,4,3,3,9,12,1,0,0,1,1.85,3.4,4.5,3,1,0,-3,1,-1
,2024-12-07,Girona,Real Madrid,0,3,A,0,1,A,10,10,4,7,6,3,6,7,3,2,0,0,4.5,3.9,1.73,0,-3,3,-1,1,0
,2024-12-07,Valencia,Vallecano,0,1,A,0,1,A,14,6,6,1,9,4,5,12,2,2,0,0,2.25,2.9,3.75,8,5,5,-7,0,0
,2024-12-07,Las Palmas,Valladolid,2,1,H,1,1,D,11,9,5,2,3,3,17,13,4,3,0,0,1.8,3.6,4.5,2,3,0,4,1,0
,2024-12-07,Betis,Barcelona,2,2,D,0,1,A,12,9,6,3,6,4,15,14,1,2,0,0,5.0,4.5,1.57,3,3,2,1,-1,0
,2024-12-08,Leganes,Sociedad,0,3,A,0,1,A,11,15,2,5,5,3,12,15,2,2,0,0,4.75,3.1,1.91,-4,-3,2,-3,0,0
,2024-12-08,Ath Bilbao,Villarreal,2,0,H,1,0,H,12,11,4,1,3,3,15,10,2,1,0,0,1.95,3.6,3.8,1,3,0,5,1,0
,2024-12-08,Osasuna,Alaves,2,2,D,0,1,A,16,6,8,3,8,3,13,14,4,3,0,0,2.05,3.3,3.75,10,5,5,-1,1,0
,2024-12-08,Ath Madrid,Sevilla,4,3,H,1,2,A,14,4,9,3,5,3,11,8,4,3,0,0,1.38,4.75,8.5,10,6,2,3,1,0
,2024-12-09,Getafe,Espanol,1,0,H,1,0,H,15,9,6,1,3,3,14,15,3,6,0,0,1.8,3.1,5.75,6,5,0,-1,-3,0
,2024-12-13,Valladolid,Valencia,1,0,H,1,0,H,2,14,1,2,1,7,10,10,4,3,1,0,3.1,3.1,2.38,-12,-1,-6,0,1,1
,2024-12-14,Sevilla,Celta,1,0,H,0,0,D,8,10,3,2,3,4,12,9,7,3,0,0,2.2,3.25,3.3,-2,1,-1,3,4,0
,2024-12-14,Vallecano,Real Madrid,3,3,D,2,2,D,14,13,5,6,4,3,18,8,4,2,0,0,6.0,3.8,1.57,1,-1,1,10,2,0
,2024-12-14,Espanol,Osasuna,0,0,D,0,0,D,9,6,3,0,5,4,13,13,3,1,0,0,2.75,3.2,2.6,3,3,1,0,2,0
,2024-12-14,Mallorca,Girona,2,1,H,1,1,D,8,13,2,1,2,4,10,14,5,2,1,0,2.3,3.1,3.25,-5,1,-2,-4,3,1
,2024-12-15,Ath Madrid,Getafe,1,0,H,0,0,D,11,7,3,1,8,3,13,15,3,1,0,0,1.4,4.33,9.0,4,2,5,-2,2,0
,2024-12-15,Alaves,Ath Bilbao,1,1,D,0,1,A,6,9,3,2,2,4,14,17,2,2,0,0,3.6,3.1,2.15,-3,1,-2,-3,0,0
,2024-12-15,Sociedad,Las Palmas,0,0,D,0,0,D,15,9,4,3,8,6,17,12,2,3,0,0,1.4,4.33,8.0,6,1,2,5,-1,0
,2024-12-15,Villarreal,Betis,1,2,A,0,1,A,17,10,4,4,5,5,19,10,5,2,0,1,1.75,3.8,4.33,7,0,0,9,3,-1
,2024-12-15,Barcelona,Leganes,0,1,A,0,1,A,20,6,4,4,8,2,5,13,0,2,0,0,1.13,8.0,19.0,14,0,6,-8,-2,0
,2024-12-18,Espanol,Valencia,1,1,D,1,0,H,10,14,3,4,4,7,13,11,1,0,0,0,2.6,3.0,3.0,-4,-1,-3,2,1,0
,2024-12-18,Villarreal,Vallecano,1,1,D,1,1,D,14,18,5,3,7,7,10,15,4,3,1,0,1.8,3.6,4.5,-4,2,0,-5,1,1
,2024-12-20,Girona,Valladolid,3,0,H,2,0,H,23,1,7,1,9,1,13,7,3,1,0,0,1.38,5.0,8.0,22,6,8,6,2,0
,2024-12-21,Barcelona,Ath Madrid,1,2,A,1,0,H,19,5,7,4,11,3,11,8,0,3,0,0,1.9,3.8,3.9,14,3,8,3,-3,0
,2024-12-21,Osasuna,Ath Bilbao,1,2,A,1,1,D,6,13,3,8,4,4,10,13,0,1,0,0,3.9,3.1,2.1,-7,-5,0,-3,-1,0
,2024-12-21,Celta,Sociedad,2,0,H,2,0,H,11,7,7,1,5,7,19,13,3,5,0,0,2.9,3.1,2.6,4,6,-2,6,-2,0
,2024-12-21,Getafe,Mallorca,0,1,A,0,0,D,18,9,5,2,3,0,19,13,4,3,0,0,2.3,2.75,3.9,9,3,3,6,1,0
,2024-12-22,Valencia,Alaves,2,2,D,0,1,A,8,11,3,3,5,4,20,15,2,1,0,0,2.25,3.1,3.5,-3,0,1,5,1,0
,2024-12-22,Real Madrid,Sevilla,4,2,H,3,1,H,16,10,8,5,6,6,5,14,1,2,0,0,1.33,5.5,9.0,6,3,0,-9,-1,0
,2024-12-22,Las Palmas,Espanol,1,0,H,0,0,D,10,9,4,2,2,2,9,16,4,2,0,0,1.85,3.6,4.33,1,2,0,-7,2,0
,2024-12-22,Leganes,Villarreal,2,5,A,2,2,D,5,18,3,9,1,5,17,15,1,2,2,0,4.2,3.4,1.91,-13,-6,-4,2,-1,2
,2024-12-22,Betis,Vallecano,1,1,D,1,0,H,14,10,5,4,5,5,9,14,0,4,0,0,1.8,3.5,4.75,4,1,0,-5,-4,0
,2025-01-03,Valencia,Real Madrid,1,2,A,1,0,H,8,17,5,5,2,5,16,9,2,3,0,1,7.0,4.5,1.42,-9,0,-3,7,-1,-1
,2025-01-10,Vallecano,Celta,2,1,H,1,1,D,8,23,5,7,3,3,18,9,2,3,0,1,2.75,3.1,2.7,-15,-2,0,9,-1,-1
,2025-01-11,Sevilla,Valencia,1,1,D,0,0,D,15,5,5,1,10,1,16,8,1,2,0,0,2.0,3.3,4.0,10,4,9,8,-1,0
,2025-01-11,Espanol,Leganes,1,1,D,1,1,D,15,14,5,6,8,4,15,19,2,2,0,1,2.1,3.0,4.0,1,-1,4,-4,0,-1
,2025-01-11,Alaves,Girona,0,1,A,0,0,D,11,3,2,1,6,3,16,11,1,4,0,0,2.75,3.1,2.75,8,1,3,5,-3,0
,2025-01-11,Valladolid,Betis,1,0,H,0,0,D,12,14,1,3,1,8,21,10,2,4,0,0,4.5,3.5,1.83,-2,-2,-7,11,-2,0
,2025-01-12,Las Palmas,Getafe,1,2,A,0,0,D,15,12,7,3,4,5,14,17,2,3,0,0,2.45,2.9,3.3,3,4,-1,-3,-1,0
,2025-01-12,Ath Madrid,Osasuna,1,0,H,0,0,D,9,6,5,1,4,0,8,14,2,0,0,0,1.33,5.0,10.0,3,4,4,-6,2,0
,2025-01-13,Sociedad,Villarreal,1,0,H,0,0,D,6,15,3,5,3,7,17,6,4,2,0,0,2.0,3.3,4.0,-9,-2,-4,11,2,0
,2025-01-17,Espanol,Valladolid,2,1,H,1,0,H,12,11,4,4,1,7,13,16,2,2,0,0,1.75,3.4,5.25,1,0,-6,-3,0,0
,2025-01-18,Girona,Sevilla,1,2,A,1,0,H,7,14,4,6,7,4,6,15,0,4,0,0,1.91,3.5,4.0,-7,-2,3,-9,-4,0
,2025-01-18,Leganes,Ath Madrid,1,0,H,0,0,D,9,19,3,4,2,9,16,6,1,3,0,0,7.0,4.0,1.5,-10,-1,-7,10,-2,0
,2025-01-18,Betis,Alaves,1,3,A,1,1,D,7,9,2,5,2,3,12,24,4,5,1,0,1.75,3.6,4.75,-2,-3,-1,-12,-1,1
,2025-01-18,Getafe,Barcelona,1,1,D,1,1,D,10,21,4,5,2,10,9,9,3,2,0,0,6.5,4.2,1.5,-11,-1,-8,0,1,0
,2025-01-19,Valencia,Sociedad,1,0,H,1,0,H,7,9,2,3,4,7,10,12,3,4,0,0,3.1,3.0,2.55,-2,-1,-3,-2,-1,0
,2025-01-19,Osasuna,Vallecano,1,1,D,0,1,A,12,8,3,3,6,3,9,13,3,2,0,0,2.15,3.0,3.8,4,0,3,-4,1,0
,2025-01-19,Real Madrid,Las Palmas,4,1,H,3,1,H,26,6,13,2,8,2,11,13,0,1,0,1,1.14,7.5,17.0,20,11,6,-2,-1,-1
,2025-01-19,Celta,Ath Bilbao,1,2,A,0,0,D,3,14,1,6,3,4,14,6,0,0,0,0,2.8,3.2,2.6,-11,-5,-1,8,0,0
,2025-01-20,Villarreal,Mallorca,4,0,H,4,0,H,14,9,7,2,6,5,9,12,1,3,0,0,1.73,3.5,5.25,5,5,1,-3,-2,0
,2025-01-24,Las Palmas,Osasuna,1,1,D,0,0,D,16,16,7,4,4,2,14,17,7,8,1,0,2.5,3.1,3.0,0,3,2,-3,-1,1
,2025-01-25,Mallorca,Betis,0,1,A,0,0,D,16,8,3,3,4,4,12,18,2,2,1,0,2.25,3.0,3.5,8,0,0,-6,0,1
,2025-01-25,Ath Madrid,Villarreal,1,1,D,0,1,A,20,11,8,1,5,6,10,14,4,2,0,0,1.7,4.0,4.75,9,7,-1,-4,2,0
,2025-01-25,Sevilla,Espanol,1,1,D,0,1,A,25,6,4,1,5,1,13,14,1,4,0,0,1.7,3.8,4.75,19,3,4,-1,-3,0
,2025-01-25,Valladolid,Real Madrid,0,3,A,0,1,A,6,20,2,4,1,7,11,12,3,3,1,0,10.0,6.0,1.27,-14,-2,-6,-1,0,1
,2025-01-26,Ath Bilbao,Leganes,0,0,D,0,0,D,29,5,3,2,16,1,10,8,1,1,0,0,1.38,5.0,7.5,24,1,15,2,0,0
,2025-01-26,Vallecano,Girona,2,1,H,0,0,D,17,12,7,5,4,1,19,9,3,1,0,0,2.75,2.9,2.88,5,2,3,10,2,0
,2025-01-26,Sociedad,Getafe,0,3,A,0,0,D,13,13,4,4,5,2,11,15,3,6,0,0,1.75,3.4,5.5,0,0,3,-4,-3,0
,2025-01-26,Barcelona,Valencia,7,1,H,5,0,H,22,7,11,2,14,4,10,12,0,1,0,0,1.22,7.5,10.0,15,9,10,-2,-1,0
,2025-01-27,Alaves,Celta,1,1,D,1,0,H,3,5,1,2,3,4,15,14,2,3,0,0,2.63,3.0,3.0,-2,-1,-1,1,-1,0
,2025-01-31,Leganes,Vallecano,0,1,A,0,0,D,5,19,1,3,2,9,7,19,2,4,1,0,3.3,3.0,2.38,-14,-2,-7,-12,-2,1
,2025-02-01,Getafe,Sevilla,0,0,D,0,0,D,7,13,1,1,6,5,15,12,4,6,0,0,2.45,2.9,3.25,-6,0,1,3,-2,0
,2025-02-01,Villarreal,Valladolid,5,1,H,1,0,H,22,8,8,2,3,6,9,14,1,2,0,0,1.22,7.0,10.0,14,6,-3,-5,-1,0
,2025-02-01,Ath Madrid,Mallorca,2,0,H,1,0,H,17,10,5,1,10,4,9,14,2,3,0,0,1.4,4.33,8.5,7,4,6,-5,-1,0
,2025-02-01,Espanol,Real Madrid,1,0,H,0,0,D,5,21,2,7,1,8,14,3,2,0,0,0,9.0,5.75,1.3,-16,-5,-7,11,2,0
,2025-02-02,Barcelona,Alaves,1,0,H,0,0,D,11,3,4,0,5,2,8,20,5,2,0,0,1.2,7.5,13.0,8,4,3,-12,3,0
,2025-02-02,Valencia,Celta,2,1,H,1,0,H,8,3,5,2,5,2,9,17,1,2,0,0,2.3,3.1,3.25,5,3,3,-8,-1,0
,2025-02-02,Osasuna,Sociedad,2,1,H,1,0,H,11,13,4,3,3,5,10,8,3,3,0,0,3.0,3.0,2.55,-2,1,-2,2,0,0
,2025-02-02,Betis,Ath Bilbao,2,2,D,2,1,H,10,12,6,4,3,7,10,20,3,1,0,0,2.9,3.3,2.45,-2,2,-4,-10,2,0
,2025-02-03,Girona,Las Palmas,2,1,H,1,0,H,12,10,4,2,11,3,12,12,2,2,0,0,1.6,4.2,5.0,2,2,8,0,0,0
,2025-02-07,Vallecano,Valladolid,1,0,H,0,0,D,20,8,6,3,4,2,11,15,2,2,0,0,1.5,4.1,7.0,12,3,2,-4,0,0
,2025-02-08,Celta,Betis,3,2,H,0,2,A,14,12,6,5,4,7,11,11,3,5,0,0,2.25,3.4,3.2,2,1,-3,0,-2,0
,2025-02-08,Ath Bilbao,Girona,3,0,H,2,0,H,23,3,8,1,11,2,7,12,0,4,0,0,1.65,4.0,5.0,20,7,9,-5,-4,0
,2025-02-08,Las Palmas,Villarreal,1,2,A,0,0,D,20,9,4,4,6,5,12,12,6,3,0,0,4.75,3.9,1.7,11,0,1,0,3,0
,2025-02-08,Real Madrid,Ath Madrid,1,1,D,0,1,A,23,10,9,1,6,1,14,13,1,3,0,0,1.85,3.6,4.2,13,8,5,1,-2,0
,2025-02-09,Alaves,Getafe,0,1,A,0,1,A,12,4,4,3,8,3,16,16,2,6,0,0,2.3,2.9,3.6,8,1,5,0,-4,0
,2025-02-09,Valencia,Leganes,2,0,H,2,0,H,18,12,4,4,9,3,14,9,1,1,0,0,1.73,3.4,5.5,6,0,6,5,0,0
,2025-02-09,Sociedad,Espanol,2,1,H,1,0,H,13,4,3,1,6,0,11,17,1,2,0,0,1.6,3.9,5.75,9,2,6,-6,-1,0
,2025-02-09,Sevilla,Barcelona,1,4,A,1,1,D,8,10,4,6,5,6,14,6,5,2,0,1,5.25,4.5,1.55,-2,-2,-1,8,3,-1
,2025-02-10,Mallorca,Osasuna,1,1,D,0,0,D,10,19,2,4,7,11,7,11,1,4,0,0,2.0,3.0,4.33,-9,-2,-4,-4,-3,0
,2025-02-14,Girona,Getafe,1,2,A,0,1,A,14,10,4,6,3,3,11,23,2,3,1,0,1.95,3.25,4.33,4,-2,0,-12,-1,1
,2025-02-15,Villarreal,Valencia,1,1,D,1,0,H,13,12,4,3,4,5,6,17,0,5,0,0,1.5,4.5,5.5,1,1,-1,-11,-5,0
,2025-02-15,Ath Madrid,Celta,1,1,D,0,0,D,9,11,3,4,2,7,8,18,3,5,1,0,1.39,4.5,8.0,-2,-1,-5,-10,-2,1
,2025-02-15,Leganes,Alaves,3,3,D,2,1,H,8,16,3,7,3,2,18,15,4,5,1,0,3.1,2.9,2.6,-8,-4,1,3,-1,1
,2025-02-15,Osasuna,Real Madrid,1,1,D,0,1,A,11,17,4,6,6,2,16,7,3,1,0,1,5.75,4.1,1.57,-6,-2,4,9,2,-1
,2025-02-16,Espanol,Ath Bilbao,1,1,D,0,0,D,12,14,4,4,2,7,12,8,1,1,0,0,5.5,3.4,1.73,-2,0,-5,4,0,0
,2025-02-16,Valladolid,Sevilla,0,4,A,0,2,A,7,11,2,6,3,2,11,10,4,2,0,0,4.0,3.4,1.95,-4,-4,1,1,2,0
,2025-02-16,Mallorca,Las Palmas,3,1,H,3,0,H,14,9,5,4,3,5,7,13,1,4,0,0,1.73,3.5,5.25,5,1,-2,-6,-3,0
,2025-02-16,Betis,Sociedad,3,0,H,0,0,D,24,5,8,1,5,5,9,15,0,2,0,2,2.55,3.1,2.9,19,7,0,-6,-2,-2
,2025-02-17,Barcelona,Vallecano,1,0,H,1,0,H,14,9,5,4,4,5,11,9,2,3,0,0,1.22,7.0,11.0,5,1,-1,2,-1,0
,2025-02-21,Celta,Osasuna,1,0,H,0,0,D,12,18,5,1,5,4,11,13,1,0,0,0,1.67,3.75,5.25,-6,4,1,-2,1,0
,2025-02-22,Las Palmas,Barcelona,0,2,A,0,0,D,10,15,2,5,5,3,13,4,1,1,0,0,8.5,7.0,1.25,-5,-3,2,9,0,0
,2025-02-22,Valencia,Ath Madrid,0,3,A,0,2,A,18,11,2,3,7,0,18,16,1,3,0,0,4.2,3.4,1.91,7,-1,7,2,-2,0
,2025-02-22,Alaves,Espanol,0,1,A,0,0,D,15,9,5,2,7,0,13,17,2,2,0,0,1.8,3.25,5.25,6,3,7,-4,0,0
,2025-02-22,Vallecano,Villarreal,0,1,A,0,0,D,10,10,5,5,3,5,15,12,1,4,1,0,2.88,3.5,2.38,0,0,-2,3,-3,1
,2025-02-23,Ath Bilbao,Valladolid,7,1,H,4,0,H,29,5,16,3,4,4,10,5,2,3,0,1,1.17,7.0,19.0,24,13,0,5,-1,-1
,2025-02-23,Real Madrid,Girona,2,0,H,1,0,H,22,6,5,2,11,5,1,7,0,2,0,0,1.29,6.25,8.5,16,3,6,-6,-2,0
,2025-02-23,Getafe,Betis,1,2,A,0,1,A,10,13,4,6,2,5,17,20,3,0,1,1,2.6,3.1,2.9,-3,-2,-3,-3,3,0
,2025-02-23,Sociedad,Leganes,3,0,H,1,0,H,12,8,5,2,3,3,13,13,3,3,0,0,1.55,3.75,7.0,4,3,0,0,0,0
,2025-02-24,Sevilla,Mallorca,1,1,D,1,0,H,19,13,4,2,4,4,11,12,1,3,0,0,2.05,3.2,3.9,6,2,0,-1,-2,0
,2025-02-28,Valladolid,Las Palmas,1,1,D,0,1,A,23,4,7,3,13,4,11,8,2,1,0,1,3.1,3.2,2.4,19,4,9,3,1,-1
,2025-03-01,Betis,Real Madrid,2,1,H,1,1,D,18,9,3,2,9,2,17,12,3,4,0,0,4.33,4.0,1.73,9,1,7,5,-1,0
,2025-03-01,Girona,Celta,2,2,D,1,1,D,9,10,6,6,4,2,8,17,0,0,0,0,2.2,3.5,3.25,-1,0,2,-9,0,0
,2025-03-01,Vallecano,Sevilla,1,1,D,0,0,D,20,10,8,5,6,6,14,9,1,0,0,0,2.3,3.2,3.3,10,3,0,5,1,0
,2025-03-01,Ath Madrid,Ath Bilbao,1,0,H,0,0,D,12,15,4,3,6,2,7,8,2,3,0,0,2.05,3.5,3.6,-3,1,4,-1,-1,0
,2025-03-02,Osasuna,Valencia,3,3,D,3,2,H,12,12,5,5,3,3,10,7,2,1,0,0,2.3,3.2,3.3,0,0,0,3,1,0
,2025-03-02,Mallorca,Alaves,1,1,D,1,0,H,15,19,4,7,3,9,20,14,0,2,0,0,2.25,3.1,3.5,-4,-3,-6,6,-2,0
,2025-03-02,Leganes,Getafe,1,0,H,0,0,D,5,9,1,0,2,6,15,15,1,1,0,0,3.1,2.88,2.6,-4,1,-4,0,0,0
,2025-03-02,Barcelona,Sociedad,4,0,H,2,0,H,33,0,10,0,12,0,15,6,0,0,0,1,1.25,5.75,12.0,33,10,12,9,0,-1
,2025-03-08,Celta,Leganes,2,1,H,2,1,H,7,12,4,6,2,5,10,9,3,2,0,0,1.55,3.8,7.0,-5,-2,-3,1,1,0
,2025-03-08,Alaves,Villarreal,1,0,H,1,0,H,5,24,3,2,1,6,11,13,3,1,2,0,3.1,3.25,2.38,-19,1,-5,-2,2,2
,2025-03-08,Valencia,Valladolid,2,1,H,1,1,D,17,11,4,4,5,4,11,10,1,3,0,0,1.38,4.5,9.0,6,0,1,1,-2,0
,2025-03-09,Getafe,Ath Madrid,2,1,H,0,0,D,11,4,3,2,4,4,10,14,6,2,0,1,4.5,3.1,1.95,7,1,0,-4,4,-1
,2025-03-09,Real Madrid,Vallecano,2,1,H,2,1,H,10,20,5,6,4,6,12,17,3,1,0,0,1.29,5.75,9.5,-10,-1,-2,-5,2,0
,2025-03-09,Ath Bilbao,Mallorca,1,1,D,0,0,D,8,9,2,2,3,3,6,13,1,3,0,0,1.62,3.7,6.0,-1,0,0,-7,-2,0
,2025-03-09,Betis,Las Palmas,1,0,H,0,0,D,14,8,6,1,11,1,12,14,2,8,0,1,1.42,4.5,7.5,6,5,10,-2,-6,-1
,2025-03-09,Sociedad,Sevilla,0,1,A,0,0,D,7,9,2,4,6,3,14,12,2,1,0,0,2.2,3.2,3.5,-2,-2,3,2,1,0
,2025-03-10,Espanol,Girona,1,1,D,0,0,D,7,18,4,4,4,9,11,13,3,3,0,0,3.1,3.2,2.4,-11,0,-5,-2,0,0
,2025-03-14,Las Palmas,Alaves,2,2,D,0,1,A,14,9,7,3,4,5,10,22,5,5,0,0,2.88,3.0,2.75,5,4,-1,-12,0,0
,2025-03-15,Girona,Valencia,1,1,D,0,0,D,14,12,4,2,9,4,12,5,2,1,0,0,1.92,3.5,3.9,2,2,5,7,1,0
,2025-03-15,Villarreal,Real Madrid,1,2,A,1,2,A,23,9,10,5,11,4,17,3,2,1,0,0,3.1,3.75,2.15,14,5,7,14,1,0
,2025-03-15,Valladolid,Celta,0,1,A,0,0,D,5,10,2,1,3,4,9,15,3,3,0,0,5.0,3.8,1.63,-5,1,-1,-6,0,0
,2025-03-15,Mallorca,Espanol,2,1,H,0,0,D,20,2,7,0,6,2,10,12,0,2,0,0,1.77,3.3,5.0,18,7,4,-2,-2,0
,2025-03-16,Vallecano,Sociedad,2,2,D,0,1,A,10,8,5,4,4,4,16,9,3,2,0,0,2.5,3.0,3.1,2,1,0,7,1,0
,2025-03-16,Leganes,Betis,2,3,A,2,0,H,10,21,4,6,3,7,16,5,2,1,0,0,3.8,3.3,2.05,-11,-2,-4,11,1,0
,2025-03-16,Sevilla,Ath Bilbao,0,1,A,0,0,D,11,9,4,4,4,6,13,12,4,2,0,0,2.9,3.2,2.5,2,0,-2,1,2,0
,2025-03-16,Osasuna,Getafe,1,2,A,1,0,H,12,7,4,4,3,2,19,15,2,3,0,1,2.25,2.88,3.8,5,0,1,4,-1,-1
,2025-03-16,Ath Madrid,Barcelona,2,4,A,1,0,H,7,13,2,6,6,6,10,11,1,3,0,0,3.1,3.6,2.2,-6,-4,0,-1,-2,0
,2025-03-27,Barcelona,Osasuna,3,0,H,2,0,H,19,4,5,0,8,4,7,14,1,3,0,0,1.29,7.0,7.0,15,5,4,-7,-2,0
,2025-03-29,Real Madrid,Leganes,3,2,H,1,2,A,24,10,10,4,8,3,9,13,1,4,0,0,1.14,8.0,17.0,14,6,5,-4,-3,0
,2025-03-29,Alaves,Vallecano,0,2,A,0,1,A,12,11,4,5,8,5,14,12,3,5,0,0,2.15,2.9,4.1,1,-1,3,2,-2,0
,2025-03-29,Sociedad,Valladolid,2,1,H,1,0,H,12,12,2,5,3,6,20,10,2,3,0,0,1.33,4.75,11.0,0,-3,-3,10,-1,0
,2025-03-29,Espanol,Ath Madrid,1,1,D,0,1,A,8,13,1,2,4,3,12,14,2,1,0,0,5.5,3.75,1.62,-5,-1,1,-2,1,0
,2025-03-30,Getafe,Villarreal,1,2,A,1,2,A,11,9,4,3,3,1,16,21,1,4,0,0,3.25,3.1,2.35,2,1,2,-5,-3,0
,2025-03-30,Barcelona,Girona,4,1,H,1,0,H,21,4,9,2,10,2,8,11,0,1,0,0,1.25,6.5,10.0,17,7,8,-3,-1,0
,2025-03-30,Ath Bilbao,Osasuna,0,0,D,0,0,D,11,5,5,2,3,4,12,12,1,1,0,0,1.45,4.1,7.0,6,3,-1,0,0,0
,2025-03-30,Valencia,Mallorca,1,0,H,0,0,D,8,8,2,2,4,5,16,15,5,5,0,0,2.15,3.1,3.75,0,0,-1,1,0,0
,2025-03-30,Betis,Sevilla,2,1,H,2,1,H,11,6,3,2,2,2,10,22,4,4,0,0,1.83,3.5,4.33,5,1,0,-12,0,0
,2025-03-31,Celta,Las Palmas,1,1,D,1,0,H,19,4,7,2,4,2,17,5,3,0,0,0,1.57,4.1,5.5,15,5,2,12,3,0
,2025-04-04,Vallecano,Espanol,0,4,A,0,2,A,16,15,5,7,8,4,8,10,2,2,0,0,1.65,3.5,6.0,1,-2,4,-2,0,0
,2025-04-05,Girona,Alaves,0,1,A,0,0,D,11,14,6,3,1,5,9,16,1,4,0,0,2.05,3.4,3.6,-3,3,-4,-7,-3,0
,2025-04-05,Real Madrid,Valencia,1,2,A,0,1,A,21,10,9,2,9,4,10,13,0,4,0,0,1.3,5.75,8.5,11,7,5,-3,-4,0
,2025-04-05,Mallorca,Celta,1,2,A,1,0,H,7,10,2,4,4,2,9,11,3,0,0,0,2.63,3.2,2.8,-3,-2,2,-2,3,0
,2025-04-05,Barcelona,Betis,1,1,D,1,1,D,13,6,5,2,9,3,16,12,2,1,0,0,1.36,5.5,7.0,7,3,6,4,1,0
,2025-04-06,Las Palmas,Sociedad,1,3,A,0,1,A,13,13,5,8,5,4,7,10,0,2,0,0,3.2,3.2,2.35,0,-3,1,-3,-2,0
,2025-04-06,Sevilla,Ath Madrid,1,2,A,1,1,D,11,13,6,5,7,7,14,12,1,4,0,0,3.5,3.2,2.2,-2,1,0,2,-3,0
,2025-04-06,Valladolid,Getafe,0,4,A,0,3,A,5,16,0,9,3,4,11,17,3,1,1,0,4.75,3.1,1.9,-11,-9,-1,-6,2,1
,2025-04-06,Villarreal,Ath Bilbao,0,0,D,0,0,D,12,11,4,2,6,5,9,13,0,1,1,0,2.2,3.3,3.25,1,2,1,-4,-1,1
,2025-04-07,Leganes,Osasuna,1,1,D,0,0,D,13,14,7,6,4,8,18,14,3,3,0,0,2.7,3.1,2.75,-1,1,-4,4,0,0
,2025-04-11,Valencia,Sevilla,1,0,H,1,0,H,8,12,6,5,3,3,10,18,3,2,0,0,2.3,3.1,3.4,-4,1,0,-8,1,0
,2025-04-12,Leganes,Barcelona,0,1,A,0,0,D,6,12,1,3,4,8,10,4,2,1,0,0,8.5,6.0,1.3,-6,-2,-4,6,1,0
,2025-04-12,Getafe,Las Palmas,1,3,A,1,0,H,11,10,6,5,3,2,14,15,0,2,1,0,1.75,3.3,5.5,1,1,1,-1,-2,1
,2025-04-12,Sociedad,Mallorca,0,2,A,0,1,A,15,7,4,3,8,2,11,12,3,1,0,0,1.75,3.4,5.5,8,1,6,-1,2,0
,2025-04-12,Celta,Espanol,0,2,A,0,1,A,16,5,6,3,13,5,14,10,2,2,0,0,1.62,3.7,6.0,11,3,8,4,0,0
,2025-04-13,Osasuna,Girona,2,1,H,1,0,H,13,18,6,8,4,4,17,15,2,0,0,0,2.45,3.2,3.1,-5,-2,0,2,2,0
,2025-04-13,Alaves,Real Madrid,0,1,A,0,1,A,13,11,6,4,4,4,21,12,4,4,1,1,5.25,4.1,1.62,2,2,0,9,0,0
,2025-04-13,Betis,Villarreal,1,2,A,1,1,D,24,8,5,2,5,5,4,13,0,4,0,0,2.35,3.3,3.1,16,3,0,-9,-4,0
,2025-04-13,Ath Bilbao,Vallecano,3,1,H,0,1,A,13,11,4,3,7,1,12,7,4,3,0,0,1.75,3.4,5.5,2,1,6,5,1,0
,2025-04-14,Ath Madrid,Valladolid,4,2,H,2,1,H,24,6,9,3,5,1,11,8,1,1,0,0,1.14,8.0,19.0,18,6,4,3,0,0
,2025-04-18,Espanol,Getafe,1,0,H,1,0,H,9,9,3,4,6,8,12,15,0,2,0,1,2.88,2.63,3.0,0,-1,-2,-3,-2,-1
,2025-04-19,Vallecano,Valencia,1,1,D,1,0,H,11,10,4,3,5,2,18,13,3,1,0,0,2.25,3.0,3.4,1,1,3,5,2,0
,2025-04-19,Barcelona,Celta,4,3,H,1,1,D,18,11,6,8,4,1,10,13,2,2,0,0,1.3,5.75,8.0,7,-2,3,-3,0,0
,2025-04-19,Mallorca,Leganes,0,0,D,0,0,D,11,15,1,1,4,4,17,15,2,1,0,0,1.85,3.1,5.0,-4,0,0,2,1,0
,2025-04-19,Las Palmas,Ath Madrid,1,0,H,0,0,D,8,7,2,2,4,4,13,13,3,1,0,0,5.75,4.2,1.55,1,0,0,0,2,0
,2025-04-20,Real Madrid,Ath Bilbao,1,0,H,0,0,D,22,3,7,1,14,1,7,15,1,2,0,0,1.65,3.9,5.25,19,6,13,-8,-1,0
,2025-04-20,Sevilla,Alaves,1,1,D,1,1,D,10,11,2,3,3,6,10,11,2,2,0,0,2.0,3.1,4.2,-1,-1,-3,-1,0,0
,2025-04-20,Valladolid,Osasuna,2,3,A,0,2,A,12,11,5,6,5,2,12,17,2,0,0,0,4.5,3.4,1.83,1,-1,3,-5,2,0
,2025-04-20,Villarreal,Sociedad,2,2,D,1,1,D,20,4,5,4,10,4,12,12,5,1,0,0,1.7,3.7,5.0,16,1,6,0,4,0
,2025-04-21,Girona,Betis,1,3,A,0,3,A,11,17,5,9,8,9,13,11,3,2,0,0,2.88,3.3,2.45,-6,-4,-1,2,1,0
,2025-04-22,Valencia,Espanol,1,1,D,0,1,A,16,8,7,3,6,4,7,7,2,1,0,0,1.95,3.3,4.1,8,4,2,0,1,0
,2025-04-22,Barcelona,Mallorca,1,0,H,0,0,D,40,4,13,0,13,2,10,7,0,1,0,0,1.2,7.0,13.0,36,13,11,3,-1,0
,2025-04-23,Ath Bilbao,Las Palmas,1,0,H,1,0,H,13,10,4,2,3,3,13,9,1,3,0,0,1.36,5.25,7.0,3,2,0,4,-2,0
,2025-04-23,Celta,Villarreal,3,0,H,1,0,H,21,4,9,1,6,3,16,10,2,1,0,1,2.5,3.4,2.8,17,8,3,6,1,-1
,2025-04-23,Alaves,Sociedad,1,0,H,0,0,D,10,6,1,0,6,6,17,17,4,5,0,0,2.35,3.0,3.4,4,1,0,0,-1,0
,2025-04-23,Getafe,Real Madrid,0,1,A,0,1,A,20,14,6,7,4,4,15,7,3,1,0,0,4.75,3.6,1.75,6,-1,0,8,2,0
,2025-04-24,Betis,Valladolid,5,1,H,1,1,D,16,10,6,5,4,4,7,7,1,0,0,0,1.2,7.0,13.0,6,1,0,0,1,0
,2025-04-24,Ath Madrid,Vallecano,3,0,H,2,0,H,10,12,5,5,6,3,8,15,0,2,0,0,1.53,4.0,6.5,-2,0,3,-7,-2,0
,2025-04-24,Leganes,Girona,1,1,D,0,0,D,7,8,1,3,4,5,16,18,4,2,1,0,2.75,3.1,2.75,-1,-2,-1,-2,2,1
,2025-04-24,Osasuna,Sevilla,1,0,H,1,0,H,9,12,2,3,4,4,14,13,4,2,0,1,2.5,3.0,3.2,-3,-1,0,1,2,-1
,2025-04-27,Villarreal,Espanol,1,0,H,0,0,D,14,12,5,1,8,6,19,11,4,0,0,0,1.44,5.0,6.25,2,4,2,8,4,0
,2025-05-02,Vallecano,Getafe,1,0,H,1,0,H,13,12,8,1,7,3,12,13,3,2,0,1,2.38,3.0,3.4,1,7,4,-1,1,-1
,2025-05-03,Alaves,Ath Madrid,0,0,D,0,0,D,8,9,2,2,3,5,18,13,3,2,0,0,3.7,3.1,2.15,-1,0,-2,5,1,0
,2025-05-03,Villarreal,Osasuna,4,2,H,3,0,H,15,11,5,4,2,8,10,18,4,1,0,0,1.53,4.2,6.0,4,1,-6,-8,3,0
,2025-05-03,Las Palmas,Valencia,2,3,A,1,1,D,15,10,3,5,9,5,12,6,1,1,0,0,2.63,3.3,2.7,5,-2,4,6,0,0
,2025-05-03,Valladolid,Barcelona,1,2,A,1,0,H,5,24,4,7,4,8,12,15,3,2,0,0,15.0,8.0,1.14,-19,-3,-4,-3,1,0
,2025-05-04,Espanol,Betis,1,2,A,1,0,H,11,20,5,10,3,7,16,10,2,0,0,0,3.3,3.0,2.38,-9,-5,-4,6,2,0
,2025-05-04,Sociedad,Ath Bilbao,0,0,D,0,0,D,12,3,3,1,7,3,18,13,1,2,0,0,2.55,3.0,3.0,9,2,4,5,-1,0
,2025-05-04,Sevilla,Leganes,2,2,D,1,1,D,25,9,7,3,8,2,17,12,4,5,0,0,1.77,3.5,4.75,16,4,6,5,-1,0
,2025-05-04,Real Madrid,Celta,3,2,H,2,0,H,17,14,6,7,4,6,5,11,2,1,0,0,1.33,5.75,7.0,3,-1,-2,-6,1,0
,2025-05-05,Girona,Mallorca,1,0,H,1,0,H,13,9,6,1,5,2,11,14,0,2,0,0,2.0,3.1,4.2,4,5,3,-3,-2,0
,2025-05-09,Las Palmas,Vallecano,0,1,A,0,0,D,11,16,2,5,8,8,8,9,2,3,0,0,2.45,3.25,3.0,-5,-3,0,-1,-1,0
,2025-05-10,Valencia,Getafe,3,0,H,3,0,H,10,10,6,3,2,6,17,20,3,5,0,0,2.0,3.0,4.33,0,3,-4,-3,-2,0
,2025-05-10,Celta,Sevilla,3,2,H,1,1,D,8,19,4,10,3,6,11,16,0,2,1,0,1.8,3.6,4.5,-11,-6,-3,-5,-2,1
,2025-05-10,Girona,Villarreal,0,1,A,0,0,D,7,14,0,5,5,3,13,10,2,3,0,0,3.1,3.8,2.1,-7,-5,2,3,-1,0
,2025-05-10,Mallorca,Valladolid,2,1,H,1,1,D,12,16,4,7,5,10,16,12,2,1,0,0,1.33,5.25,9.0,-4,-3,-5,4,1,0
,2025-05-10,Ath Madrid,Sociedad,4,0,H,4,0,H,13,6,7,1,3,3,7,12,0,1,0,0,1.67,3.7,5.0,7,6,0,-5,-1,0
,2025-05-11,Betis,Osasuna,1,1,D,0,0,D,10,16,5,5,6,7,8,12,3,2,0,0,1.62,3.75,5.75,-6,0,-1,-4,1,0
,2025-05-11,Ath Bilbao,Alaves,1,0,H,0,0,D,11,4,3,1,9,2,17,12,1,1,0,0,1.8,2.9,4.5,7,2,7,5,0,0
,2025-05-11,Barcelona,Real Madrid,4,3,H,4,2,H,23,9,9,5,10,2,17,15,4,3,0,0,1.9,3.7,3.2,14,4,8,2,1,0
,2025-05-11,Leganes,Espanol,3,2,H,2,0,H,13,12,5,6,3,8,14,18,2,2,0,0,2.4,3.0,3.2,1,-1,-5,-4,0,0
,2025-05-13,Valladolid,Girona,0,1,A,0,0,D,11,13,4,5,6,4,5,19,0,0,0,0,4.75,3.9,1.73,-2,-1,2,-14,0,0
,2025-05-13,Sociedad,Celta,0,1,A,0,1,A,15,6,5,2,14,1,18,11,3,1,0,0,2.3,3.3,3.1,9,3,13,7,2,0
,2025-05-13,Sevilla,Las Palmas,1,0,H,0,0,D,10,14,3,3,4,2,22,15,6,6,0,0,1.67,3.7,5.25,-4,0,2,7,0,0
,2025-05-14,Alaves,Valencia,1,0,H,0,0,D,11,10,5,3,9,4,16,10,4,3,0,0,2.1,3.1,3.7,1,2,5,6,1,0
,2025-05-14,Villarreal,Leganes,3,0,H,3,0,H,17,23,7,6,3,6,5,11,1,1,0,0,1.33,5.75,8.0,-6,1,-3,-6,0,0
,2025-05-14,Real Madrid,Mallorca,2,1,H,0,1,A,39,4,13,2,26,0,6,15,0,3,0,0,1.38,5.25,7.0,35,11,26,-9,-3,0
,2025-05-15,Espanol,Barcelona,0,2,A,0,0,D,9,12,1,4,3,3,8,10,2,2,1,0,9.0,5.75,1.3,-3,-3,0,-2,0,1
,2025-05-15,Getafe,Ath Bilbao,0,2,A,0,0,D,11,9,1,2,2,5,10,7,1,0,0,0,3.2,2.75,2.63,2,-1,-3,3,1,0
,2025-05-15,Vallecano,Betis,2,2,D,2,0,H,20,10,6,3,10,7,8,18,1,3,0,0,3.0,3.2,2.4,10,3,3,-10,-2,0
,2025-05-15,Osasuna,Ath Madrid,2,0,H,1,0,H,9,9,3,5,3,5,12,11,1,1,0,0,3.6,3.3,2.1,0,-2,-2,1,0,0
,2025-05-18,Valencia,Ath Bilbao,0,1,A,0,0,D,6,10,2,4,5,3,10,16,3,1,0,0,2.2,3.0,3.8,-4,-2,2,-6,2,0
,2025-05-18,Ath Madrid,Betis,4,1,H,2,0,H,20,12,11,7,7,4,12,9,1,1,0,0,1.91,3.6,3.8,8,4,3,3,0,0
,2025-05-18,Barcelona,Villarreal,2,3,A,2,1,H,24,7,9,3,11,3,14,9,2,0,0,0,1.83,4.1,3.75,17,6,8,5,2,0
,2025-05-18,Celta,Vallecano,1,2,A,1,2,A,24,7,7,2,9,2,10,17,2,3,0,0,1.75,3.9,4.33,17,5,7,-7,-1,0
,2025-05-18,Las Palmas,Leganes,0,1,A,0,1,A,12,11,3,4,9,2,15,12,2,2,0,0,2.9,3.5,2.35,1,-1,7,3,0,0
,2025-05-18,Mallorca,Getafe,1,2,A,0,0,D,7,10,1,4,3,4,14,9,2,2,0,0,2.0,3.2,4.2,-3,-3,-1,5,0,0
,2025-05-18,Osasuna,Espanol,2,0,H,1,0,H,16,16,3,6,8,6,11,5,1,1,0,0,1.8,3.3,4.75,0,-3,2,6,0,0
,2025-05-18,Sevilla,Real Madrid,0,2,A,0,0,D,6,16,1,6,1,7,7,9,0,1,2,0,4.2,4.0,1.75,-10,-5,-6,-2,-1,2
,2025-05-18,Sociedad,Girona,3,2,H,2,1,H,15,9,9,5,9,2,10,9,1,3,0,0,2.05,3.1,4.1,6,4,7,1,-2,0
,2025-05-18,Valladolid,Alaves,0,1,A,0,1,A,7,14,1,4,5,9,12,24,0,2,0,0,6.0,3.75,1.6,-7,-3,-4,-12,-2,0
,2025-05-23,Betis,Valencia,1,1,D,1,0,H,14,9,4,2,3,2,8,12,1,2,0,0,1.91,3.75,3.75,5,2,1,-4,-1,0
,2025-05-24,Real Madrid,Sociedad,2,0,H,1,0,H,16,9,8,1,11,4,5,7,0,0,0,0,1.42,5.0,6.5,7,7,7,-2,0,0
,2025-05-24,Espanol,Las Palmas,2,0,H,0,0,D,8,10,3,4,3,6,12,11,3,2,0,0,1.38,4.75,8.0,-2,-1,-3,1,1,0
,2025-05-24,Leganes,Valladolid,3,0,H,3,0,H,16,6,6,2,3,4,11,16,0,1,0,0,1.3,5.5,9.5,10,4,-1,-5,-1,0
,2025-05-24,Alaves,Osasuna,1,1,D,0,0,D,14,19,5,5,5,9,15,6,2,2,0,0,3.2,3.2,2.35,-5,0,-4,9,0,0
,2025-05-24,Getafe,Celta,1,2,A,1,1,D,6,15,1,8,2,6,13,10,3,4,1,0,4.1,3.75,1.85,-9,-7,-4,3,-1,1
,2025-05-24,Vallecano,Mallorca,0,0,D,0,0,D,27,9,8,2,11,2,9,14,2,2,0,0,1.53,4.2,6.25,18,6,9,-5,0,0
,2025-05-25,Girona,Ath Madrid,0,4,A,0,0,D,2,19,1,11,1,8,13,11,0,1,0,0,3.8,3.75,1.91,-17,-10,-7,2,-1,0
,2025-05-25,Villarreal,Sevilla,4,2,H,3,1,H,12,17,7,6,3,5,8,14,0,1,0,0,1.48,5.0,6.0,-5,1,-2,-6,-1,0
,2025-05-25,Ath Bilbao,Barcelona,0,3,A,0,2,A,10,13,1,4,2,6,21,10,1,0,0,0,3.2,3.75,2.1,-3,-3,-4,11,1,0
,2025-08-15,Villarreal,Oviedo,2,0,H,2,0,H,25,5,10,4,10,1,10,8,1,2,0,1,1.4,4.75,8.0,20,6,9,2,-1,-1
,2025-08-15,Girona,Vallecano,1,3,A,0,3,A,7,16,2,5,2,4,8,17,0,1,1,0,2.25,3.25,3.3,-9,-3,-2,-9,-1,1
,2025-08-16,Mallorca,Barcelona,0,3,A,0,2,A,4,24,1,8,3,6,8,17,4,1,2,0,7.0,5.0,1.4,-20,-7,-3,-9,3,2
,2025-08-16,Alaves,Levante,2,1,H,1,0,H,15,7,4,3,10,1,15,13,0,1,0,0,2.15,3.0,3.8,8,1,9,2,-1,0
,2025-08-16,Valencia,Sociedad,1,1,D,0,0,D,18,13,2,3,8,7,5,11,1,2,0,0,2.6,2.9,3.1,5,-1,1,-6,-1,0
,2025-08-17,Celta,Getafe,0,2,A,0,0,D,11,10,3,3,9,3,15,17,3,2,0,0,1.73,3.5,5.25,1,0,6,-2,1,0
,2025-08-17,Ath Bilbao,Sevilla,3,2,H,2,0,H,14,12,3,6,10,1,8,12,0,2,0,0,1.57,3.9,6.0,2,-3,9,-4,-2,0
,2025-08-17,Espanol,Ath Madrid,2,1,H,0,1,A,10,15,5,4,1,3,14,11,3,3,0,0,6.0,3.9,1.57,-5,1,-2,3,0,0
,2025-08-18,Elche,Betis,1,1,D,0,1,A,6,12,2,4,1,3,14,13,0,1,0,0,3.4,3.3,2.2,-6,-2,-2,1,-1,0
,2025-08-19,Real Madrid,Osasuna,1,0,H,0,0,D,18,2,5,0,7,0,10,12,1,0,0,1,1.22,6.25,13.0,16,5,7,-2,1,-1
,2025-08-22,Betis,Alaves,1,0,H,1,0,H,16,11,5,5,5,2,10,17,2,3,0,0,1.91,3.4,4.2,5,0,3,-7,-1,0
,2025-08-23,Levante,Barcelona,2,3,A,2,0,H,8,26,5,10,0,11,10,8,3,1,0,0,11.0,6.0,1.25,-18,-5,-11,2,2,0
,2025-08-23,Ath Madrid,Elche,1,1,D,1,1,D,13,6,6,2,10,2,14,7,0,3,0,0,1.25,5.25,15.0,7,4,8,7,-3,0
,2025-08-23,Mallorca,Celta,1,1,D,0,1,A,12,8,4,2,3,4,12,12,3,3,0,0,3.0,3.1,2.55,4,2,-1,0,0,0
,2025-08-24,Osasuna,Valencia,1,0,H,1,0,H,16,4,4,1,3,4,14,13,2,1,0,1,2.4,3.2,3.1,12,3,-1,1,1,-1
,2025-08-24,Sociedad,Espanol,2,2,D,0,2,A,15,14,7,3,5,2,16,18,2,2,0,0,1.8,3.4,5.0,1,4,3,-2,0,0
,2025-08-24,Villarreal,Girona,5,0,H,4,0,H,19,5,7,2,8,1,8,9,1,2,0,0,1.53,4.33,6.0,14,5,7,-1,-1,0
,2025-08-24,Oviedo,Real Madrid,0,3,A,0,1,A,6,26,3,10,1,9,8,7,2,1,0,0,9.5,5.5,1.3,-20,-7,-8,1,1,0
,2025-08-25,Ath Bilbao,Vallecano,1,0,H,0,0,D,11,6,4,1,3,6,13,13,0,4,0,0,1.7,3.5,5.5,5,3,-3,0,-4,0
,2025-08-25,Sevilla,Getafe,1,2,A,1,1,D,12,9,3,6,5,3,10,24,2,2,0,0,2.25,3.0,3.6,3,-3,2,-14,0,0
,2025-08-27,Celta,Betis,1,1,D,0,1,A,14,7,5,2,10,4,13,11,1,2,0,0,2.2,3.4,3.25,7,3,6,2,-1,0
,2025-08-29,Elche,Levante,2,0,H,0,0,D,16,11,5,1,4,2,14,17,1,2,0,0,2.15,3.25,3.5,5,4,2,-3,-1,0
,2025-08-29,Valencia,Getafe,3,0,H,1,0,H,7,11,4,1,8,6,18,7,2,0,0,0,2.3,2.9,3.6,-4,3,2,11,2,0
,2025-08-30,Real Madrid,Mallorca,2,1,H,2,1,H,17,9,7,5,4,5,12,7,2,0,0,0,1.18,7.0,15.0,8,2,-1,5,2,0
,2025-08-30,Girona,Sevilla,0,2,A,0,1,A,20,13,5,4,11,3,5,14,0,2,0,0,2.4,3.3,3.0,7,1,8,-9,-2,0
,2025-08-30,Alaves,Ath Madrid,1,1,D,1,1,D,5,15,2,6,1,6,10,17,2,3,0,0,4.75,3.5,1.8,-10,-4,-5,-7,-1,0
,2025-08-30,Oviedo,Sociedad,1,0,H,1,0,H,8,18,1,6,1,10,7,18,2,1,0,0,3.5,3.1,2.25,-10,-5,-9,-11,1,0
,2025-08-31,Celta,Villarreal,1,1,D,0,0,D,10,8,2,3,1,5,11,8,1,1,0,0,2.75,3.5,2.5,2,-1,-4,3,0,0
,2025-08-31,Betis,Ath Bilbao,1,2,A,0,0,D,9,15,2,6,4,10,9,16,1,4,0,1,3.0,3.1,2.55,-6,-4,-6,-7,-3,-1
,2025-08-31,Espanol,Osasuna,1,0,H,0,0,D,10,10,4,3,2,3,13,14,2,3,0,0,2.38,3.2,3.1,0,1,-1,-1,-1,0
,2025-08-31,Vallecano,Barcelona,1,1,D,0,1,A,12,12,6,3,9,4,16,8,4,1,0,0,6.25,5.5,1.4,0,3,5,8,3,0
,2025-09-12,Sevilla,Elche,2,2,D,1,0,H,7,5,3,2,2,2,23,19,4,3,0,0,1.85,3.4,4.5,2,1,0,4,1,0
,2025-09-13,Ath Madrid,Villarreal,2,0,H,1,0,H,8,8,3,1,8,3,12,15,2,4,0,0,1.8,3.7,4.33,0,2,5,-3,-2,0
,2025-09-13,Ath Bilbao,Alaves,0,1,A,0,0,D,12,4,3,2,6,6,17,21,4,3,0,0,1.6,3.9,5.75,8,1,0,-4,1,0
,2025-09-13,Getafe,Oviedo,2,0,H,2,0,H,10,5,3,1,4,3,12,18,2,5,0,1,1.95,3.1,4.5,5,2,1,-6,-3,-1
,2025-09-13,Sociedad,Real Madrid,1,2,A,0,2,A,23,16,4,6,12,4,17,7,2,1,0,1,5.0,4.33,1.6,7,-2,8,10,1,-1
,2025-09-14,Celta,Girona,1,1,D,0,1,A,21,13,7,8,10,3,7,9,0,3,0,0,1.73,3.9,4.75,8,-1,7,-2,-3,0
,2025-09-14,Levante,Betis,2,2,D,2,1,H,5,28,2,9,4,12,16,11,3,2,0,0,3.25,3.25,2.3,-23,-7,-8,5,1,0
,2025-09-14,Osasuna,Vallecano,2,0,H,1,0,H,9,19,7,6,3,6,13,7,3,2,0,0,2.55,3.2,2.9,-10,1,-3,6,1,0
,2025-09-14,Barcelona,Valencia,6,0,H,1,0,H,24,2,10,1,5,4,9,8,0,1,0,0,1.22,7.0,11.0,22,9,1,1,-1,0
,2025-09-15,Espanol,Mallorca,3,2,H,2,1,H,9,24,3,10,3,9,9,16,2,1,1,0,2.1,3.4,3.5,-15,-7,-6,-7,1,1
,2025-09-19,Betis,Sociedad,3,1,H,1,1,D,21,11,6,5,3,5,7,20,3,7,0,0,1.91,3.6,3.75,10,1,-2,-13,-4,0
,2025-09-20,Alaves,Sevilla,1,2,A,1,1,D,8,9,5,3,4,4,20,19,1,7,0,0,2.25,3.1,3.5,-1,2,0,1,-6,0
,2025-09-20,Valencia,Ath Bilbao,2,0,H,0,0,D,13,11,5,5,5,6,13,6,1,1,0,1,3.0,3.0,2.55,2,0,-1,7,0,-1
,2025-09-20,Villarreal,Osasuna,2,1,H,0,1,A,26,6,8,3,7,0,10,11,2,3,0,1,1.55,4.33,5.5,20,5,7,-1,-1,-1
,2025-09-20,Girona,Levante,0,4,A,0,1,A,7,14,1,7,5,4,11,17,4,3,2,0,1.91,3.6,4.0,-7,-6,1,-6,1,2
,2025-09-20,Real Madrid,Espanol,2,0,H,1,0,H,16,8,5,1,5,3,10,20,2,0,0,0,1.2,7.0,13.0,8,4,2,-10,2,0
,2025-09-21,Barcelona,Getafe,3,0,H,2,0,H,16,3,7,2,3,2,9,15,2,4,0,0,1.22,6.5,12.0,13,5,1,-6,-2,0
,2025-09-21,Vallecano,Celta,1,1,D,0,0,D,15,9,5,5,5,7,8,10,1,1,0,0,2.3,3.3,3.2,6,0,-2,-2,0,0
,2025-09-21,Mallorca,Ath Madrid,1,1,D,0,0,D,8,12,3,7,3,6,14,6,0,0,0,1,5.0,3.6,1.75,-4,-4,-3,8,0,-1
,2025-09-21,Elche,Oviedo,1,0,H,1,0,H,15,12,5,4,3,3,9,18,2,2,0,0,1.91,3.2,4.5,3,1,0,-9,0,0
,2025-09-23,Levante,Real Madrid,1,4,A,0,2,A,11,24,2,10,1,7,17,9,1,1,0,0,7.5,5.75,1.33,-13,-8,-6,8,0,0
,2025-09-23,Sevilla,Villarreal,1,2,A,0,1,A,16,12,2,5,3,3,17,14,2,3,0,0,3.1,3.4,2.3,4,-3,0,3,-1,0
,2025-09-23,Ath Bilbao,Girona,1,1,D,0,1,A,17,6,5,3,8,1,19,15,0,2,0,0,1.45,4.33,7.0,11,2,7,4,-2,0
,2025-09-23,Espanol,Valencia,2,2,D,0,1,A,21,5,10,2,8,3,9,9,1,4,0,0,2.25,3.1,3.4,16,8,5,0,-3,0
,2025-09-24,Ath Madrid,Vallecano,3,2,H,1,1,D,20,9,8,3,8,6,6,12,3,4,0,0,1.5,4.5,6.0,11,5,2,-6,-1,0
,2025-09-24,Sociedad,Mallorca,1,0,H,0,0,D,17,7,4,3,11,2,13,15,2,2,0,0,1.8,3.4,4.75,10,1,9,-2,0,0
,2025-09-24,Getafe,Alaves,1,1,D,0,0,D,7,10,1,4,2,7,14,20,2,3,0,0,2.3,2.9,3.6,-3,-3,-5,-6,-1,0
,2025-09-25,Osasuna,Elche,1,1,D,1,0,H,9,12,2,4,2,3,19,13,2,2,0,0,1.95,3.25,4.33,-3,-2,-1,6,0,0
,2025-09-25,Oviedo,Barcelona,1,3,A,1,0,H,7,22,3,10,6,9,10,6,1,0,0,0,10.0,5.75,1.25,-15,-7,-3,4,1,0
,2025-09-26,Girona,Espanol,0,0,D,0,0,D,12,20,3,5,8,4,9,11,0,1,0,0,2.45,3.3,2.88,-8,-2,4,-2,-1,0
,2025-09-27,Getafe,Levante,1,1,D,0,1,A,11,11,4,3,6,2,15,16,4,3,0,0,2.05,3.1,4.1,0,1,4,-1,1,0
,2025-09-27,Ath Madrid,Real Madrid,5,2,H,2,2,D,13,6,7,2,7,2,17,14,5,4,0,0,3.0,3.6,2.3,7,5,5,3,1,0
,2025-09-27,Mallorca,Alaves,1,0,H,1,0,H,12,12,3,3,4,8,14,18,2,3,0,0,2.35,3.0,3.4,0,0,-4,-4,-1,0
,2025-09-27,Villarreal,Ath Bilbao,1,0,H,0,0,D,14,16,5,4,6,5,13,11,2,0,0,0,2.1,3.25,3.7,-2,1,1,2,2,0
,2025-09-28,Betis,Osasuna,2,0,H,2,0,H,12,12,6,1,5,5,6,7,0,1,0,0,1.75,3.8,4.5,0,5,0,-1,-1,0
,2025-09-28,Barcelona,Sociedad,2,1,H,1,1,D,22,7,12,2,12,1,6,12,1,2,0,0,1.27,5.75,10.0,15,10,11,-6,-1,0
,2025-09-28,Elche,Celta,2,1,H,1,1,D,17,8,8,2,7,2,12,20,3,3,0,0,2.88,3.1,2.6,9,6,5,-8,0,0
,2025-09-28,Vallecano,Sevilla,0,1,A,0,0,D,18,4,6,1,12,4,12,15,3,2,1,0,2.0,3.3,4.0,14,5,8,-3,1,1
,2025-09-30,Valencia,Oviedo,1,2,A,1,0,H,16,10,5,4,5,4,14,12,1,4,0,1,1.7,3.5,5.5,6,1,1,2,-3,-1
,2025-10-03,Osasuna,Getafe,2,1,H,1,1,D,7,6,3,2,1,6,11,14,1,4,0,0,2.15,2.9,4.1,1,1,-5,-3,-3,0
,2025-10-04,Oviedo,Levante,0,2,A,0,1,A,13,14,2,5,9,3,10,10,2,2,0,0,2.5,3.3,2.88,-1,-3,6,0,0,0
,2025-10-04,Girona,Valencia,2,1,H,1,0,H,4,19,4,6,0,7,13,12,5,1,2,0,2.45,3.5,2.8,-15,-2,-7,1,4,2
,2025-10-04,Ath Bilbao,Mallorca,2,1,H,1,0,H,18,7,5,2,7,2,16,13,5,6,0,1,1.53,3.8,7.0,11,3,5,3,-1,-1
,2025-10-04,Real Madrid,Villarreal,3,1,H,0,0,D,26,9,7,2,4,0,9,14,2,4,0,1,1.45,5.0,6.0,17,5,4,-5,-2,-1
,2025-10-05,Celta,Ath Madrid,1,1,D,0,1,A,18,6,4,1,6,3,7,10,1,3,0,1,4.5,3.8,1.75,12,3,3,-3,-2,-1
,2025-10-05,Sociedad,Vallecano,0,1,A,0,0,D,10,7,3,2,7,5,13,21,1,2,0,0,2.05,3.6,3.5,3,1,2,-8,-1,0
,2025-10-05,Espanol,Betis,1,2,A,1,0,H,14,12,5,3,10,5,16,4,2,6,0,0,2.63,3.4,2.63,2,2,5,12,-4,0
,2025-10-05,Sevilla,Barcelona,4,1,H,2,1,H,13,17,5,8,7,6,18,9,7,5,0,0,5.75,5.25,1.45,-4,-3,1,9,2,0
,2025-10-05,Alaves,Elche,3,1,H,0,0,D,25,6,5,3,14,4,13,9,3,1,0,1,2.3,3.1,3.3,19,2,10,4,2,-1
,2025-10-17,Oviedo,Espanol,0,2,A,0,0,D,13,19,4,10,3,5,9,8,2,1,0,0,3.0,3.1,2.5,-6,-6,-2,1,1,0
,2025-10-18,Sevilla,Mallorca,1,3,A,1,0,H,13,7,4,6,9,2,16,13,2,1,0,0,1.85,3.3,4.75,6,-2,7,3,1,0
,2025-10-18,Barcelona,Girona,2,1,H,1,1,D,27,11,9,4,11,5,10,7,1,2,0,0,1.2,7.0,12.0,16,5,6,3,-1,0
,2025-10-18,Villarreal,Betis,2,2,D,1,0,H,7,16,3,3,5,6,13,10,1,1,0,0,1.91,3.6,4.0,-9,0,-1,3,0,0
,2025-10-18,Ath Madrid,Osasuna,1,0,H,0,0,D,18,9,9,2,4,2,10,11,1,3,0,0,1.38,4.75,8.5,9,7,2,-1,-2,0
,2025-10-19,Levante,Vallecano,0,3,A,0,2,A,17,10,4,5,11,4,6,18,0,1,0,0,2.88,3.25,2.5,7,-1,7,-12,-1,0
,2025-10-19,Getafe,Real Madrid,0,1,A,0,0,D,7,23,1,10,1,4,27,11,4,1,2,0,8.0,4.33,1.42,-16,-9,-3,16,3,2
,2025-10-19,Elche,Ath Bilbao,0,0,D,0,0,D,15,4,5,1,6,2,14,20,2,3,0,0,3.75,3.25,2.1,11,4,4,-6,-1,0
,2025-10-19,Celta,Sociedad,1,1,D,1,0,H,4,17,1,7,1,10,10,20,4,3,1,0,2.1,3.4,3.5,-13,-6,-9,-10,1,1
,2025-10-20,Alaves,Valencia,0,0,D,0,0,D,13,5,3,2,7,0,13,20,1,2,0,0,2.25,3.0,3.6,8,1,7,-7,-1,0
,2025-10-24,Sociedad,Sevilla,2,1,H,2,1,H,5,6,3,1,1,9,19,14,1,3,0,0,1.95,3.5,3.8,-1,2,-8,5,-2,0
,2025-10-25,Girona,Oviedo,3,3,D,0,1,A,8,10,6,5,11,4,13,16,4,3,0,0,1.8,3.5,4.75,-2,1,7,-3,1,0
,2025-10-25,Espanol,Elche,1,0,H,0,0,D,16,13,7,4,4,2,14,15,4,2,0,0,1.95,3.25,4.1,3,3,2,-1,2,0
,2025-10-25,Ath Bilbao,Getafe,0,1,A,0,0,D,7,8,4,3,1,5,15,14,1,3,0,0,1.67,3.5,6.0,-1,1,-4,1,-2,0
,2025-10-25,Valencia,Villarreal,0,2,A,0,1,A,15,12,3,5,7,5,13,14,2,4,0,0,3.1,3.6,2.2,3,-2,2,-1,-2,0
,2025-10-26,Osasuna,Celta,2,3,A,2,1,H,17,11,7,5,6,2,10,13,3,4,0,0,2.35,3.2,3.2,6,2,4,-3,-1,0
,2025-10-26,Mallorca,Levante,1,1,D,0,1,A,20,13,4,5,5,4,8,13,3,2,0,0,2.1,3.3,3.6,7,-1,1,-5,1,0
,2025-10-26,Real Madrid,Barcelona,2,1,H,2,1,H,23,15,10,6,12,4,12,9,5,5,1,1,1.95,4.1,3.3,8,4,8,3,0,0
,2025-10-26,Vallecano,Alaves,1,0,H,0,0,D,15,12,5,2,7,5,13,11,1,3,0,0,2.1,3.1,3.9,3,3,2,2,-2,0
,2025-10-27,Betis,Ath Madrid,0,2,A,0,2,A,17,9,5,4,2,5,9,18,2,1,0,0,3.1,3.6,2.2,8,1,-3,-9,1,0
,2025-10-31,Getafe,Girona,2,1,H,0,0,D,12,8,4,4,8,3,17,15,1,1,0,0,2.15,3.0,3.8,4,0,5,2,0,0
,2025-11-01,Real Madrid,Valencia,4,0,H,3,0,H,21,4,11,1,7,1,14,7,1,1,0,0,1.17,8.0,15.0,17,10,6,7,0,0
,2025-11-01,Sociedad,Ath Bilbao,3,2,H,1,1,D,9,11,5,4,6,2,20,8,2,3,0,0,2.7,3.0,2.8,-2,1,4,12,-1,0
,2025-11-01,Ath Madrid,Sevilla,3,0,H,0,0,D,15,10,6,2,9,4,9,12,0,3,0,0,1.33,5.0,9.0,5,4,5,-3,-3,0
,2025-11-01,Villarreal,Vallecano,4,0,H,1,0,H,16,13,7,3,3,5,7,11,1,1,0,0,1.7,3.8,5.0,3,4,-2,-4,0,0
,2025-11-02,Levante,Celta,1,2,A,0,1,A,9,20,3,6,4,4,10,12,2,3,1,0,2.88,3.4,2.45,-11,-3,0,-2,-1,1
,2025-11-02,Alaves,Espanol,2,1,H,2,0,H,13,18,4,2,1,6,14,12,4,2,1,0,2.38,3.0,3.3,-5,2,-5,2,2,1
,2025-11-02,Barcelona,Elche,3,1,H,2,1,H,17,9,5,3,6,3,12,16,0,1,0,0,1.22,6.25,12.0,8,2,3,-4,-1,0
,2025-11-02,Betis,Mallorca,3,0,H,3,0,H,15,14,8,1,4,5,9,8,0,3,0,0,1.57,4.2,5.25,1,7,-1,1,-3,0
,2025-11-03,Oviedo,Osasuna,0,0,D,0,0,D,8,11,2,5,4,2,17,17,3,1,0,0,3.0,3.1,2.5,-3,-3,2,0,2,0
,2025-11-07,Elche,Sociedad,1,1,D,0,0,D,12,13,3,5,1,3,14,15,1,3,0,0,2.7,3.2,2.7,-1,-2,-2,-1,-2,0
,2025-11-08,Girona,Alaves,1,0,H,1,0,H,10,14,2,5,6,1,9,15,0,3,0,0,2.4,3.25,3.0,-4,-3,5,-6,-3,0
,2025-11-08,Sevilla,Osasuna,1,0,H,0,0,D,10,9,4,3,5,6,21,13,5,3,0,0,2.15,3.3,3.5,1,1,-1,8,2,0
,2025-11-08,Ath Madrid,Levante,3,1,H,1,1,D,25,6,10,3,21,4,5,6,3,1,0,0,1.22,6.5,12.0,19,7,17,-1,2,0
,2025-11-08,Espanol,Villarreal,0,2,A,0,1,A,14,9,3,3,4,2,9,9,0,2,0,0,2.8,3.5,2.38,5,0,2,0,-2,0
,2025-11-09,Celta,Barcelona,2,4,A,2,3,A,5,21,3,9,2,5,13,10,1,5,0,1,4.5,4.2,1.65,-16,-6,-3,3,-4,-1
,2025-11-09,Valencia,Betis,1,1,D,0,0,D,17,9,4,2,7,2,13,10,3,3,0,0,3.3,3.4,2.2,8,2,5,3,0,0
,2025-11-09,Ath Bilbao,Oviedo,1,0,H,1,0,H,21,5,7,2,7,4,12,8,1,1,0,0,1.5,3.8,8.0,16,5,3,4,0,0
,2025-11-09,Vallecano,Real Madrid,0,0,D,0,0,D,13,21,2,5,5,8,17,7,3,2,0,0,5.25,5.0,1.5,-8,-3,-3,10,1,0
,2025-11-09,Mallorca,Getafe,1,0,H,1,0,H,6,14,4,3,1,14,15,8,0,2,0,0,2.5,2.9,3.2,-8,1,-13,7,-2,0
,2025-11-21,Valencia,Levante,1,0,H,0,0,D,14,8,3,1,7,0,16,15,4,3,0,0,2.0,3.5,3.7,6,2,7,1,1,0
,2025-11-22,Alaves,Celta,0,1,A,0,0,D,5,7,2,4,4,2,21,15,2,2,0,0,2.6,3.0,2.9,-2,-2,2,6,0,0
,2025-11-22,Barcelona,Ath Bilbao,4,0,H,2,0,H,19,13,7,2,5,7,9,9,0,2,0,1,1.36,5.5,7.0,6,5,-2,0,-2,-1
,2025-11-22,Osasuna,Sociedad,1,3,A,1,0,H,14,19,4,9,3,3,13,7,3,2,1,0,2.8,3.1,2.7,-5,-5,0,6,1,1
,2025-11-22,Villarreal,Mallorca,2,1,H,1,1,D,14,9,7,3,3,1,17,8,2,2,0,0,1.44,4.75,7.0,5,4,2,9,0,0
,2025-11-23,Elche,Real Madrid,2,2,D,0,0,D,15,20,6,7,2,8,10,8,4,0,1,0,7.0,5.25,1.38,-5,-1,-6,2,4,1
,2025-11-23,Getafe,Ath Madrid,0,1,A,0,0,D,9,13,1,6,6,7,9,17,2,3,0,0,5.25,3.5,1.73,-4,-5,-1,-8,-1,0
,2025-11-23,Betis,Girona,1,1,D,0,1,A,23,11,7,4,8,0,10,16,3,4,1,0,1.53,4.33,5.75,12,3,8,-6,-1,1
,2025-11-23,Oviedo,Vallecano,0,0,D,0,0,D,8,11,3,3,5,6,11,13,1,2,1,1,3.5,3.2,2.2,-3,0,-1,-2,-1,0
,2025-11-24,Espanol,Sevilla,2,1,H,0,0,D,8,22,5,6,4,13,18,7,4,1,0,0,2.05,3.3,3.8,-14,-1,-9,11,3,0
,2025-11-28,Getafe,Elche,1,0,H,0,0,D,15,9,6,4,3,5,18,11,2,2,0,0,2.25,2.88,3.8,6,2,-2,7,0,0
,2025-11-29,Mallorca,Osasuna,2,2,D,0,0,D,7,14,4,2,2,8,10,15,3,4,0,0,2.35,3.0,3.4,-7,2,-6,-5,-1,0
,2025-11-29,Barcelona,Alaves,3,1,H,2,1,H,18,9,6,2,5,4,10,17,2,3,0,0,1.2,7.0,13.0,9,4,1,-7,-1,0
,2025-11-29,Levante,Ath Bilbao,0,2,A,0,2,A,11,14,4,4,4,2,11,19,3,2,0,0,3.5,3.3,2.15,-3,0,2,-8,1,0
,2025-11-29,Ath Madrid,Oviedo,2,0,H,2,0,H,14,12,8,1,7,2,5,8,0,1,0,0,1.2,6.25,17.0,2,7,5,-3,-1,0
,2025-11-30,Celta,Espanol,0,1,A,0,0,D,11,9,4,2,4,3,12,15,1,2,0,0,2.05,3.5,3.5,2,2,1,-3,-1,0
,2025-11-30,Girona,Real Madrid,1,1,D,1,0,H,10,25,4,4,2,5,9,13,3,0,0,0,6.5,5.25,1.4,-15,0,-3,-4,3,0
,2025-11-30,Sociedad,Villarreal,2,3,A,0,1,A,18,10,7,5,8,2,15,18,3,7,0,0,2.8,3.4,2.45,8,2,6,-3,-4,0
,2025-11-30,Sevilla,Betis,0,2,A,0,0,D,9,9,3,4,6,4,14,22,2,3,1,0,3.0,3.3,2.38,0,-1,2,-8,-1,1
,2025-12-01,Vallecano,Valencia,1,1,D,1,0,H,19,10,7,2,10,5,11,9,1,1,0,0,1.95,3.4,4.1,9,5,5,2,0,0
,2025-12-02,Barcelona,Ath Madrid,3,1,H,1,1,D,19,7,6,2,5,4,12,9,1,1,0,0,1.73,4.2,4.1,12,4,1,3,0,0
,2025-12-03,Ath Bilbao,Real Madrid,0,3,A,0,2,A,9,13,4,8,5,7,15,4,2,0,0,0,4.1,3.9,1.8,-4,-4,-2,11,2,0
,2025-12-05,Oviedo,Mallorca,0,0,D,0,0,D,15,13,3,6,8,5,14,12,2,1,2,0,2.55,3.0,3.0,2,-3,3,2,1,2
,2025-12-06,Villarreal,Getafe,2,0,H,1,0,H,10,6,5,0,5,3,19,15,2,4,0,1,1.62,3.8,5.75,4,5,2,4,-2,-1
,2025-12-06,Alaves,Sociedad,1,0,H,1,0,H,14,10,3,1,5,8,20,16,2,2,0,0,2.8,2.9,2.8,4,2,-3,4,0,0
,2025-12-06,Betis,Barcelona,3,5,A,1,4,A,17,16,5,8,7,7,14,9,5,2,0,0,4.0,4.5,1.73,1,-3,0,5,3,0
,2025-12-06,Ath Bilbao,Ath Madrid,1,0,H,0,0,D,14,7,3,3,5,6,9,12,3,2,0,0,3.25,3.25,2.25,7,0,-1,-3,1,0
,2025-12-07,Real Madrid,Celta,0,2,A,0,0,D,23,7,7,5,8,1,6,12,6,1,3,0,1.3,5.5,9.5,16,2,7,-6,5,3
,2025-12-07,Espanol,Vallecano,1,0,H,1,0,H,9,6,2,2,6,2,19,22,4,8,1,1,2.25,3.4,3.2,3,0,4,-3,-4,0
,2025-12-07,Elche,Girona,3,0,H,1,0,H,11,8,6,4,2,2,18,13,0,3,0,0,2.15,3.3,3.5,3,2,0,5,-3,0
,2025-12-07,Valencia,Sevilla,1,1,D,0,0,D,11,4,3,1,2,2,12,18,3,6,0,0,2.15,3.4,3.4,7,2,0,-6,-3,0
,2025-12-08,Osasuna,Levante,2,0,H,2,0,H,14,11,6,5,3,3,15,7,2,2,0,0,1.73,3.8,4.5,3,1,0,8,0,0
,2025-12-12,Sociedad,Girona,1,2,A,1,0,H,9,14,4,3,4,3,20,5,1,2,0,0,1.75,3.9,4.5,-5,1,1,15,-1,0
,2025-12-13,Ath Madrid,Valencia,2,1,H,1,0,H,10,13,6,2,5,7,13,11,3,1,0,0,1.3,5.0,11.0,-3,4,-2,2,2,0
,2025-12-13,Mallorca,Elche,3,1,H,1,1,D,15,9,8,0,1,1,13,13,3,0,0,0,2.45,3.1,3.1,6,8,0,0,3,0
,2025-12-13,Barcelona,Osasuna,2,0,H,0,0,D,24,3,7,2,14,1,5,8,0,3,0,0,1.2,7.0,12.0,21,5,13,-3,-3,0
,2025-12-13,Getafe,Espanol,0,1,A,0,0,D,11,6,1,4,6,4,18,17,5,1,0,0,2.5,2.8,3.25,5,-3,2,1,4,0
,2025-12-14,Celta,Ath Bilbao,2,0,H,0,0,D,5,14,2,2,1,4,11,13,3,2,0,0,2.63,3.25,2.75,-9,0,-3,-2,1,0
,2025-12-14,Alaves,Real Madrid,1,2,A,0,1,A,6,13,2,6,5,7,12,13,3,1,0,0,5.5,4.0,1.6,-7,-4,-2,-1,2,0
,2025-12-14,Sevilla,Oviedo,4,0,H,2,0,H,13,5,7,1,5,3,11,12,1,2,0,1,1.91,3.4,4.2,8,6,2,-1,-1,-1
,2025-12-15,Vallecano,Betis,0,0,D,0,0,D,23,13,7,6,8,3,10,7,4,1,0,0,2.55,3.4,2.75,10,1,5,3,3,0
,2025-12-19,Valencia,Mallorca,1,1,D,0,1,A,17,4,2,2,12,3,10,12,2,3,0,0,1.9,3.0,4.0,13,0,9,-2,-1,0
,2025-12-20,Oviedo,Celta,0,0,D,0,0,D,10,6,3,2,4,3,14,7,2,1,0,0,3.6,3.4,2.05,4,1,1,7,1,0
,2025-12-20,Levante,Sociedad,1,1,D,0,1,A,13,18,3,6,7,10,16,13,6,2,0,0,3.4,3.4,2.15,-5,-3,-3,3,4,0
,2025-12-20,Osasuna,Alaves,3,0,H,0,0,D,16,7,7,3,9,0,16,11,2,2,0,0,2.2,3.0,3.7,9,4,9,5,0,0
,2025-12-20,Real Madrid,Sevilla,2,0,H,1,0,H,18,14,8,5,6,5,13,19,2,5,0,1,1.2,7.0,12.0,4,3,1,-6,-3,-1
,2025-12-21,Elche,Vallecano,4,0,H,1,0,H,18,18,6,8,4,5,15,11,2,3,0,0,2.4,3.1,3.2,0,-2,-1,4,-1,0
,2025-12-21,Girona,Ath Madrid,0,3,A,0,2,A,9,14,2,6,3,4,7,14,2,0,0,0,5.0,4.0,1.67,-5,-4,-1,-7,2,0
,2025-12-21,Villarreal,Barcelona,0,2,A,0,1,A,14,19,5,5,5,10,10,8,1,1,1,0,3.4,4.75,1.83,-5,0,-5,2,0,1
,2025-12-21,Betis,Getafe,4,0,H,1,0,H,19,15,8,3,7,5,13,12,0,1,0,0,1.7,3.5,5.5,4,5,2,1,-1,0
,2025-12-22,Ath Bilbao,Espanol,1,2,A,1,1,D,17,10,7,5,8,4,10,9,5,2,0,0,1.75,3.6,5.0,7,2,4,1,3,0
,2026-01-02,Vallecano,Getafe,1,1,D,1,0,H,13,12,4,4,3,2,13,10,3,4,0,0,2.05,2.9,4.5,1,0,1,3,-1,0
,2026-01-03,Celta,Valencia,4,1,H,1,0,H,12,16,6,5,2,4,10,9,1,3,0,0,2.0,3.3,4.0,-4,1,-2,1,-2,0
,2026-01-03,Osasuna,Ath Bilbao,1,1,D,1,0,H,11,16,4,6,1,9,12,19,3,3,0,0,3.0,2.9,2.63,-5,-2,-8,-7,0,0
,2026-01-03,Elche,Villarreal,1,3,A,1,2,A,15,12,2,4,6,2,8,11,3,3,0,0,3.2,3.5,2.2,3,-2,4,-3,0,0
,2026-01-03,Espanol,Barcelona,0,2,A,0,0,D,14,15,7,6,5,7,10,14,1,0,0,0,5.25,4.75,1.5,-1,1,-2,-4,1,0
,2026-01-04,Sociedad,Ath Madrid,1,1,D,0,0,D,18,10,8,2,6,6,11,13,3,2,0,0,3.9,3.6,1.91,8,6,0,-2,1,0
,2026-01-04,Alaves,Oviedo,1,1,D,0,0,D,18,18,7,6,6,7,11,20,3,3,1,1,1.9,3.0,5.25,0,1,-1,-9,0,0
,2026-01-04,Mallorca,Girona,1,2,A,0,1,A,9,9,2,4,3,6,10,14,2,1,0,0,2.25,3.2,3.4,0,-2,-3,-4,1,0
,2026-01-04,Sevilla,Levante,0,3,A,0,1,A,15,6,7,4,5,1,16,10,3,4,0,0,1.75,3.6,4.75,9,3,4,6,-1,0
,2026-01-04,Real Madrid,Betis,5,1,H,1,0,H,19,13,9,5,5,8,10,12,1,1,0,0,1.45,4.75,6.25,6,4,-3,-2,0,0
,2026-01-09,Getafe,Sociedad,1,2,A,0,1,A,6,12,3,5,2,4,17,17,2,1,0,0,3.3,2.9,2.45,-6,-2,-2,0,1,0
,2026-01-10,Oviedo,Betis,1,1,D,0,0,D,13,15,3,6,5,2,15,8,3,1,0,0,4.2,3.5,1.91,-2,-3,3,7,2,0
,2026-01-10,Villarreal,Alaves,3,1,H,0,0,D,11,16,4,5,1,6,10,14,0,2,0,0,1.45,4.33,7.0,-5,-1,-5,-4,-2,0
,2026-01-10,Girona,Osasuna,1,0,H,1,0,H,8,13,4,1,2,1,14,13,2,6,1,0,2.35,3.25,3.1,-5,3,1,1,-4,1
,2026-01-10,Valencia,Elche,1,1,D,0,0,D,16,5,4,1,8,6,14,14,2,3,0,0,2.2,3.2,3.5,11,3,2,0,-1,0
,2026-01-11,Levante,Espanol,1,1,D,0,0,D,8,19,2,3,4,3,10,9,0,1,0,0,3.1,3.3,2.35,-11,-1,1,1,-1,0
,2026-01-11,Vallecano,Mallorca,2,1,H,2,1,H,14,9,5,2,6,5,14,14,1,5,1,0,1.91,3.3,4.33,5,3,1,0,-4,1
,2026-01-12,Sevilla,Celta,0,1,A,0,0,D,7,9,2,7,6,1,16,16,3,3,0,0,2.6,3.3,2.75,-2,-5,5,0,0,0
,2026-01-16,Espanol,Girona,0,2,A,0,1,A,14,7,2,4,5,4,17,17,5,5,0,0,1.85,3.4,4.5,7,-2,1,0,0,0
,2026-01-17,Osasuna,Oviedo,3,2,H,1,1,D,16,13,5,5,3,6,14,15,1,4,1,0,1.75,3.4,5.25,3,0,-3,-1,-3,1
,2026-01-17,Betis,Villarreal,2,0,H,0,0,D,15,9,6,3,2,3,14,13,3,2,0,1,2.6,3.5,2.63,6,3,-1,1,1,-1
,2026-01-17,Real Madrid,Levante,2,0,H,0,0,D,26,10,11,0,8,0,12,14,2,1,0,0,1.17,8.0,15.0,16,11,8,-2,1,0
,2026-01-17,Mallorca,Ath Bilbao,3,2,H,2,2,D,18,21,9,11,3,7,10,10,1,5,0,2,3.8,2.9,2.25,-3,-2,-4,0,-4,-2
,2026-01-18,Getafe,Valencia,0,1,A,0,0,D,14,7,3,1,9,3,8,18,2,3,0,1,2.55,2.75,3.4,7,2,6,-10,-1,-1
,2026-01-18,Ath Madrid,Alaves,1,0,H,0,0,D,23,8,6,0,6,6,13,5,1,1,0,0,1.3,5.25,10.0,15,6,0,8,0,0
,2026-01-18,Celta,Vallecano,3,0,H,1,0,H,11,14,7,3,5,7,7,14,4,3,0,1,2.05,3.2,4.0,-3,4,-2,-7,1,-1
,2026-01-18,Sociedad,Barcelona,2,1,H,1,0,H,8,25,6,9,6,8,13,8,3,3,1,0,5.0,4.5,1.55,-17,-3,-2,5,0,1
,2026-01-19,Elche,Sevilla,2,2,D,1,0,H,10,25,5,8,9,7,11,12,3,1,0,0,2.25,3.3,3.25,-15,-3,2,-1,2,0
,2026-01-23,Levante,Elche,3,2,H,0,1,A,26,6,6,3,9,1,13,13,2,3,0,0,2.2,3.3,3.2,20,3,8,0,-1,0
,2026-01-24,Sevilla,Ath Bilbao,2,1,H,1,1,D,10,15,7,3,5,5,16,12,2,1,0,0,2.88,3.0,2.63,-5,4,0,4,1,0
,2026-01-24,Villarreal,Real Madrid,0,2,A,0,0,D,8,14,1,4,6,6,19,10,3,1,0,0,3.4,3.9,2.0,-6,-3,0,9,2,0
,2026-01-24,Vallecano,Osasuna,1,3,A,0,1,A,11,14,4,5,4,3,12,15,2,2,0,0,2.15,3.25,3.6,-3,-1,1,-3,0,0
,2026-01-24,Valencia,Espanol,3,2,H,1,0,H,10,16,5,6,2,7,13,10,1,5,0,0,2.45,3.1,3.1,-6,-1,-5,3,-4,0
,2026-01-25,Ath Madrid,Mallorca,3,0,H,1,0,H,17,6,8,1,10,3,10,7,2,1,0,0,1.3,5.25,10.0,11,7,7,3,1,0
,2026-01-25,Barcelona,Oviedo,3,0,H,0,0,D,15,12,7,3,10,1,8,21,1,2,0,0,1.11,10.0,19.0,3,4,9,-13,-1,0
,2026-01-25,Sociedad,Celta,3,1,H,1,0,H,10,17,4,4,2,9,7,13,1,1,1,0,2.0,3.4,3.9,-7,0,-7,-6,0,1
,2026-01-25,Alaves,Betis,2,1,H,1,0,H,17,18,9,4,6,4,17,11,1,1,0,0,2.75,3.0,2.7,-1,5,2,6,0,0
,2026-01-26,Girona,Getafe,1,1,D,0,0,D,12,8,4,2,3,4,13,15,5,3,0,0,2.1,3.0,4.1,4,2,-1,-2,2,0
,2026-01-30,Espanol,Alaves,1,2,A,1,1,D,10,11,3,7,4,2,15,15,0,1,0,0,1.95,3.0,4.5,-1,-4,2,0,-1,0
,2026-01-31,Oviedo,Girona,1,0,H,0,0,D,8,9,4,1,4,4,12,16,1,1,0,0,2.75,3.0,2.75,-1,3,0,-4,0,0
,2026-01-31,Osasuna,Villarreal,2,2,D,2,1,H,15,5,5,4,6,2,15,7,2,2,0,0,2.75,3.3,2.55,10,1,4,8,0,0
,2026-01-31,Levante,Ath Madrid,0,0,D,0,0,D,10,10,2,4,4,7,11,12,2,1,0,0,5.25,4.0,1.62,0,-2,-3,-1,1,0
,2026-01-31,Elche,Barcelona,1,3,A,1,2,A,9,30,3,8,2,8,15,9,2,1,0,0,7.5,5.75,1.33,-21,-5,-6,6,1,0
,2026-02-01,Ath Bilbao,Sociedad,1,1,D,0,1,A,19,9,4,6,6,3,14,14,4,2,0,1,2.3,3.1,3.4,10,-2,3,0,2,-1
,2026-02-01,Getafe,Celta,0,0,D,0,0,D,9,5,2,1,5,3,16,14,1,2,0,0,2.8,2.9,2.8,4,1,2,2,-1,0
,2026-02-01,Real Madrid,Vallecano,2,1,H,1,0,H,16,11,6,4,9,4,6,18,2,8,0,2,1.25,6.0,12.0,5,2,5,-12,-6,-2
,2026-02-01,Betis,Valencia,2,1,H,1,1,D,14,15,2,4,3,5,15,13,0,4,0,0,1.83,3.5,4.5,-1,-2,-2,2,-4,0
,2026-02-02,Mallorca,Sevilla,4,1,H,1,1,D,11,15,7,5,4,8,16,8,1,1,0,0,2.4,3.2,3.1,-4,2,-4,8,0,0
,2026-02-06,Celta,Osasuna,1,2,A,0,1,A,18,8,4,2,7,3,9,14,2,2,0,0,1.95,3.3,4.1,10,2,4,-5,0,0
,2026-02-07,Barcelona,Mallorca,3,0,H,1,0,H,24,9,7,4,12,3,7,9,0,0,0,0,1.14,9.0,15.0,15,3,9,-2,0,0
,2026-02-07,Sociedad,Elche,3,1,H,2,1,H,11,11,3,5,2,4,14,8,0,4,0,0,1.67,4.0,5.0,0,-2,-2,6,-4,0
,2026-02-08,Valencia,Real Madrid,0,2,A,0,0,D,7,11,0,6,5,8,10,13,1,1,0,0,5.25,4.75,1.55,-4,-6,-3,-3,0,0
,2026-02-08,Sevilla,Girona,1,1,D,0,1,A,11,15,3,6,5,7,16,13,3,3,0,0,2.15,3.3,3.5,-4,-3,-2,3,0,0
,2026-02-08,Ath Madrid,Betis,0,1,A,0,1,A,10,8,5,4,7,3,12,3,3,1,0,0,1.48,4.75,6.25,2,1,4,9,2,0
,2026-02-08,Alaves,Getafe,0,2,A,0,0,D,13,17,5,5,6,3,20,20,2,5,0,0,2.3,2.8,3.9,-4,0,3,0,-3,0
,2026-02-08,Ath Bilbao,Levante,4,2,H,2,0,H,22,6,7,3,4,3,17,10,2,1,0,1,1.62,3.9,6.0,16,4,1,7,1,-1
,2026-02-09,Villarreal,Espanol,4,1,H,2,0,H,10,9,3,2,5,8,18,11,3,3,0,0,1.7,4.33,4.33,1,1,-3,7,0,0
,2026-02-13,Elche,Osasuna,0,0,D,0,0,D,17,6,5,2,10,3,13,18,2,4,0,0,2.7,3.3,2.55,11,3,7,-5,-2,0
,2026-02-14,Real Madrid,Sociedad,4,1,H,3,1,H,11,13,5,3,4,6,10,9,1,1,0,0,1.33,5.25,8.0,-2,2,-2,1,0,0
,2026-02-14,Espanol,Celta,2,2,D,0,1,A,9,14,3,5,2,2,9,11,1,0,0,0,2.35,3.2,3.0,-5,-2,0,-2,1,0
,2026-02-14,Getafe,Villarreal,2,1,H,1,0,H,5,8,2,2,3,4,21,17,2,3,0,0,3.25,3.1,2.25,-3,0,-1,4,-1,0
,2026-02-14,Sevilla,Alaves,1,1,D,1,0,H,4,12,2,1,0,3,16,13,5,0,2,0,2.1,3.1,3.6,-8,1,-3,3,5,2
,2026-02-15,Vallecano,Ath Madrid,3,0,H,2,0,H,13,9,9,3,4,8,10,13,1,3,0,0,4.2,3.3,1.83,4,6,-4,-3,-2,0
,2026-02-15,Levante,Valencia,0,2,A,0,0,D,9,5,1,2,3,2,11,10,3,2,1,0,2.63,3.25,2.6,4,-1,1,1,1,1
,2026-02-15,Oviedo,Ath Bilbao,1,2,A,1,0,H,7,13,1,4,2,3,8,20,2,3,0,0,3.6,3.1,2.15,-6,-3,-1,-12,-1,0
,2026-02-15,Mallorca,Betis,1,2,A,0,2,A,14,17,3,8,7,3,16,10,4,3,0,0,2.88,3.2,2.45,-3,-5,4,6,1,0
,2026-02-16,Girona,Barcelona,2,1,H,0,0,D,13,27,9,4,3,7,10,6,1,2,1,0,7.0,5.0,1.36,-14,5,-4,4,-1,1
,2026-02-18,Levante,Villarreal,0,1,A,0,0,D,16,15,4,6,3,2,13,20,3,4,0,0,4.0,4.0,1.8,1,-2,1,-7,-1,0
,2026-02-20,Ath Bilbao,Elche,2,1,H,0,0,D,18,2,8,2,4,1,18,9,3,3,0,0,1.67,3.8,5.25,16,6,3,9,0,0
,2026-02-21,Sociedad,Oviedo,3,3,D,0,0,D,15,14,8,6,7,6,13,16,2,1,0,0,1.48,3.9,7.5,1,2,1,-3,1,0
,2026-02-21,Betis,Vallecano,1,1,D,1,1,D,14,12,3,3,3,5,14,13,4,3,0,0,1.9,3.4,4.33,2,0,-2,1,1,0
,2026-02-21,Osasuna,Real Madrid,2,1,H,1,0,H,13,15,2,5,3,7,19,10,2,4,0,0,4.75,4.0,1.7,-2,-3,-4,9,-2,0
,2026-02-21,Ath Madrid,Espanol,4,2,H,1,1,D,18,8,9,2,5,3,8,10,0,1,0,0,1.5,4.1,7.0,10,7,2,-2,-1,0
,2026-02-22,Getafe,Sevilla,0,1,A,0,0,D,6,6,3,1,2,2,5,18,1,1,1,0,2.35,2.9,3.5,0,2,0,-13,0,1
,2026-02-22,Barcelona,Levante,3,0,H,2,0,H,22,5,9,2,13,6,12,10,2,1,0,0,1.11,11.0,15.0,17,7,7,2,1,0
,2026-02-22,Celta,Mallorca,2,0,H,0,0,D,20,1,7,0,7,2,11,10,1,5,0,0,1.83,3.5,4.5,19,7,5,1,-4,0
,2026-02-22,Villarreal,Valencia,2,1,H,2,1,H,12,8,5,3,5,4,7,16,2,4,0,0,1.7,4.0,4.5,4,2,1,-9,-2,0
,2026-02-23,Alaves,Girona,2,2,D,1,1,D,17,10,6,5,7,6,18,6,2,2,0,0,2.3,3.0,3.5,7,1,1,12,0,0
,2026-02-27,Levante,Alaves,2,0,H,0,0,D,22,17,5,7,10,6,14,16,1,6,0,1,2.63,3.1,2.8,5,-2,4,-2,-5,-1
,2026-02-28,Vallecano,Ath Bilbao,1,1,D,1,0,H,15,8,7,2,5,4,8,17,2,3,0,0,2.4,3.1,3.2,7,5,1,-9,-1,0
,2026-02-28,Barcelona,Villarreal,4,1,H,2,0,H,19,6,8,1,3,2,11,9,2,1,0,0,1.3,6.5,7.0,13,7,1,2,1,0
,2026-02-28,Mallorca,Sociedad,0,1,A,0,1,A,6,12,1,2,3,7,6,22,0,2,0,0,3.0,3.3,2.4,-6,-1,-4,-16,-2,0
,2026-02-28,Oviedo,Ath Madrid,0,1,A,0,0,D,16,12,6,1,8,3,12,6,2,2,0,0,5.75,3.6,1.67,4,5,5,6,0,0
,2026-03-01,Elche,Espanol,2,2,D,1,1,D,17,9,9,4,3,1,14,23,1,6,0,1,2.38,3.3,3.0,8,5,2,-9,-5,-1
,2026-03-01,Valencia,Osasuna,1,0,H,0,0,D,14,8,1,0,5,4,14,13,3,3,0,0,2.35,3.2,3.25,6,1,1,1,0,0
,2026-03-01,Betis,Sevilla,2,2,D,2,0,H,9,14,2,6,4,3,12,15,3,3,0,0,1.75,3.8,4.5,-5,-4,1,-3,0,0
,2026-03-01,Girona,Celta,1,2,A,1,0,H,15,7,7,5,10,6,9,8,2,2,0,0,2.38,3.3,3.0,8,2,4,1,0,0
,2026-03-02,Real Madrid,Getafe,0,1,A,0,1,A,18,9,7,3,10,2,11,17,4,6,1,1,1.3,5.5,10.0,9,4,8,-6,-2,0
,2026-03-04,Vallecano,Oviedo,3,0,H,1,0,H,19,8,7,2,12,2,10,10,0,2,0,0,1.67,3.75,5.25,11,5,10,0,-2,0
,2026-03-06,Celta,Real Madrid,1,2,A,1,1,D,8,14,4,3,1,6,4,12,1,2,0,0,3.1,3.3,2.3,-6,1,-5,-8,-1,0
,2026-03-07,Osasuna,Mallorca,2,2,D,0,1,A,22,8,5,4,8,0,11,12,2,5,1,1,1.73,3.6,5.0,14,1,8,-1,-3,0
,2026-03-07,Levante,Girona,1,1,D,0,0,D,14,22,4,5,2,3,15,9,2,2,1,0,2.8,3.4,2.45,-8,-1,-1,6,0,1
,2026-03-07,Ath Madrid,Sociedad,3,2,H,1,1,D,24,7,9,3,8,1,6,10,1,1,0,0,1.62,3.9,5.25,17,6,7,-4,0,0
,2026-03-07,Ath Bilbao,Barcelona,0,1,A,0,0,D,10,7,3,2,2,4,11,9,2,1,0,0,4.75,4.5,1.62,3,1,-2,2,1,0
,2026-03-08,Villarreal,Elche,2,1,H,2,0,H,16,13,7,6,4,6,11,16,1,2,0,0,1.5,4.5,6.0,3,1,-2,-5,-1,0
,2026-03-08,Getafe,Betis,2,0,H,2,0,H,9,14,5,5,3,8,19,8,3,2,0,0,2.8,2.9,2.8,-5,0,-5,11,1,0
,2026-03-08,Sevilla,Vallecano,1,1,D,1,0,H,11,9,2,2,6,2,13,15,1,3,0,0,2.55,3.1,3.0,2,0,4,-2,-2,0
,2026-03-08,Valencia,Alaves,3,2,H,0,1,A,19,10,8,4,10,2,9,17,1,6,0,2,2.05,3.1,4.1,9,4,8,-8,-5,-2
,2026-03-09,Espanol,Oviedo,1,1,D,1,1,D,28,6,9,3,8,0,19,13,3,2,0,0,1.85,3.4,4.33,22,6,8,6,1,0
,2026-03-13,Alaves,Villarreal,1,1,D,1,0,H,8,10,0,4,5,2,19,11,4,1,0,0,3.25,3.4,2.2,-2,-4,3,8,3,0
,2026-03-14,Real Madrid,Elche,4,1,H,2,0,H,14,11,6,1,5,4,11,21,1,3,0,0,1.33,5.5,7.5,3,5,1,-10,-2,0
,2026-03-14,Oviedo,Valencia,1,0,H,1,0,H,11,13,6,2,4,7,12,11,3,2,0,0,2.88,3.2,2.55,-2,4,-3,1,1,0
,2026-03-14,Girona,Ath Bilbao,3,0,H,1,0,H,14,20,6,9,2,9,8,16,0,2,0,0,2.75,3.4,2.5,-6,-3,-7,-8,-2,0
,2026-03-14,Ath Madrid,Getafe,1,0,H,1,0,H,16,7,5,3,10,3,11,11,3,3,0,1,1.57,3.8,6.5,9,2,7,0,0,-1
,2026-03-15,Mallorca,Espanol,2,1,H,0,1,A,26,10,12,2,5,6,11,14,3,3,0,1,2.3,3.2,3.3,16,10,-1,-3,0,-1
,2026-03-15,Barcelona,Sevilla,5,2,H,3,1,H,13,8,8,4,3,4,5,14,0,1,0,0,1.25,6.5,10.0,5,4,-1,-9,-1,0
,2026-03-15,Betis,Celta,1,1,D,0,1,A,19,7,6,3,3,4,11,16,2,3,0,0,2.2,3.3,3.4,12,3,-1,-5,-1,0
,2026-03-15,Sociedad,Osasuna,3,1,H,2,0,H,14,13,6,5,3,5,16,11,3,0,0,0,1.83,3.5,4.33,1,1,-2,5,3,0
,2026-03-16,Vallecano,Levante,1,1,D,0,1,A,18,19,4,5,5,6,10,13,3,5,1,0,1.7,3.75,5.0,-1,-1,-1,-3,-2,1
,2026-03-20,Villarreal,Sociedad,3,1,H,3,0,H,21,11,10,4,4,5,10,11,0,2,0,0,1.91,3.7,3.9,10,6,-1,-1,-2,0
,2026-03-21,Osasuna,Girona,1,0,H,0,0,D,19,5,11,0,6,2,18,7,2,1,0,0,2.15,3.4,3.4,14,11,4,11,1,0
,2026-03-21,Levante,Oviedo,4,2,H,2,2,D,20,10,8,2,3,1,17,18,2,3,0,0,2.2,3.3,3.4,10,6,2,-1,-1,0
,2026-03-21,Sevilla,Valencia,0,2,A,0,2,A,13,9,2,4,1,3,13,6,2,1,0,0,2.3,3.2,3.3,4,-2,-2,7,1,0
,2026-03-21,Elche,Mallorca,2,1,H,0,0,D,13,11,4,4,2,2,12,11,2,2,0,0,2.1,3.3,3.6,2,0,0,1,0,0
,2026-03-21,Espanol,Getafe,1,2,A,0,2,A,15,10,5,5,12,9,14,20,2,7,0,0,2.35,3.0,3.4,5,0,3,-6,-5,0
,2026-03-22,Celta,Alaves,3,4,A,3,1,H,12,14,5,6,4,1,13,16,2,2,0,0,1.83,3.3,5.0,-2,-1,3,-3,0,0
,2026-03-22,Ath Bilbao,Betis,2,1,H,2,0,H,11,11,6,3,6,5,10,6,1,1,0,0,2.2,3.4,3.25,0,3,1,4,0,0
,2026-03-22,Barcelona,Vallecano,1,0,H,1,0,H,15,8,4,4,6,9,12,11,3,4,0,0,1.25,7.0,9.5,7,0,-3,1,-1,0
,2026-03-22,Real Madrid,Ath Madrid,3,2,H,0,1,A,17,13,10,7,4,1,2,15,1,4,1,0,1.95,4.0,3.5,4,3,3,-13,-3,1
